"country","year","sex","agf","total","e0","e1","e5","e10","e15","e20","e25","e30","e35","e40","e45","e50","e55","e60","e65","e70","e75","e80","e85p","e85","e90p","e90","e95p","e95","e100p"
"GBRTENW",1950,1,4,21015764.12,357952.57,1549616.38,1571520.74,1441845.14,1286036.38,1455707.42,1664948.28,1487695.23,1668809.46,1668372.99,1548334.12,1285838.73,1101870.57,949340.41,782618.74,593310.5,371917.98,167887.6,62140.88,51729.87,10411.01,9439.17,971.84,928.11,43.73
"GBRTENW",1951,1,4,21067137.44,342974.68,1540095.39,1655299.66,1431361.6,1346902.13,1411831.67,1615603.51,1529408.88,1622763.68,1661700.82,1560781.41,1327714.4,1095289.96,942904.25,779464.96,591405.13,376129.33,172324.75,63181.23,52484.29,10696.94,9718.6,978.34,931.71,46.63
"GBRTENW",1952,1,4,21160579.78,336671.16,1449957.88,1788029.43,1438547.51,1389061.05,1380803.52,1569727.51,1596284.44,1560854.81,1661007.46,1571728.66,1379757.71,1100209.67,946659.47,779226.5,590368.18,380133.88,176947.78,64603.16,53611.9,10991.26,10005.98,985.28,938.68,46.6
"GBRTENW",1953,1,4,21283936.37,341723.51,1388867.4,1858171.46,1470722.2,1417901.18,1371455.52,1533864.49,1665338.4,1486627.13,1653850.59,1589439.76,1428310.76,1113993.98,955397.42,782781.58,590396.76,384892.38,182969.92,67231.93,55698.69,11533.24,10533.63,999.61,952.97,46.64
"GBRTENW",1954,1,4,21406935.13,342562.01,1357434.88,1890474.16,1518196.67,1436193.71,1373156.4,1504230.52,1692448.98,1446478.2,1645593.23,1605530.74,1467333.76,1141564.49,963832.11,785045.07,590844.85,387049.17,189098.68,69867.5,57809.21,12058.29,11018.8,1039.49,994.25,45.24
"GBRTENW",1955,1,4,21519517.74,336620.67,1346240.39,1895520.8,1579121.74,1441504.34,1381929.97,1479013.77,1660527.88,1471533.54,1630291.03,1614314.99,1491688.59,1188022.33,971645.39,785410.15,592690.39,386697.91,194443.61,72300.25,59917.1,12383.15,11279.01,1104.14,1061.93,42.21
"GBRTENW",1956,1,4,21637591.72,345987.66,1340416.82,1872514.6,1664722.92,1433477.56,1399697.74,1455791.33,1608419.68,1532038.81,1596453.55,1618992.67,1506648.98,1242081.46,978915.84,788185.24,593563.25,386403.39,198768.35,74511.87,61870.33,12641.54,11465.47,1176.07,1141.09,34.98
"GBRTENW",1957,1,4,21768566.41,358622.57,1350030.35,1778116.01,1794347.07,1442315.43,1420699.64,1441960.88,1565895.53,1599265.16,1541800.43,1617567.16,1521116.03,1292253.88,988245.6,794231.34,594411.96,387061.78,203061.05,77564.54,64425.96,13138.58,11889.9,1248.68,1210.96,37.72
"GBRTENW",1958,1,4,21909248.33,370151.99,1368674.72,1723063.89,1859686.06,1475516.14,1439334.13,1439126.24,1535644.99,1662063.1,1475274.2,1611161.12,1536762.68,1338789.87,1002379.57,801196.83,596094.64,387380.63,205938.3,81009.23,67205.48,13803.75,12479.7,1324.05,1270.31,53.74
"GBRTENW",1959,1,4,22058067.81,379417,1398854.53,1691164.88,1890892.38,1524124.98,1448983.02,1440328.79,1513974.83,1682895.64,1443293.39,1604968.88,1549375.77,1376295.71,1028604.6,808028.33,597266.58,387842.98,207383.6,84371.92,69877.95,14493.97,13101.67,1392.3,1323.92,68.38
"GBRTENW",1960,1,4,22216375,386157.88,1442632.59,1673822.14,1894571.75,1587769.98,1446886.12,1443778.29,1501234.78,1649333.59,1472240.94,1591279.7,1556318.7,1400947.31,1068732.31,815002.11,598847.59,389270.79,209177.12,88371.31,72966.76,15404.55,13944.58,1459.97,1381.87,78.1
"GBRTENW",1961,1,4,22401593.48,403452.45,1483568.63,1680625.43,1874550.26,1668860.25,1441148.15,1447915.72,1497458.55,1602419.65,1529385.6,1564226.28,1559635.63,1418628.73,1112714.8,822225.03,602157.54,390399.6,210310.04,91911.14,75624.07,16287.07,14757.89,1529.18,1450.9,78.28
"GBRTENW",1962,1,4,22612097.95,416463.34,1530369.65,1709224.04,1791559.83,1787311.9,1457115.27,1458428.27,1497144.7,1570450.54,1587349.24,1523128.46,1561183.88,1435677.08,1153711.36,830297.46,606866.15,391573.57,210076.22,94166.99,77115.21,17051.78,15440.59,1611.19,1538.76,72.43
"GBRTENW",1963,1,4,22807823.87,425453.52,1576834.82,1746079.4,1741319.61,1849480.77,1488301.36,1475506.25,1488409.47,1547079.86,1643919.86,1461856.17,1561698.43,1453066.87,1195647,841587.32,612551.21,394938.49,208884.95,95208.51,77483.16,17725.35,16000.14,1725.21,1652.2,73.01
"GBRTENW",1964,1,4,22983963.65,429369.47,1619313.35,1787894.2,1709208.3,1884453.42,1527036.62,1489148.39,1471335.77,1526655.87,1668542.09,1419732.64,1560529.78,1468340.33,1234523.77,861811.06,618767.95,400849.01,209216.23,97235.4,78453.48,18781.92,16912.35,1869.57,1785.86,83.71
"GBRTENW",1965,1,4,23153876.76,431535,1661742.25,1831044.42,1691664,1891987.35,1579342.52,1499347.98,1460810.33,1511857.09,1639390.24,1439119.11,1550000.84,1477294.45,1260525.83,890898.5,623474.5,402574.33,210770.98,100497.04,80373.58,20123.46,18079.12,2044.34,1948.02,96.32
"GBRTENW",1966,1,4,23304735.66,427732.93,1690899.49,1877982.34,1691432.52,1877349.31,1654019.7,1498073.73,1460986.05,1500657.01,1592072.14,1492739.71,1520749.73,1478962.4,1276151.4,924280.15,626869.64,400044.6,211149.11,102583.7,81547.78,21035.92,18838.02,2197.9,2095.51,102.39
"GBRTENW",1967,1,4,23443861.58,422807.6,1701997.3,1929261.04,1711018.18,1796604.77,1773385.63,1503845.21,1464361.14,1487483.33,1554250.58,1548453.09,1470233.06,1476618.78,1291694.57,960638.32,632191.07,402152.8,212299.4,104565.71,82635.81,21929.9,19554.96,2374.94,2263.91,111.03
"GBRTENW",1968,1,4,23558978.81,411873.82,1699156.15,1980506.78,1743406.56,1746958.33,1838419.25,1522269.85,1472978.41,1468231.15,1524251.87,1603727.52,1401924.54,1473109.97,1308747.15,997565.24,639602.32,406509.34,213779.41,105961.15,83331.13,22630.02,20103.92,2526.1,2404.77,121.33
"GBRTENW",1969,1,4,23658527.25,408189.28,1677883.48,2024657.79,1783970.63,1720208.27,1875373.26,1549517.68,1481688.04,1447057.44,1500452.99,1627726.73,1357401.76,1468318.02,1323016.12,1029488.42,652148.63,409070.02,215283.17,107075.52,83890.13,23185.39,20511.66,2673.73,2543.97,129.76
"GBRTENW",1970,1,4,23756881.08,395196.58,1652593.11,2061580.35,1827926.96,1707504.89,1894024.69,1592230.32,1484668.82,1431906.6,1481804.06,1597150.3,1375285.83,1457105.87,1332066.09,1054180.56,673550.9,412094.84,217011.65,108998.66,84935.53,24063.13,21189.39,2873.74,2728.45,145.29
"GBRTENW",1971,1,4,23883183.36,398200.28,1623237.05,2081276.28,1876187.06,1712714.12,1892042.48,1662436.78,1476212.92,1425982.9,1467579.5,1550963.34,1427501.89,1431605.24,1335731.87,1074260.25,701311.78,415997.65,219131.76,110810.21,85904.99,24905.22,21847.8,3057.42,2895.33,162.09
"GBRTENW",1972,1,4,23985677.97,376270.79,1598592.55,2092915.67,1927156.78,1731195.79,1815061.95,1783187.66,1478923.22,1429534.18,1455007.44,1516594.2,1485302.94,1384553.3,1335917.41,1091526.38,730795.27,419988.25,221231.5,111922.69,86395.95,25526.74,22330.35,3196.39,3033.28,163.11
"GBRTENW",1973,1,4,24047863.89,354433.83,1559922.16,2086342.46,1978023.58,1753538.81,1766956.56,1848291.56,1500458.81,1443989.48,1439929.45,1489797.61,1545603.67,1318842.81,1334533.64,1107110.47,760351.46,424331.08,222712.61,112693.84,86784.12,25909.72,22637.54,3272.18,3103.82,168.36
"GBRTENW",1974,1,4,24075784.83,331109.11,1504689.39,2064078.72,2025469.58,1786003.85,1740419.89,1881577.51,1532412.81,1457600.45,1422981.58,1468599.11,1573670.71,1277697.02,1331293.37,1120950.43,787347.06,432424.64,223563.01,113896.59,87700.22,26196.37,22859.1,3337.27,3153.6,183.67
"GBRTENW",1975,1,4,24087332.3,315547.69,1440514.03,2025454.45,2068212.34,1829353.45,1725563.24,1895421.06,1575624.44,1460709.78,1409430.81,1451777.86,1545369.5,1297016.89,1321709.04,1130609.53,809074.4,446562.69,224640.02,114741.08,88301.06,26440.02,23007.92,3432.1,3225.48,206.62
"GBRTENW",1976,1,4,24085916.7,300638.23,1358294.77,1995760.75,2090303.18,1879497.27,1729854.25,1887820.1,1642196.13,1447791.62,1402258,1437504.05,1498690.59,1347234.49,1299061.09,1135478.01,827110.3,465375.9,225953.47,115094.5,88582.18,26512.32,22984.83,3527.49,3303.81,223.68
"GBRTENW",1977,1,4,24073605.46,289511.71,1283844.6,1948265.03,2098259.69,1931355.25,1748290.54,1805657.86,1759414.74,1447592.77,1404484.68,1423759.24,1463049.71,1401590.92,1255920.83,1137990.21,843674.06,486635.45,228131.63,116176.54,89501.03,26675.51,23055.89,3619.62,3390.49,229.13
"GBRTENW",1978,1,4,24075476.6,294813.12,1222282.95,1890299.94,2087156.13,1984379.33,1771026.27,1754389.13,1824682.35,1470250.78,1418540.52,1409254.23,1436904.88,1457869.35,1195608.56,1139982.64,859412.2,508766.71,231524.43,118333.08,91108.25,27224.83,23510.07,3714.76,3478.8,235.96
"GBRTENW",1979,1,4,24108887.14,316574.84,1189456.22,1814884.75,2063778.93,2037049.24,1803881.81,1726361.69,1859385.51,1506332.52,1432402.93,1394733.14,1418207.3,1483879.16,1160265.09,1140870.92,874275.23,529812.09,236892.03,119843.74,92049.56,27794.18,23998.42,3795.76,3550.79,244.97
"GBRTENW",1980,1,4,24142728.92,325308.97,1192356.7,1737245.22,2024568.72,2086189.99,1846070.72,1707146.68,1871087.03,1551996.17,1435764.83,1381923.75,1404656.41,1458079.68,1181133.48,1136491.72,886750.35,548272.12,246394.52,121291.86,92995.91,28295.95,24390.54,3905.41,3642.6,262.81
"GBRTENW",1981,1,4,24145359.87,323892.45,1217114.18,1643012.23,1991509.86,2113031.27,1890295.31,1699382.68,1856938.13,1615327.02,1423215.4,1372864.14,1393468.14,1416457.47,1228444.56,1119693.05,894767.54,564041.97,258494.08,123410.39,94490.74,28919.65,24924.46,3995.19,3721.7,273.49
"GBRTENW",1982,1,4,24128079.61,319436.26,1250208.36,1561231.86,1939248.69,2121706.47,1932698.79,1703680.5,1769598.63,1726710.95,1424543.15,1373081.1,1381429.34,1386118.65,1279665.82,1083756.32,899644.98,578180.1,271522.8,125616.84,95958.24,29658.6,25573.22,4085.38,3796.77,288.61
"GBRTENW",1983,1,4,24136665.01,319233.79,1274921.57,1507790.65,1877767.9,2102900.6,1982465.95,1722613.79,1716693.37,1790215.65,1448028.81,1386089.81,1367100.19,1364779.31,1333200.95,1033292.09,903959.71,592051.56,285443.27,128116.04,97637.88,30478.16,26251.72,4226.44,3905.76,320.68
"GBRTENW",1984,1,4,24181138.05,320666.88,1280492.11,1499879.1,1802593.21,2066334.6,2036833.91,1760924.81,1690881.63,1827256.04,1483237.93,1399574.19,1352877.85,1349824.33,1359061,1005591.72,907698.34,605308.58,299821.6,132280.22,101023.37,31256.85,26839.63,4417.22,4075.77,341.45
"GBRTENW",1985,1,4,24243607.22,331923.81,1280347.94,1516497.37,1731155.1,2017899.05,2081826.97,1808694.89,1677789.79,1844036.44,1530013.4,1404236.62,1342116.31,1338519.09,1338473.81,1027542.16,907085.17,616148.08,311457.97,137843.25,106024,31819.25,27242.98,4576.27,4221.87,354.4
"GBRTENW",1986,1,4,24301816.29,335520.94,1292064.17,1546105.88,1646336.86,1982424.74,2098165.24,1862485.47,1680629.51,1837963.21,1598201.71,1394951,1335877.31,1328444.87,1303328.33,1072784.6,895987.35,624799.09,321714.2,144031.81,111687.34,32344.47,27636.64,4707.83,4333,374.83
"GBRTENW",1987,1,4,24361024.11,340784.24,1308745.36,1581103.79,1571247.65,1934239.8,2096343.55,1918573.34,1696619.21,1758809.89,1715065.09,1398677.91,1337494.95,1317804.35,1277224.09,1120704.94,868718.99,633375.81,333352.2,152138.95,118768.78,33370.17,28441.99,4928.18,4534.42,393.76
"GBRTENW",1988,1,4,24429683.71,349057.83,1329282.49,1609465.78,1520786.83,1878965.31,2075060.93,1971034.21,1719342.51,1708153.98,1780930.84,1423006.21,1350857.25,1306014.13,1259514.82,1169215.24,829853.93,642032.7,345462.97,161645.75,126894.28,34751.47,29589.65,5161.82,4747.55,414.27
"GBRTENW",1989,1,4,24505027.43,347357.55,1356635.51,1617134.41,1513461.2,1809420.45,2046119.67,2017645.73,1752680.76,1680344.74,1816997.51,1458304.94,1364446.65,1294818.43,1248341.53,1193109.27,811513.53,649506.53,356519.04,170669.98,134415.82,36254.16,30944.64,5309.52,4875.87,433.65
"GBRTENW",1990,1,4,24589560.13,349415.96,1371087.29,1627089.68,1528982.94,1744476.98,2004917.75,2056913.83,1795336.1,1665311.51,1833077.11,1504686.7,1369166.37,1286328.06,1240568.75,1177165.94,835931.72,653246.86,366339.18,179517.4,141165.4,38352,32920.43,5431.57,4990.06,441.51
"GBRTENW",1991,1,4,24671262.06,355806.28,1384279.21,1639978.6,1556516.86,1661436.88,1970961.36,2070259.71,1845947.55,1667188.11,1826887.04,1572453.57,1360848.9,1282180.26,1234147.18,1150056.35,878743.04,649544.76,375118.13,188908.27,147934.48,40973.79,35418.72,5555.07,5105.87,449.2
"GBRTENW",1992,1,4,24735331.76,353923.65,1397950.93,1659418.66,1589006.04,1579573.93,1923645.49,2067201.08,1896921.79,1683398.21,1747009.95,1688902.34,1365917.37,1286419.7,1227361.69,1131262.01,921455.12,633601.22,383501.33,198861.25,154979.53,43881.72,38125.03,5756.69,5295.71,460.98
"GBRTENW",1993,1,4,24786783.67,343603.34,1401308.34,1686090.21,1615512.13,1520783.73,1869570.61,2048616.5,1942526,1706958.39,1695433.29,1755452.97,1390638.97,1301898.74,1219232.88,1118582.09,962713.89,608163.63,391197.89,208500.07,161799.01,46701.06,40740.05,5961.01,5490.12,470.89
"GBRTENW",1994,1,4,24855513.71,342186.69,1397116.66,1709665.26,1623031.08,1507631.33,1800623.36,2026006.86,1983758.26,1740620.49,1667558.67,1792115.37,1426276.43,1317002.36,1211718.54,1111116.56,983694.79,598601.74,398606.05,218183.21,168540.1,49643.11,43398.06,6245.05,5762.13,482.92
"GBRTENW",1995,1,4,24937716.71,333006.56,1389873.59,1725328.22,1633582.4,1518751.14,1735839.97,1993691.77,2024734.59,1782759.28,1653505.01,1806973.64,1474328.35,1323892.72,1207247.41,1107485.93,973682.89,622341.6,403216.97,227474.67,174891.56,52583.11,45867.99,6715.12,6215.82,499.3
"GBRTENW",1996,1,4,25020804.92,327477.49,1367096.58,1745334.1,1647065.81,1543539.4,1656473.05,1968806.73,2049077,1831371.83,1657512.82,1800655.81,1542213.83,1317938.97,1207329.5,1105759.57,955336.76,659605.76,402678.79,235531.12,180221.4,55309.72,48157.06,7152.66,6662.25,490.41
"GBRTENW",1997,1,4,25107192.41,331916.26,1340980.51,1757544.33,1668712.93,1574721.03,1584637.8,1928878.33,2059489.31,1880695.35,1676760.82,1725245.47,1655928.13,1323466.96,1215170.2,1104318.5,944492.99,695788.9,394378.47,244066.12,185651.13,58414.99,50786.64,7628.35,7138.5,489.85
"GBRTENW",1998,1,4,25197902.42,324690.03,1330484.31,1750894.66,1698189.13,1601821.99,1537449.11,1885655.18,2054078.51,1927422.12,1704137.69,1677196.08,1722228.35,1347602.22,1233011.6,1102139.13,939431.08,728995.88,379486.71,252988.64,191180.23,61808.41,53580.13,8228.28,7708.62,519.66
"GBRTENW",1999,1,4,25301928.02,318954.11,1314772.84,1743881.6,1722574.2,1611983.98,1532542.53,1835831.23,2045572.95,1971818.21,1740818.86,1651562.09,1759910.35,1383175.62,1249989.09,1100063.99,938570.51,746168.68,372048.79,261688.39,196580.84,65107.55,56293.23,8814.32,8264.47,549.85
"GBRTENW",2000,1,4,25421191.98,310529.46,1300010.11,1724314.01,1737645.05,1628075.31,1548797.64,1794993.8,2026780.08,2017371.39,1782898.92,1639807.62,1773121.94,1431761.96,1258698.84,1100863.64,941365.35,742732.83,392270.86,269153.17,200883.65,68269.52,58911.21,9358.31,8759.48,598.83
"GBRTENW",2001,1,4,25554103.53,304060.21,1281740,1695963,1756245.02,1653794.24,1577382.33,1740494.15,2013435.43,2049395.12,1831994.81,1643774.32,1765344.72,1498347.84,1253883.5,1106179.09,946283.75,735103.74,425760.21,274922.05,203148.61,71773.44,61736.35,10037.09,9368.65,668.44
"GBRTENW",2002,1,4,25688660.77,302883.21,1256750.88,1680460.52,1767073.61,1688278.26,1613612.5,1691147.05,1982882.51,2070975.32,1885067,1661956.6,1693365.39,1607369.57,1258582.83,1116500.89,950594.91,732374.97,452779.92,276004.83,200645.3,75359.53,64632.67,10726.86,10014.63,712.23
"GBRTENW",2003,1,4,25833473.05,312050.66,1240085.01,1671172.37,1761365.86,1719990.29,1658124.03,1657052.75,1947983.26,2074567.06,1932185.77,1691686.74,1646253.14,1670072.36,1280638.19,1132984.24,952923.03,733532.43,477688.63,273117.23,194460.18,78657.05,67230.47,11426.58,10691.92,734.66
"GBRTENW",2004,1,4,26006165.98,321223.28,1236172.72,1656584.18,1758265.4,1738226.51,1701533.82,1662966.28,1903628.25,2069352.87,1974286.42,1731352.34,1619531.91,1705470.27,1313615.78,1147431.14,955011.08,738694.23,496816.34,276003.16,193610.28,82392.88,70133.41,12259.47,11453.07,806.4
"GBRTENW",2005,1,4,26209062.75,328322.04,1245368.4,1639236.07,1746505.27,1750327.08,1745235.08,1698407.23,1865809.19,2050659.13,2019710.6,1775100.14,1608429.7,1719185.69,1358946.81,1154067.21,959501.84,747414.87,501647.4,295189,209326.76,85862.24,72810.41,13051.83,12140.29,911.54
"GBRTENW",2006,1,4,26424560.79,336127.42,1266303.71,1618142.87,1727108.77,1776251.27,1778904.24,1750658.22,1813330.85,2039178.59,2049603.79,1822980.64,1614819.96,1712347.68,1421750.05,1148887.39,967640.61,758096.29,501679.55,320748.89,232342.25,88406.64,74447.57,13959.07,12939.22,1019.85
"GBRTENW",2007,1,4,26654460.84,347199.71,1298817.88,1590219.15,1716722.85,1798854.69,1809903.12,1811113.92,1770595.33,2014458.26,2066454.65,1870813.26,1637365.41,1641031.78,1527472.32,1155533.54,981421.22,768827.31,507208.73,340447.71,251033.74,89413.97,74454.84,14959.13,13860.57,1098.56
"GBRTENW",2008,1,4,26891257.47,358232.91,1335001.91,1576667.91,1708692.42,1803426.84,1829605.4,1863705.95,1753021.4,1983963.65,2069428.21,1916779.65,1670144.03,1597337.28,1590733,1181703.04,1002497.08,778108.67,515669.82,356538.3,267608.19,88930.11,73157.47,15772.64,14631.21,1141.43
"GBRTENW",2009,1,4,27120204.9,357643,1373606.24,1575247.15,1695654.35,1811441.71,1842729.6,1882842.07,1773329.26,1938816.72,2065072.49,1961212.09,1709801.83,1576270.1,1628460.97,1219296.65,1021544.64,787209.62,527786.48,372239.93,281099.37,91140.56,74423.82,16716.74,15495.83,1220.91
"GBRTENW",2010,1,4,27367286.43,362064.36,1403587.21,1587845.22,1681300.91,1811018.04,1871703.89,1898592.82,1807424.54,1898552,2042297.32,2005790.63,1751329.82,1568910.56,1646240.09,1267652.99,1032180.16,798276.07,543243.36,389276.44,288076.88,101199.56,83488.38,17711.18,16379.79,1331.39
"GBRTENW",2011,1,4,27619020.91,368654.22,1429338.88,1617343.12,1660765.56,1797591.48,1916165.67,1912694.81,1847258.7,1843652.03,2026903.66,2032608.12,1798574.7,1578810.74,1643021.34,1333761.54,1031832.64,811798.2,560402.78,407842.72,293664.33,114178.39,95644.98,18533.41,17079.14,1454.27
"GBRTENW",2012,1,4,27842704.28,371289.26,1454072.84,1664905.37,1629378.78,1784640.54,1941221.98,1922998.63,1886351.32,1795986.54,2001740.66,2045574.13,1850089.21,1602805.58,1576679.95,1442147.77,1042662.3,829196.29,575926.79,425036.34,301643.88,123392.46,104695.69,18696.77,17107.85,1588.92
"GBRTENW",2013,1,4,28057280.57,365614.28,1473787.67,1718722.54,1611749.22,1771070.49,1941627.48,1939066.33,1919054.54,1768949.69,1973897.2,2045353.51,1899047.25,1633927.92,1537734.73,1505682.88,1071153.36,852316.39,588049.33,440475.76,310294.81,130180.95,111709.49,18471.46,16791.89,1679.57
"GBRTENW",2014,1,4,28296012.17,359435.63,1489017.5,1764993.5,1608947.56,1755649.16,1946802.58,1962157.89,1932631.16,1781772.77,1933480.69,2042187.21,1943777.02,1673710.43,1520315.22,1541808.73,1109430.48,872612.19,599229.27,458053.18,321129.95,136923.23,117638.39,19284.84,17489.49,1795.35
"GBRTENW",2015,1,4,28556771.68,357637.76,1492235.22,1808532.68,1624739.88,1742730.52,1944068.44,1988008.9,1948863.03,1814769.05,1896926.75,2027789.4,1988808.53,1718515.3,1515866.88,1559569.29,1156770.76,883901.37,610605.28,476432.64,333201.85,143230.79,121157.9,22072.89,20207.22,1865.67
"GBRTENW",2016,1,4,28808694.13,358671.78,1483949.26,1849315.06,1659456.09,1725106.03,1929748.42,2021266.59,1961029.46,1856975.54,1844670.2,2022794.71,2017973.84,1768669.96,1528622.52,1557571.03,1220215.18,885079.94,622526.72,495051.8,345648.4,149403.4,124214.03,25189.37,23349.31,1840.06
"GBRTENW",2017,1,4,29020227.88,351501.94,1472073.61,1881238.72,1710570.03,1696068.18,1920057.04,2041117.96,1970345.45,1899241.74,1799490.03,2003252.28,2034349,1820861.92,1554529,1495932.36,1323069.37,896298.57,637652.41,512578.27,357133.09,155445.18,128349.04,27096.14,25286.12,1810.02
"GBRTENW",2018,1,4,29205562.99,343416.35,1458252.94,1896689.57,1765809.36,1680951.75,1912191.68,2038626.91,1984337.11,1931234.68,1774083.38,1976299.54,2036772.68,1869412.29,1586058.72,1459927.72,1383390.9,923365.67,657168.55,527573.19,366165.32,161407.87,132981.92,28425.95,26641.73,1784.22
"GBRTENW",2019,1,4,29379743.98,334028.74,1442232.56,1906089.08,1811684.77,1679588.43,1901646.76,2039047.12,2000156.96,1937895.33,1786044.34,1934677.58,2034026.62,1913769.18,1623887.33,1443385.15,1416722.69,958076.94,673261.7,543522.7,374372.54,169150.16,139185.38,29964.78,28040.39,1924.39
"GBRTENW",2020,1,4,29508765.01,327443.92,1427775.43,1908214.72,1844815.1,1686427.39,1898945.37,2035194.13,2008667.61,1942899.19,1805022.93,1910094.57,2019388.61,1951190.72,1652991.73,1435042.54,1431757.93,986249.67,681466.96,555176.49,379248.51,175927.98,144759.28,31168.7,28874.42,2294.28
"GBRTENW",1950,2,4,22668187.54,339681.85,1475484.54,1505334.8,1391665.72,1386710.77,1501937,1699355.64,1530905.35,1710523.65,1705880.84,1609258.94,1479569.06,1326171,1191334.94,1034266.17,816499.88,536069.07,287041.8,140496.52,109861.64,30634.88,26710.69,3924.19,3689.23,234.96
"GBRTENW",1951,2,4,22780697.91,325614.48,1467805.35,1583444.86,1385648.28,1371119.69,1491074.94,1643662.82,1576966.46,1679318.29,1708463.9,1621694.23,1504126.33,1339837.53,1205444.47,1048108.4,835966.32,554274.53,294196.35,143930.68,112249.05,31681.63,27573.82,4107.81,3854.88,252.93
"GBRTENW",1952,2,4,22874123.46,320197.47,1381536.75,1709012.57,1397521.03,1368069.8,1472209.17,1592216.74,1640925.1,1620626.9,1710486.08,1634171.47,1525556.3,1352343.97,1217760.39,1058256.84,848722.7,573532.51,302430.49,148547.18,115638.6,32908.58,28651.14,4257.44,3988.05,269.39
"GBRTENW",1953,2,4,22979321.31,324654.84,1323269.13,1774654.72,1429619.65,1384562.3,1447350.08,1554222.4,1703819.16,1543968.92,1706181.25,1651830.58,1545244.49,1367562.41,1229219.45,1071606.03,859739.57,592612.85,313841.42,155362.06,120569.69,34792.37,30273.65,4518.72,4236.77,281.95
"GBRTENW",1954,2,4,23082516.42,324890.28,1293350.75,1804185.51,1472910.3,1405154.56,1421521.7,1525729.54,1723537.57,1498725.01,1702889.99,1665606.16,1564572.28,1387321.19,1242239.41,1082402.29,870856.98,607333.41,327129,162160.49,125444.88,36715.61,31890.23,4825.38,4528.74,296.64
"GBRTENW",1955,2,4,23174167.93,319121.92,1282077.06,1808125.97,1527103.27,1417805.22,1400404.81,1503754.88,1683671.35,1517524.69,1691750.47,1672892.88,1577517.21,1415546.06,1255809.02,1089393.3,882601.69,619797.62,340578.88,168691.63,130292.96,38398.67,33328.3,5070.37,4758.39,311.98
"GBRTENW",1956,2,4,23269267.34,328198.18,1275765.14,1785401.93,1603781.87,1418207.37,1388983.85,1484579.91,1624160.24,1571855.04,1659244.76,1678436.16,1588064.25,1442848.06,1268765.09,1098459.06,892691.22,631822.76,353404.25,174598.2,134794.25,39803.95,34520.63,5283.32,4949.59,333.73
"GBRTENW",1957,2,4,23378319.63,340011.64,1283978.5,1694654.35,1721865.85,1432644.45,1392776.33,1466023.01,1575579.01,1632154.82,1603146.28,1679475.98,1602525.73,1462858.51,1283721.43,1109962.54,903916.24,643298.57,367298.05,182428.34,140708.23,41720.11,36058.03,5662.08,5284.83,377.25
"GBRTENW",1958,2,4,23496112.3,350584.57,1300604.54,1641839.76,1779232.12,1464115.07,1413133.07,1445872.6,1539831.2,1687750.86,1531689.26,1677184.45,1617225.56,1483582.3,1300068.85,1121841.99,916816.03,653673.36,379810.46,191256.25,147399.99,43856.26,37799.93,6056.33,5640.13,416.2
"GBRTENW",1959,2,4,23618217.53,358824.21,1328017.84,1611321.98,1805696.81,1503622.76,1435375.82,1426075.43,1512634.76,1701165.16,1492064.87,1675284.81,1628295.5,1504090.17,1319549.99,1134682.74,927872.21,663019.34,390548.35,200074.78,154352.75,45722.03,39348.16,6373.87,5932.24,441.63
"GBRTENW",1960,2,4,23747909.04,364637.18,1368058.34,1594222.1,1807404.97,1554445.8,1448976.25,1412088.78,1491778.65,1660288.95,1512675.91,1663461.87,1635375.46,1522456.89,1340436.83,1149146.63,936864.11,673155.82,402222.82,210211.68,162150.99,48060.69,41279.81,6780.88,6320.49,460.39
"GBRTENW",1961,2,4,23892579.61,381647.9,1404650.89,1596538.88,1787506.29,1621325.98,1450380.81,1407198.26,1477836.12,1606968.92,1562001.84,1633155.83,1639601.77,1539397.45,1360021.85,1162292.84,945180.08,684016.75,412832.06,220025.09,169650.28,50374.81,43282.85,7091.96,6607.62,484.34
"GBRTENW",1962,2,4,24050035.54,396025.57,1448169.27,1615125.55,1706833.85,1723973.45,1462934.51,1413379.1,1468708.94,1568924.94,1613094,1584414.52,1640153.92,1554974.96,1380538.57,1173823.75,952824.49,696284.89,421069.25,228782.01,176253.38,52528.63,45218.83,7309.8,6791,518.8
"GBRTENW",1963,2,4,24211679.19,406747.47,1495823.51,1642160.84,1656644.62,1776459.48,1488452.54,1429988.43,1452478.07,1540052.2,1667944.4,1514972.42,1638738.25,1570076.32,1406770.01,1186986.88,961509.99,711399.61,428148.56,236325.59,181518.19,54807.4,47220.16,7587.24,7032.88,554.36
"GBRTENW",1964,2,4,24373503.55,411156.94,1543133.87,1677386.55,1623283.92,1804292.99,1519995.38,1447549.14,1428853.64,1516002.68,1692668.74,1466872.35,1635592.82,1583249.46,1433821.4,1205903.3,972332.76,728163.75,436902.61,246341.25,188051.42,58289.83,50263.27,8026.56,7416.12,610.44
"GBRTENW",1965,2,4,24537522.98,413464,1588381.81,1718427.64,1602554.47,1812452.87,1564222.25,1460767.88,1411378.53,1497429.06,1658747.79,1481750.88,1624765.46,1591203.98,1453073.85,1229072.89,986041.47,737547.53,446917.18,259323.44,196558.53,62764.91,54026.32,8738.59,8047.64,690.95
"GBRTENW",1966,2,4,24687291.78,409495.94,1617629.57,1769667.83,1596474.62,1807157.83,1631893.69,1459990.65,1403703.98,1479028.66,1604702.65,1532097.44,1598038.63,1593300.25,1466074.73,1251000.92,1001437.05,739661.2,454886.08,271050.06,204118.35,66931.71,57454.67,9477.04,8724.59,752.45
"GBRTENW",1967,2,4,24831324.74,405252.34,1630981.88,1829207.26,1607888.25,1731325,1747903.91,1465909.23,1403379.41,1459529.7,1561829.3,1588630.67,1547751.36,1590851.33,1479543.35,1273128.03,1016401.74,745873.11,463009.1,282929.77,211620.88,71308.89,61024.66,10284.23,9468.86,815.37
"GBRTENW",1968,2,4,24961465.42,396534.67,1634358.33,1887485.73,1631818.6,1679101.76,1814553.9,1485373.07,1412623.83,1438803.47,1528530.53,1646733.25,1475897.4,1586449.04,1494073.41,1298583.11,1030971.85,755058.08,471459.7,293055.69,218170.28,74885.41,63845.41,11040,10161.04,878.96
"GBRTENW",1969,2,4,25071940.15,392120.35,1620508.49,1937418.15,1665614.08,1648647.33,1850969.31,1513038.1,1423954.89,1415779.42,1502856.55,1670881.72,1428121.99,1580755.69,1505469.38,1321757.99,1048414.55,763296.14,480056.74,302279.28,224002.19,78277.09,66503.48,11773.61,10868.19,905.42
"GBRTENW",1970,2,4,25159219.26,376125.23,1591831.45,1973679.39,1710588.5,1632932.08,1865241.19,1555031.59,1430261.97,1395028.56,1482632,1635147.05,1445038.28,1568371.93,1512143.98,1338352.06,1071194.95,775023.52,487864.85,312730.68,230156.96,82573.72,69952.11,12621.61,11661.31,960.3
"GBRTENW",1971,2,4,25253605.39,377448.38,1548674.8,1983073.18,1768204.16,1633816.58,1858003.7,1622906.56,1424734.45,1383129.57,1464506.97,1579405.56,1497159.19,1541920.54,1513865.99,1352131.82,1095504.97,790023.58,496264.45,322830.94,235911.78,86919.16,73346.51,13572.65,12516.57,1056.08
"GBRTENW",1972,2,4,25334220.17,356401.62,1517385.61,1986546.69,1826941.48,1648071.89,1776896.7,1742249.16,1431890.62,1383355.56,1445608.91,1536583.95,1553597.19,1494428.98,1510970.18,1366075.31,1116635.33,803264.03,505578.02,331738.94,241061.73,90677.21,76232.02,14445.19,13279.17,1166.02
"GBRTENW",1973,2,4,25384709.76,334668.14,1479654.15,1979945.44,1878851.14,1669996.33,1722935.58,1809290.38,1456668.05,1396100.21,1423781.76,1504085.7,1611199.24,1426146.87,1506865.2,1379180.52,1137116.13,814634.4,514010.17,339580.35,245740.69,93839.66,78804.67,15034.99,13763.26,1271.73
"GBRTENW",1974,2,4,25393967.75,312541.57,1424933.33,1960032.82,1922902.32,1703085.53,1690289.72,1842401.62,1487594.83,1409103.5,1399308.34,1478936.97,1634121.42,1380747.89,1503000.58,1388977.9,1157020.57,829286.77,521725.86,347956.21,251022.14,96934.07,81265.08,15668.99,14334.85,1334.14
"GBRTENW",1975,2,4,25386091.92,298560.78,1362522.82,1922434.29,1961326.77,1746483.21,1670385.78,1854372.25,1529672.87,1413896.02,1378007.5,1459238.04,1596822.25,1397982.99,1493265.54,1393478.57,1172114.47,848516.06,531384.3,355627.41,255715.81,99911.6,83397.07,16514.53,15120.75,1393.78
"GBRTENW",1976,2,4,25376454.92,284724.91,1284543.65,1892045.2,1979772.06,1798512.6,1669209.18,1848461.21,1597481.29,1405667.15,1366034.61,1441789.63,1540836.85,1448531.19,1469144.28,1393833.67,1184183.92,868516.6,541061.88,362105.04,259932.15,102172.89,84909.19,17263.7,15750.97,1512.73
"GBRTENW",1977,2,4,25370736.93,274302.54,1214823.63,1846029.5,1984953.53,1853243.94,1684643.92,1771843.01,1716218.04,1410959.8,1366160.34,1423966.96,1498765.13,1502922.07,1423219.47,1392788.02,1197471.5,888097.58,549918.57,370409.38,265687.89,104721.49,86733.87,17987.62,16375.97,1611.65
"GBRTENW",1978,2,4,25379393.44,279289.49,1158073.55,1789461.39,1974971.96,1904521.18,1708056.96,1722540.67,1784464.81,1436668.49,1380031.64,1404088.34,1467817.67,1558200.82,1357459.32,1392029.54,1211276.94,908977.15,559961.28,381502.24,272902.73,108599.51,89741.92,18857.59,17185.81,1671.78
"GBRTENW",1979,2,4,25407858.72,299791,1128067.24,1716212.58,1955470.93,1950089.95,1742744.5,1693558.65,1823091.8,1472868.87,1396065.56,1382840.44,1445770.05,1580319.66,1314910.9,1391318.75,1222296.34,929179.93,571619.81,391641.76,279141.68,112500.08,92805.3,19694.78,17920.05,1774.73
"GBRTENW",1980,2,4,25444608.62,308722.98,1130730.5,1643222.16,1919701.73,1992014.53,1789501.62,1675255.34,1840649.4,1520130.15,1403692.61,1365236.5,1429786.16,1544676.81,1332343.37,1384181.63,1229392.5,945863.51,587021.72,402485.4,286417.21,116068.19,95488.06,20580.13,18696.84,1883.29
"GBRTENW",1981,2,4,25465581.91,308189.44,1154414.86,1555148.64,1888925.31,2012998.75,1843142.61,1671274.84,1833751.73,1588665.67,1396283.42,1355104.97,1415073.71,1490264.91,1380353.22,1361046.39,1232708.93,959491.57,603559.61,415183.33,294957.46,120225.87,98670.8,21555.07,19577.42,1977.65
"GBRTENW",1982,2,4,25467669.13,303952.59,1187315.84,1478349.53,1840918.82,2017532.46,1896280.95,1679287.07,1751832.45,1706717.22,1400261.12,1354983.86,1398721.35,1449556.91,1431886.8,1316280.26,1233142.51,972946.3,620100.31,427602.78,302793.24,124809.54,102272.15,22537.39,20391.64,2145.75
"GBRTENW",1983,2,4,25483783.35,303798.62,1212541.33,1428462.78,1783306.94,2002852.47,1948732.87,1698519.99,1698450.45,1776559.69,1423687.1,1367753.23,1379668.74,1421017.56,1484828.88,1254757.22,1233003.56,987640.14,637967.35,440234.43,310593.19,129641.24,106018.82,23622.42,21278.17,2344.25
"GBRTENW",1984,2,4,25528743.03,305573.8,1219291.89,1421795.24,1711736.04,1976417.11,1998721.37,1736066.25,1669331.4,1818314.05,1458727.2,1382327.64,1359202.92,1401765.42,1506299.26,1217203.3,1232936.19,1000642.54,656669.05,455722.36,320766.23,134956.13,110026.97,24929.16,22405.25,2523.91
"GBRTENW",1985,2,4,25599557.52,316112.69,1220056.73,1439007.67,1643656,1935872.53,2044913.37,1787293.88,1655396.36,1839579.46,1507103.81,1388595.76,1341932.87,1388462.38,1473834.36,1236476.87,1227874.16,1008894.22,672266.49,472227.91,332213.67,140014.24,113949.44,26064.8,23410.05,2654.75
"GBRTENW",1986,2,4,25673524.95,319456.81,1231422.1,1469247.84,1562469.56,1904063.81,2067171.67,1847739.47,1661415.06,1837835.93,1578290.54,1381014.77,1331945.17,1376073.96,1424651.28,1283833.79,1209575.38,1013086.31,685909.01,488322.49,343405.59,144916.9,117715.24,27201.66,24389.75,2811.91
"GBRTENW",1987,2,4,25744331.17,325251.38,1247857.65,1504695.16,1491544.82,1857232.44,2066921.28,1909251.56,1682998.05,1762263.39,1699379.1,1386256.62,1332404.1,1361175.35,1387497.77,1333800.71,1171814.69,1015698.33,700437.67,507851.1,356742.47,151108.63,122455.15,28653.48,25632.8,3020.68
"GBRTENW",1988,2,4,25817859.6,333743.34,1268716.21,1533877.49,1444779.29,1801673.23,2046241.32,1964769.16,1711902.58,1713043.51,1771470.7,1411333.73,1345747.32,1343195.96,1360620.77,1384295.47,1118724.86,1018909.23,715674.56,529140.87,371169.22,157971.65,127829.48,30142.17,26936.47,3205.7
"GBRTENW",1989,2,4,25888715.52,332412.07,1296216.42,1543236.78,1438725.6,1731788.79,2017270.35,2012761.42,1751458.49,1684830.69,1813701.77,1447652.54,1360463.06,1323505.36,1342304.52,1404616.36,1087410.75,1022737.45,728752.08,548871.02,384415.59,164455.43,133023.31,31432.12,28095.29,3336.83
"GBRTENW",1990,2,4,25967901.53,335015.43,1311717.77,1553653.66,1454999.71,1665286.22,1973759.92,2056633.84,1800403.75,1670221,1834677.47,1496924.33,1366743.69,1306203.1,1329823.64,1374296.42,1107668.18,1022232.89,738513.51,569127,396896.44,172230.56,139382.6,32847.96,29399.94,3448.02
"GBRTENW",1991,2,4,26057073.47,340961.64,1326355.42,1566339.72,1483726.66,1585303.52,1939492.33,2078162.95,1855829.63,1675151.5,1833246.51,1568500.37,1360344.32,1296884.69,1318762.6,1329345.02,1152363.98,1010413.34,745832.86,590056.41,409167.18,180889.23,146455.85,34433.38,30800.93,3632.45
"GBRTENW",1992,2,4,26132088.93,337523.8,1340283.95,1585890.61,1517532.17,1513898.36,1892806.25,2078678.73,1909880.02,1696122.34,1758235.43,1689253.68,1367937.52,1299666.96,1305887.82,1296463.19,1198248.27,981042.87,751671.25,611065.71,420848.43,190217.28,153974.26,36243.02,32344.47,3898.55
"GBRTENW",1993,2,4,26190342.33,326442.63,1342133.12,1612172.19,1545388.32,1465396.28,1839161.37,2061438.89,1959302.19,1724994.74,1710246.62,1761155,1394901.42,1315502.09,1290541.16,1272999.77,1243591.73,937764.1,756462.36,630748.35,431727.6,199020.75,161116.48,37904.27,33776.56,4127.71
"GBRTENW",1994,2,4,26257552.75,324766.43,1335350.84,1635117.69,1553686.68,1458271.51,1772798.25,2040147.84,2004710.25,1762187.95,1684350.38,1802404.04,1432356.06,1332284.32,1274168.86,1257616.61,1262234.55,913576.88,762026.43,649497.18,441968.3,207528.88,167867.38,39661.5,35372.34,4289.16
"GBRTENW",1995,2,4,26320193.57,316013.05,1324987.05,1650339.08,1562511.83,1473518.78,1710100.52,2005699.99,2048294.6,1804071.96,1671018.6,1820235.26,1482401.64,1341265.93,1260839.1,1247972.6,1237481.79,933810.65,763401.34,666229.8,450384.51,215845.29,174054.74,41790.55,37322.65,4467.9
"GBRTENW",1996,2,4,26378095.91,310794.06,1300173.02,1668555.04,1573310.29,1500568.63,1632621,1979672.07,2073742.5,1852451.64,1675900.79,1817179.25,1552471.69,1337408.4,1255025.39,1239716.58,1199252.82,974913.83,755095.85,679243.06,455999.51,223243.55,179415.26,43828.29,39239.14,4589.15
"GBRTENW",1997,2,4,26446112.07,315376.25,1273768.43,1678046.9,1592301.71,1532039.82,1565201.5,1941871.43,2084319.94,1904418.77,1696770.89,1745117.93,1669417.55,1345349.03,1259526.65,1230422.15,1170838.11,1016500.06,732727.2,692097.75,460867.13,231230.62,185085.36,46145.26,41406.2,4739.06
"GBRTENW",1998,2,4,26516125.46,308816.42,1264064.16,1669381.66,1619308.14,1557554.5,1522560.97,1900481.28,2078911.45,1954626.23,1725448.04,1699422.21,1739820.81,1371130.65,1275605.17,1219574.7,1151472.62,1054858.12,698024.98,705063.35,465841.46,239221.89,190798.14,48423.75,43494.32,4929.43
"GBRTENW",1999,2,4,26591227.45,303341.14,1250807.83,1660289.66,1642470.35,1561895.71,1520644.46,1850656.63,2069863.46,2002324.71,1762761.8,1676082.41,1782053.46,1407563.9,1292959.53,1208051.28,1139933.07,1069628.99,673152.01,716747.05,470918.16,245828.89,195594.15,50234.74,45117.69,5117.05
"GBRTENW",2000,2,4,26679127.57,295940.7,1238163.08,1640205.82,1656250.87,1566933.19,1541244.78,1806455.56,2048357.17,2050221.93,1805110.18,1666247.27,1799898.41,1457607.56,1303386.78,1199258.07,1134478.77,1050997.39,693442.76,724927.28,473135.99,251791.29,199825,51966.29,46551.01,5415.28
"GBRTENW",2001,2,4,26777249.24,290417.39,1222058.46,1613342.34,1673655.95,1579790.73,1575911.97,1743143.08,2034055.58,2081545.71,1853383.78,1671557.75,1796041.57,1526691.71,1300032.52,1196446.67,1131074.16,1022426.12,736623.88,729049.87,470538.11,258511.76,204361.1,54150.66,48363.26,5787.4
"GBRTENW",2002,2,4,26877138.59,288466.98,1199842.53,1598900.13,1685648.1,1606869.26,1616203.34,1685863.54,2005988.22,2098796.78,1906104.48,1690787.4,1725468.32,1639058.14,1306931.92,1201864.34,1126716.65,1000806.16,770554.13,722268.17,457763.51,264504.66,208060.54,56444.12,50323.05,6121.07
"GBRTENW",2003,2,4,26991809.28,295996.92,1182610.85,1590891.9,1680274.36,1643719.81,1655519.4,1652812.05,1970127.56,2098885.72,1957530.13,1718068.04,1678587.01,1704153.61,1331204.09,1216998.41,1120250.07,986567.58,802364.9,705246.87,435920.37,269326.5,210980.92,58345.58,51966.88,6378.7
"GBRTENW",2004,2,4,27138317.64,304980.36,1176068.64,1578083.95,1675002.31,1675851.6,1688095.71,1666883.25,1921293.11,2092629.88,2005540.39,1753153.87,1651017.23,1741202.96,1364252.94,1231917.18,1111965.88,979634.9,822218.24,698525.24,423239.08,275286.16,214997.17,60288.99,53611.55,6677.44
"GBRTENW",2005,2,4,27318895.37,312861.82,1184684.77,1562659.55,1663031,1695133.55,1730741.54,1708962.65,1882268.04,2072007.69,2053775.03,1793762.73,1638126.54,1756219.13,1408293.49,1238217.86,1104763.49,978367.76,811514.17,723504.56,443332.01,280172.55,217869.97,62302.58,55336.6,6965.98
"GBRTENW",2006,2,4,27509218.77,320595.7,1205624.63,1544206.76,1645401.06,1714553.38,1768876.25,1763212.65,1828182.32,2060440.51,2085794.34,1842261.38,1643549.48,1752211.22,1471806.06,1230905.21,1102200.54,979218.98,789548.44,760629.86,478231.92,282397.94,217994.95,64402.99,57102.13,7300.86
"GBRTENW",2007,2,4,27707551.22,330726.09,1237476.37,1517912.56,1635806.95,1730760.5,1801514.32,1820521.29,1779965.05,2036511.44,2103051.85,1896232.07,1664498.36,1682586.8,1581396.61,1236258.37,1107878.05,979645.82,779330.32,785478.4,504969.77,280508.63,213713.08,66795.55,59023.86,7771.69
"GBRTENW",2008,2,4,27911614.21,341316.42,1273593.21,1503624.09,1627747.44,1734792.92,1828633.09,1868717.27,1754101.31,2006916.94,2102541.15,1949157.33,1693910.67,1638524.1,1647369.42,1261748.63,1123869.09,978295.63,774787.81,801967.69,528032.04,273935.65,205098.73,68836.92,60700.44,8136.48
"GBRTENW",2009,2,4,28110205,340970.32,1311376.77,1502133.81,1614261.46,1739749.43,1844057.08,1891427.4,1767548.57,1963272.03,2096786.14,1997377.55,1731398.14,1616137.53,1686716.94,1297565.69,1139595.37,975819.77,776819.58,817191.42,543341.16,273850.26,202491.68,71358.58,62873.43,8485.15
"GBRTENW",2010,2,4,28316603.82,344961.34,1339407.37,1514993.59,1600512.91,1733520.61,1856267.54,1910307.34,1802037.81,1920136.87,2077916.05,2044910.37,1774474.24,1607316.32,1705843.01,1344090.58,1147642.57,975014.9,784416.35,832834.05,540893.38,291940.67,218345.69,73594.98,64773.08,8821.9
"GBRTENW",2011,2,4,28527642.64,350985.63,1363455.46,1542623.34,1582169.16,1714604.9,1879342.23,1920253.81,1848361.71,1858615.92,2067932.09,2075728.77,1825693.94,1616352.18,1704930.7,1410180.25,1145335.87,978674.38,793685.87,848716.43,532672.14,316044.29,241165.14,74879.15,65698.5,9180.65
"GBRTENW",2012,2,4,28723973.29,353115.27,1386755.27,1587341.45,1552760.91,1696081.6,1890760.98,1927377.24,1896613.36,1806569.32,2044127.36,2092846.04,1881137.21,1640733.02,1639491.01,1521512.09,1155811.31,989030.16,800263.05,861646.64,530746.32,330900.32,256607.8,74292.52,64708.4,9584.12
"GBRTENW",2013,2,4,28910597.95,347245.68,1404590.71,1638721.16,1536026.86,1679262.76,1880209.47,1939593.24,1936178.67,1777498.68,2013077.8,2095802.85,1934766.54,1672381.8,1601752.54,1588239.55,1184060.04,1007759.91,802455.46,870974.23,531320.12,339654.11,267530.31,72123.8,62181.17,9942.63
"GBRTENW",2014,2,4,29115353.11,341367.65,1417892.13,1682710.68,1533987.8,1663123.45,1874355.68,1953899.08,1949987.13,1790295.27,1967915.51,2093923.87,1985572.4,1712442.68,1585005.86,1628730.14,1221440.15,1025404.69,803500.92,883798.02,536436.14,347361.88,274918.53,72443.35,62048.93,10394.42
"GBRTENW",2015,2,4,29330834.57,339640.06,1420145.78,1723681.07,1549061.63,1650452.95,1861304.57,1965768.22,1959951.47,1824696.21,1926981.42,2078302.94,2037237.73,1758077.01,1579726.35,1650954.21,1268391.67,1034891.08,805688.75,895881.45,543817.22,352064.23,273521.76,78542.47,68028.55,10513.92
"GBRTENW",2016,2,4,29536374.07,340740.48,1411526.86,1762253.73,1580735.53,1634380.47,1835599.08,1983290.73,1966114.69,1869747.65,1870641.04,2071703.55,2071667.47,1810309.53,1591184.1,1653011.94,1332843.14,1033908.41,810655.45,906060.22,550878.81,355181.41,269330.76,85850.65,75530.77,10319.88
"GBRTENW",2017,2,4,29723545.78,334022.38,1399502.91,1793078.26,1628048.76,1606882.55,1816429.15,1991443.4,1976251.69,1918447.09,1822428.12,2050431.03,2091004.4,1866586.29,1616785.49,1591446.55,1440195.42,1043983.55,821466.6,915112.14,556554.69,358557.45,268927.46,89629.99,79685.73,9944.26
"GBRTENW",2018,2,4,29894930.37,325794.39,1385848.15,1807551.26,1679933.43,1591205.72,1804417.84,1979278.56,1992193.89,1959231.5,1793974.97,2021283.2,2095003.97,1920881.8,1648507.82,1555426.27,1504512.59,1070613.49,838492.11,920779.41,559359.85,361419.56,269907.01,91512.55,82095.48,9417.07
"GBRTENW",2019,2,4,30047464.19,316467.77,1369826.88,1814709.16,1722460.26,1588324.28,1790130.4,1968492.17,2003691.19,1972151.09,1803695.27,1976172.85,2093150.01,1970927.04,1687126.73,1538634.1,1542829.85,1105673.52,853258.8,929742.82,561910.64,367832.18,274358.28,93473.9,83933.04,9540.86
"GBRTENW",2020,2,4,30149436.39,310607.09,1355260.89,1814883.63,1752800.81,1593885.86,1781107.66,1955468.29,2004022.67,1978247.92,1822617.07,1948302.49,2078287.64,2012508.51,1717584.99,1529532.8,1562344.2,1135139.99,861151.4,935682.48,562976.51,372705.97,278709.05,93996.92,83255.78,10741.14
"GBRTENW",1950,3,4,43683951.66,697634.42,3025100.92,3076855.54,2833510.86,2672747.15,2957644.42,3364303.92,3018600.59,3379333.11,3374253.83,3157593.06,2765407.79,2428041.57,2140675.35,1816884.91,1409810.38,907987.05,454929.4,202637.39,161591.51,41045.88,36149.87,4896.01,4617.33,278.68
"GBRTENW",1951,3,4,43847835.32,668589.16,3007900.74,3238744.52,2817009.88,2718021.83,2902906.6,3259266.33,3106375.34,3302081.97,3370164.72,3182475.64,2831840.72,2435127.48,2148348.72,1827573.36,1427371.45,930403.85,466521.1,207111.91,164733.34,42378.57,37292.42,5086.15,4786.59,299.56
"GBRTENW",1952,3,4,44034703.18,656868.63,2831494.63,3497042,2836068.53,2757130.85,2853012.69,3161944.24,3237209.54,3181481.71,3371493.54,3205900.13,2905314.01,2452553.63,2164419.86,1837483.33,1439090.88,953666.39,479378.27,213150.32,169250.5,43899.82,38657.11,5242.71,4926.73,315.98
"GBRTENW",1953,3,4,44263257.7,666378.35,2712136.53,3632826.18,2900341.85,2802463.47,2818805.6,3088086.89,3369157.57,3030596.06,3360031.83,3241270.34,2973555.25,2481556.39,2184616.87,1854387.61,1450136.33,977505.23,496811.35,222594,176268.38,46325.62,40807.28,5518.34,5189.74,328.6
"GBRTENW",1954,3,4,44489451.53,667452.29,2650785.63,3694659.67,2991106.97,2841348.28,2794678.1,3029960.06,3415986.55,2945203.22,3348483.21,3271136.9,3031906.04,2528885.68,2206071.51,1867447.36,1461701.83,994382.58,516227.67,232027.98,183254.09,48773.89,42909.03,5864.86,5522.98,341.88
"GBRTENW",1955,3,4,44693685.65,655742.59,2628317.45,3703646.77,3106225.01,2859309.56,2782334.78,2982768.65,3344199.23,2989058.23,3322041.5,3287207.87,3069205.8,2603568.38,2227454.41,1874803.45,1475292.08,1006495.53,535022.49,240991.87,190210.06,50781.81,44607.31,6174.5,5820.32,354.18
"GBRTENW",1956,3,4,44906859.03,674185.84,2616181.96,3657916.53,3268504.79,2851684.93,2788681.59,2940371.24,3232579.92,3103893.85,3255698.31,3297428.83,3094713.23,2684929.51,2247680.93,1886644.3,1486254.47,1018226.15,552172.6,249110.05,196664.58,52445.47,45986.09,6459.38,6090.68,368.7
"GBRTENW",1957,3,4,45146885.99,698634.21,2634008.85,3472770.36,3516212.91,2874959.88,2813475.96,2907983.88,3141474.53,3231419.98,3144946.71,3297043.14,3123641.76,2755112.39,2271967.02,1904193.88,1498328.2,1030360.35,570359.1,259992.88,205134.2,54858.68,47947.93,6910.75,6495.78,414.97
"GBRTENW",1958,3,4,45405360.58,720736.55,2669279.26,3364903.65,3638918.18,2939631.21,2852467.19,2884998.84,3075476.19,3349813.96,3006963.46,3288345.58,3153988.23,2822372.17,2302448.41,1923038.82,1512910.67,1041053.98,585748.77,272265.46,214605.46,57660,50279.63,7380.37,6910.44,469.93
"GBRTENW",1959,3,4,45676285.31,738241.21,2726872.36,3302486.86,3696589.18,3027747.74,2884358.84,2866404.22,3026609.59,3384060.81,2935358.26,3280253.69,3177671.27,2880385.87,2348154.59,1942711.07,1525138.79,1050862.32,597931.94,284446.7,224230.7,60216,52449.83,7766.17,7256.16,510.01
"GBRTENW",1960,3,4,45964284.05,750795.06,2810690.94,3268044.24,3701976.72,3142215.77,2895862.38,2855867.07,2993013.43,3309622.54,2984916.86,3254741.57,3191694.15,2923404.21,2409169.14,1964148.74,1535711.69,1062426.62,611399.93,298582.99,235117.75,63465.24,55224.39,8240.85,7702.36,538.49
"GBRTENW",1961,3,4,46294173.1,785100.36,2888219.52,3277164.31,3662056.55,3290186.23,2891528.96,2855113.99,2975294.67,3209388.57,3091387.44,3197382.11,3199237.4,2958026.18,2472736.65,1984517.87,1547337.62,1074416.35,623142.1,311936.22,245274.35,66661.87,58040.74,8621.13,8058.52,562.61
"GBRTENW",1962,3,4,46662133.5,812488.91,2978538.92,3324349.59,3498393.68,3511285.36,2920049.77,2871807.36,2965853.64,3139375.48,3200443.24,3107542.98,3201337.8,2990652.04,2534249.92,2004121.22,1559690.65,1087858.46,631145.48,322949,253368.59,69580.41,60659.42,8920.99,8329.76,591.23
"GBRTENW",1963,3,4,47019503.02,832200.99,3072658.33,3388240.24,3397964.22,3625940.25,2976753.89,2905494.67,2940887.54,3087132.06,3311864.26,2976828.59,3200436.69,3023143.19,2602417,2028574.2,1574061.2,1106338.09,637033.51,331534.1,259001.35,72532.75,63220.3,9312.45,8685.08,627.37
"GBRTENW",1964,3,4,47357467.16,840526.41,3162447.22,3465280.75,3332492.22,3688746.41,3047031.99,2936697.53,2900189.4,3042658.55,3361210.83,2886604.99,3196122.59,3051589.79,2668345.18,2067714.36,1591100.7,1129012.75,646118.83,343576.66,266504.9,77071.76,67175.62,9896.14,9201.98,694.16
"GBRTENW",1965,3,4,47691399.71,844998.99,3250124.06,3549472.05,3294218.47,3704440.22,3143564.77,2960115.86,2872188.86,3009286.15,3298138.02,2920869.99,3174766.3,3068498.43,2713599.68,2119971.39,1609515.97,1140121.86,657688.16,359820.48,276932.11,82888.37,72105.44,10782.93,9995.66,787.27
"GBRTENW",1966,3,4,47992027.46,837228.86,3308529.06,3647650.18,3287907.14,3684507.14,3285913.39,2958064.38,2864690.03,2979685.67,3196774.8,3024837.15,3118788.36,3072262.65,2742226.13,2175281.07,1628306.69,1139705.8,666035.19,373633.77,285666.13,87967.64,76292.69,11674.95,10820.1,854.85
"GBRTENW",1967,3,4,48275186.31,828059.94,3332979.18,3758468.3,3318906.43,3527929.77,3521289.54,2969754.44,2867740.54,2947013.03,3116079.88,3137083.76,3017984.42,3067470.11,2771237.92,2233766.35,1648592.82,1148025.91,675308.5,387495.47,294256.68,93238.79,80579.62,12659.17,11732.77,926.4
"GBRTENW",1968,3,4,48520444.22,808408.48,3333514.48,3867992.51,3375225.17,3426060.08,3652973.15,3007642.92,2885602.24,2907034.62,3052782.4,3250460.78,2877821.93,3059559.02,2802820.56,2296148.35,1670574.17,1161567.42,685239.12,399016.82,301501.41,97515.41,83949.33,13566.08,12565.81,1000.27
"GBRTENW",1969,3,4,48730467.39,800309.63,3298391.98,3962075.93,3449584.71,3368855.6,3726342.57,3062555.78,2905642.93,2862836.86,3003309.54,3298608.45,2785523.75,3049073.71,2828485.5,2351246.41,1700563.18,1172366.16,695339.91,409354.79,307892.32,101462.47,87015.14,14447.33,13412.16,1035.17
"GBRTENW",1970,3,4,48916100.34,771321.82,3244424.56,4035259.74,3538515.46,3340436.97,3759265.88,3147261.91,2914930.79,2826935.16,2964436.06,3232297.35,2820324.11,3025477.79,2844210.07,2392532.63,1744745.85,1187118.36,704876.49,421729.34,315092.49,106636.85,91141.5,15495.35,14389.76,1105.59
"GBRTENW",1971,3,4,49136788.74,775648.66,3171911.85,4064349.46,3644391.22,3346530.7,3750046.18,3285343.34,2900947.36,2809112.47,2932086.47,3130368.9,2924661.08,2973525.78,2849597.86,2426392.06,1796816.75,1206021.23,715396.21,433641.16,321816.77,111824.39,95194.31,16630.08,15411.9,1218.18
"GBRTENW",1972,3,4,49319898.14,732672.41,3115978.16,4079462.37,3754098.26,3379267.68,3591958.66,3525436.82,2910813.84,2812889.74,2900616.35,3053178.15,3038900.13,2878982.28,2846887.59,2457601.69,1847430.6,1223252.28,726809.52,443661.61,327457.67,116203.94,98562.36,17641.58,16312.45,1329.13
"GBRTENW",1973,3,4,49432573.66,689101.97,3039576.31,4066287.91,3856874.71,3423535.15,3489892.14,3657581.95,2957126.87,2840089.69,2863711.21,2993883.31,3156802.91,2744989.68,2841398.84,2486290.99,1897467.58,1238965.48,736722.77,452274.19,332524.81,119749.38,101442.21,18307.17,16867.07,1440.1
"GBRTENW",1974,3,4,49469752.57,643650.68,2929622.72,4024111.54,3948371.91,3489089.37,3430709.61,3723979.13,3020007.64,2866703.95,2822289.91,2947536.08,3207792.13,2658444.91,2834293.95,2509928.32,1944367.63,1261711.41,745288.88,461852.8,338722.36,123130.44,104124.18,19006.26,17488.45,1517.81
"GBRTENW",1975,3,4,49473424.17,614108.47,2803036.85,3947888.73,4029539.11,3575836.65,3395949.02,3749793.31,3105297.31,2874605.8,2787438.3,2911015.9,3142191.75,2694999.88,2814974.57,2524088.1,1981188.87,1295078.75,756024.32,470368.48,344016.87,126351.61,106404.99,19946.62,18346.22,1600.4
"GBRTENW",1976,3,4,49462371.62,585363.14,2642838.42,3887805.95,4070075.24,3678009.87,3399063.43,3736281.31,3239677.42,2853458.77,2768292.62,2879293.68,3039527.44,2795765.67,2768205.38,2529311.69,2011294.22,1333892.5,767015.34,477199.53,348514.33,128685.2,107894.02,20791.18,19054.77,1736.41
"GBRTENW",1977,3,4,49444342.39,563814.25,2498668.23,3794294.53,4083213.22,3784599.19,3432934.46,3577500.87,3475632.78,2858552.57,2770645.02,2847726.2,2961814.84,2904512.99,2679140.3,2530778.23,2041145.56,1374733.04,778050.2,486585.91,355188.92,131396.99,109789.76,21607.23,19766.46,1840.77
"GBRTENW",1978,3,4,49454870.08,574102.62,2380356.5,3679761.34,4062128.09,3888900.51,3479083.23,3476929.8,3609147.15,2906919.27,2798572.16,2813342.57,2904722.54,3016070.17,2553067.88,2532012.19,2070689.15,1417743.87,791485.72,499835.32,364010.98,135824.34,113251.99,22572.35,20664.61,1907.74
"GBRTENW",1979,3,4,49516745.89,616365.84,2317523.46,3531097.33,4019249.86,3987139.19,3546626.32,3419920.33,3682477.31,2979201.39,2828468.49,2777573.58,2863977.36,3064198.82,2475175.99,2532189.67,2096571.57,1458992.02,808511.85,511485.51,371191.25,140294.26,116803.72,23490.54,21470.84,2019.7
"GBRTENW",1980,3,4,49587337.51,634031.95,2323087.2,3380467.39,3944270.45,4078204.51,3635572.34,3382402.02,3711736.43,3072126.32,2839457.44,2747160.25,2834442.56,3002756.49,2513476.85,2520673.35,2116142.85,1494135.63,833416.23,523777.25,379413.12,144364.13,119878.59,24485.54,22339.44,2146.1
"GBRTENW",1981,3,4,49610941.8,632081.89,2371529.04,3198160.87,3880435.17,4126030.02,3733437.93,3370657.52,3690689.86,3203992.68,2819498.83,2727969.11,2808541.84,2906722.39,2608797.78,2480739.44,2127476.47,1523533.54,862053.69,538593.73,389448.2,149145.53,123595.26,25550.27,23299.12,2251.15
"GBRTENW",1982,3,4,49595748.72,623388.84,2437524.2,3039581.38,3780167.51,4139238.93,3828979.74,3382967.58,3521431.09,3433428.17,2824804.27,2728064.96,2780150.68,2835675.56,2711552.61,2400036.58,2132787.49,1551126.4,891623.11,553219.62,398751.48,154468.14,127845.37,26622.77,24188.4,2434.37
"GBRTENW",1983,3,4,49620448.31,623032.4,2487462.9,2936253.42,3661074.84,4105753.07,3931198.82,3421133.78,3415143.82,3566775.34,2871715.91,2753843.03,2746768.93,2785796.87,2818029.83,2288049.31,2136963.27,1579691.69,923410.62,568350.46,408231.07,160119.39,132270.54,27848.85,25183.93,2664.92
"GBRTENW",1984,3,4,49709881.09,626240.69,2499784,2921674.34,3514329.25,4042751.71,4035555.27,3496991.06,3360213.03,3645570.09,2941965.13,2781901.84,2712080.77,2751589.75,2865360.26,2222795.02,2140634.53,1605951.12,956490.65,588002.58,421789.6,166212.98,136866.6,29346.38,26481.02,2865.36
"GBRTENW",1985,3,4,49843164.75,648036.51,2500404.67,2955505.04,3374811.1,3953771.58,4126740.35,3595988.77,3333186.16,3683615.9,3037117.21,2792832.38,2684049.18,2726981.47,2812308.17,2264019.03,2134959.33,1625042.3,983724.46,610071.14,438237.67,171833.47,141192.41,30641.06,27631.92,3009.14
"GBRTENW",1986,3,4,49975341.24,654977.75,2523486.28,3015353.73,3208806.42,3886488.55,4165336.91,3710224.94,3342044.57,3675799.14,3176492.25,2775965.78,2667822.48,2704518.83,2727979.61,2356618.38,2105562.73,1637885.39,1007623.2,632354.3,455092.93,177261.37,145351.88,31909.49,28722.75,3186.74
"GBRTENW",1987,3,4,50105355.25,666035.62,2556603.01,3085798.95,3062792.47,3791472.23,4163264.83,3827824.9,3379617.26,3521073.28,3414444.18,2784934.54,2669899.05,2678979.7,2664721.86,2454505.65,2040533.67,1649074.14,1033789.88,659990.03,475511.25,184478.78,150897.13,33581.65,30167.21,3414.44
"GBRTENW",1988,3,4,50247543.32,682801.18,2597998.7,3143343.28,2965566.12,3680638.53,4121302.25,3935803.37,3431245.09,3421197.49,3552401.54,2834339.93,2696604.58,2649210.09,2620135.59,2553510.71,1948578.8,1660941.93,1061137.52,690786.62,498063.5,192723.12,157419.12,35304,31684.02,3619.98
"GBRTENW",1989,3,4,50393742.95,679769.62,2652851.93,3160371.2,2952186.8,3541209.24,4063390.02,4030407.15,3504139.26,3365175.43,3630699.28,2905957.47,2724909.7,2618323.79,2590646.05,2597725.63,1898924.29,1672243.98,1085271.12,719540.99,518831.41,200709.58,163967.94,36741.64,32971.16,3770.48
"GBRTENW",1990,3,4,50557461.64,684431.39,2682805.06,3180743.34,2983982.65,3409763.2,3978677.67,4113547.66,3595739.85,3335532.51,3667754.58,3001611.03,2735910.06,2592531.17,2570392.38,2551462.36,1943599.9,1675479.75,1104852.69,748644.39,538061.83,210582.56,172303.03,38279.53,34390,3889.53
"GBRTENW",1991,3,4,50728335.52,696767.93,2710634.63,3206318.32,3040243.52,3246740.4,3910453.68,4148422.65,3701777.18,3342339.61,3660133.55,3140953.94,2721193.22,2579064.95,2552909.78,2479401.38,2031107.02,1659958.1,1120950.98,778964.68,557101.66,221863.02,181874.57,39988.45,35906.8,4081.65
"GBRTENW",1992,3,4,50867420.69,691447.45,2738234.88,3245309.27,3106538.21,3093472.29,3816451.74,4145879.82,3806801.81,3379520.55,3505245.38,3378156.02,2733854.89,2586086.66,2533249.51,2427725.2,2119703.39,1614644.09,1135172.58,809926.95,575827.96,234098.99,192099.28,41999.71,37640.18,4359.53
"GBRTENW",1993,3,4,50977126.03,670045.98,2743441.46,3298262.4,3160900.45,2986180.02,3708731.98,4110055.4,3901828.19,3431953.13,3405679.91,3516607.97,2785540.39,2617400.83,2509774.04,2391581.86,2206305.63,1545927.72,1147660.25,839248.42,593526.62,245721.8,201856.53,43865.27,39266.67,4598.6
"GBRTENW",1994,3,4,51113066.44,666953.12,2732467.5,3344782.95,3176717.76,2965902.84,3573421.61,4066154.7,3988468.5,3502808.44,3351909.05,3594519.41,2858632.49,2649286.68,2485887.4,2368733.17,2245929.34,1512178.62,1160632.48,867680.38,610508.4,257171.98,211265.44,45906.54,41134.46,4772.08
"GBRTENW",1995,3,4,51257910.27,649019.62,2714860.64,3375667.3,3196094.23,2992269.91,3445940.49,3999391.76,4073029.19,3586831.23,3324523.61,3627208.9,2956730,2665158.64,2468086.52,2355458.53,2211164.68,1556152.25,1166618.31,893704.46,625276.06,268428.4,219922.73,48505.67,43538.47,4967.2
"GBRTENW",1996,3,4,51398900.83,638271.55,2667269.6,3413889.13,3220376.1,3044108.02,3289094.05,3948478.8,4122819.49,3683823.47,3333413.6,3617835.06,3094685.52,2655347.38,2462354.9,2345476.15,2154589.59,1634519.59,1157774.64,914774.19,636220.91,278553.28,227572.32,50980.96,45901.4,5079.56
"GBRTENW",1997,3,4,51553304.46,647292.51,2614748.94,3435591.22,3261014.64,3106760.85,3149839.29,3870749.76,4143809.25,3785114.12,3373531.7,3470363.4,3325345.68,2668815.99,2474696.85,2334740.65,2115331.1,1712288.96,1127105.67,936163.88,646518.26,289645.62,235872.01,53773.61,48544.7,5228.91
"GBRTENW",1998,3,4,51714027.91,633506.45,2594548.48,3420276.32,3317497.27,3159376.49,3060010.08,3786136.46,4132989.97,3882048.35,3429585.74,3376618.29,3462049.16,2718732.88,2508616.76,2321713.84,2090903.7,1783854,1077511.68,958051.99,657021.69,301030.3,244378.27,56652.03,51202.94,5449.09
"GBRTENW",1999,3,4,51893155.44,622295.24,2565580.67,3404171.26,3365044.55,3173879.68,3053186.99,3686487.86,4115436.41,3974142.93,3503580.66,3327644.5,3541963.81,2790739.52,2542948.62,2308115.27,2078503.58,1815797.67,1045200.8,978435.42,667498.99,310936.43,251887.38,59049.05,53382.15,5666.9
"GBRTENW",2000,3,4,52100319.53,606470.16,2538173.19,3364519.82,3393895.92,3195008.5,3090042.42,3601449.35,4075137.25,4067593.32,3588009.1,3306054.89,3573020.35,2889369.52,2562085.62,2300121.72,2075844.12,1793730.21,1085713.62,994080.45,674019.64,320060.81,258736.21,61324.6,55310.49,6014.11
"GBRTENW",2001,3,4,52331352.78,594477.6,2503798.47,3309305.34,3429900.97,3233584.96,3153294.3,3483637.24,4047491.02,4130940.83,3685378.59,3315332.07,3561386.29,3025039.55,2553916.02,2302625.76,2077357.9,1757529.85,1162384.09,1003971.93,673686.72,330285.21,266097.45,64187.76,57731.91,6455.85
"GBRTENW",2002,3,4,52565799.31,591350.18,2456593.4,3279360.64,3452721.7,3295147.52,3229815.83,3377010.59,3988870.73,4169772.1,3791171.47,3352744,3418833.71,3246427.71,2565514.75,2318365.23,2077311.56,1733181.13,1223334.05,998273.01,658408.81,339864.2,272693.21,67170.99,60337.69,6833.3
"GBRTENW",2003,3,4,52825282.3,608047.57,2422695.86,3262064.27,3441640.22,3363710.1,3313643.43,3309864.81,3918110.82,4173452.78,3889715.89,3409754.78,3324840.15,3374225.97,2611842.28,2349982.65,2073173.1,1720100,1280053.53,978364.09,630380.55,347983.54,278211.39,69772.15,62658.8,7113.35
"GBRTENW",2004,3,4,53144483.58,626203.63,2412241.36,3234668.13,3433267.71,3414078.11,3389629.52,3329849.53,3824921.36,4161982.75,3979826.81,3484506.21,3270549.15,3446673.23,2677868.72,2379348.32,2066976.96,1718329.12,1319034.58,974528.38,616849.36,357679.02,285130.58,72548.44,65064.62,7483.82
"GBRTENW",2005,3,4,53527958.1,641183.85,2430053.17,3201895.62,3409536.27,3445460.63,3475976.62,3407369.88,3748077.23,4122666.82,4073485.63,3568862.86,3246556.24,3475404.82,2767240.3,2392285.07,2064265.33,1725782.64,1313161.56,1018693.56,652658.77,366034.79,290680.38,75354.41,67476.89,7877.52
"GBRTENW",2006,3,4,53933779.51,656723.12,2471928.33,3162349.63,3372509.83,3490804.64,3547780.49,3513870.87,3641513.17,4099619.1,4135398.13,3665242.02,3258369.44,3464558.91,2893556.11,2379792.6,2069841.15,1737315.26,1291227.99,1081378.72,710574.16,370804.56,292442.52,78362.04,70041.35,8320.69
"GBRTENW",2007,3,4,54362012.05,677925.8,2536294.25,3108131.7,3352529.8,3529615.19,3611417.44,3631635.2,3550560.38,4050969.7,4169506.51,3767045.33,3301863.77,3323618.58,3108868.93,2391791.91,2089299.27,1748473.13,1286539.05,1125926.11,756003.51,369922.6,288167.92,81754.68,72884.43,8870.25
"GBRTENW",2008,3,4,54802871.72,699549.33,2608595.12,3080292.01,3336439.87,3538219.76,3658238.5,3732423.22,3507122.71,3990880.59,4171969.36,3865936.98,3364054.7,3235861.37,3238102.42,2443451.67,2126366.17,1756404.3,1290457.64,1158506,795640.23,362865.77,278256.2,84609.57,75331.65,9277.92
"GBRTENW",2009,3,4,55230409.9,698613.32,2684983.01,3077380.96,3309915.81,3551191.14,3686786.68,3774269.48,3540877.83,3902088.75,4161858.63,3958589.64,3441199.96,3192407.64,3315177.91,2516862.34,2161140.01,1763029.39,1304606.05,1189431.35,824440.53,364990.82,276915.49,88075.33,78369.26,9706.07
"GBRTENW",2010,3,4,55683890.25,707025.7,2742994.59,3102838.81,3281813.83,3544538.65,3727971.42,3808900.16,3609462.35,3818688.87,4120213.37,4050700.99,3525804.06,3176226.88,3352083.1,2611743.57,2179822.74,1773290.96,1327659.71,1222110.49,828970.26,393140.23,301834.07,91306.16,81152.87,10153.29
"GBRTENW",2011,3,4,56146663.54,719639.86,2792794.34,3159966.46,3242934.72,3512196.37,3795507.9,3832948.63,3695620.41,3702267.95,4094835.74,4108336.9,3624268.64,3195162.92,3347952.05,2743941.78,2177168.51,1790472.58,1354088.64,1256559.14,826336.46,430222.68,336810.12,93412.56,82777.63,10634.93
"GBRTENW",2012,3,4,56566677.59,724404.53,2840828.11,3252246.82,3182139.69,3480722.14,3831982.96,3850375.88,3782964.68,3602555.86,4045868.02,4138420.17,3731226.42,3243538.6,3216170.96,2963659.86,2198473.61,1818226.45,1376189.85,1286682.98,832390.2,454292.78,361303.49,92989.29,81816.25,11173.04
"GBRTENW",2013,3,4,56967878.54,712859.96,2878378.38,3357443.7,3147776.08,3450333.25,3821836.94,3878659.57,3855233.21,3546448.37,3986975,4141156.35,3833813.79,3306309.72,3139487.28,3093922.43,2255213.41,1860076.3,1390504.8,1311450,841614.93,469835.07,379239.8,90595.27,78973.06,11622.21
"GBRTENW",2014,3,4,57411365.24,700803.28,2906909.63,3447704.18,3142935.35,3418772.61,3821158.26,3916056.97,3882618.29,3572068.03,3901396.2,4136111.08,3929349.42,3386153.11,3105321.08,3170538.87,2330870.64,1898016.87,1402730.2,1341851.17,857566.09,484285.08,392556.91,91728.17,79538.41,12189.76
"GBRTENW",2015,3,4,57887606.21,697277.82,2912381,3532213.75,3173801.51,3393183.47,3805373.01,3953777.12,3908814.5,3639465.26,3823908.17,4106092.34,4026046.26,3476592.3,3095593.23,3210523.49,2425162.43,1918792.44,1416294.03,1372314.08,877019.08,495295,394679.65,100615.35,88235.77,12379.58
"GBRTENW",2016,3,4,58345068.23,699412.26,2895476.12,3611568.79,3240191.63,3359486.51,3765347.5,4004557.32,3927144.15,3726723.2,3715311.24,4094498.27,4089641.3,3578979.49,3119806.61,3210582.97,2553058.32,1918988.36,1433182.16,1401112.03,896527.21,504584.82,393544.8,111040.02,98880.08,12159.94
"GBRTENW",2017,3,4,58743773.65,685524.32,2871576.52,3674316.98,3338618.79,3302950.73,3736486.19,4032561.36,3946597.14,3817688.83,3621918.15,4053683.32,4125353.4,3687448.22,3171314.48,3087378.91,2763264.79,1940282.11,1459119,1427690.41,913687.78,514002.63,397276.5,116726.13,104971.85,11754.28
"GBRTENW",2018,3,4,59100493.35,669210.75,2844101.09,3704240.83,3445742.79,3272157.48,3716609.52,4017905.47,3976531,3890466.18,3568058.35,3997582.73,4131776.65,3790294.09,3234566.54,3015354,2887903.49,1993979.16,1495660.65,1448352.58,925525.17,522827.41,402888.92,119938.49,108737.21,11201.28
"GBRTENW",2019,3,4,59427208.14,650496.51,2812059.44,3720798.24,3534145.03,3267912.71,3691777.16,4007539.29,4003848.15,3910046.42,3589739.61,3910850.42,4127176.62,3884696.22,3311014.06,2982019.25,2959552.54,2063750.46,1526520.5,1473265.51,936283.18,536982.33,413543.66,123438.67,111973.42,11465.25
"GBRTENW",2020,3,4,59658201.39,638051.01,2783036.32,3723098.35,3597615.91,3280313.25,3680053.03,3990662.41,4012690.28,3921147.11,3627640,3858397.06,4097676.25,3963699.23,3370576.72,2964575.34,2994102.13,2121389.66,1542618.37,1490858.96,942225.01,548633.95,423468.33,125165.62,112130.2,13035.42
