"","2019","2020","2021","2022","2023","2024","2025","2026","2027","2028","2029","2030","2031","2032","2033","2034","2035","2036","2037","2038","2039","2040","2041","2042","2043","2044","2045","2046","2047","2048","2049","2050","2051","2052","2053","2054","2055","2056","2057","2058","2059","2060","2061","2062","2063","2064","2065","2066","2067","2068"
"60",0.0076082572787743,0.00750655645762158,0.00740621841106287,0.00730722114090203,0.0072095471968273,0.00711317883145553,0.00701809860074444,0.0069242892855796,0.00683173389803816,0.00674041567714284,0.00665031808597246,0.00656142480864908,0.00647371974738562,0.00638718701957038,0.00630181095489093,0.00621757609249628,0.00613446717819708,0.00605246916170327,0.00597156719389856,0.00589174662415137,0.00581299299766175,0.0057352920528438,0.00565862971874291,0.00558299211248772,0.00550836553677605,0.00543473647739436,0.00536209160077056,0.00529041775155934,0.00521970195025988,0.00514993139086535,0.00508109343854392,0.00501317562735061,0.00494616565796992,0.00488005139548845,0.00481482086719741,0.00475046226042445,0.00468696392039454,0.00462431434811933,0.00456250219831481,0.00450151627734678,0.00444134554120382,0.00438197909349721,0.00432340618348782,0.00426561620413916,0.00420859869019657,0.00415234331629203,0.0040968398950744,0.00404207837536446,0.00398804884033485,0.00393474150571414
"61",0.00834708925450896,0.00823554158869375,0.00812545575543148,0.00801684505457258,0.00790968567421733,0.00780395872531363,0.00769964499724509,0.00759672560774595,0.00749518191802316,0.00739499553953651,0.00729614832940245,0.00719862238726656,0.00710240005204212,0.00700746389871443,0.00691379673518493,0.0068213815991579,0.0067302017550687,0.0066402406910532,0.00655148211595755,0.00646390995638802,0.00637750835380023,0.00629226166162737,0.00620815444244667,0.00612517146518385,0.00604329770235492,0.00596251832734483,0.00588281871172248,0.00580418442259165,0.00572660121997737,0.00565005505424711,0.00557453206356656,0.00550001857138941,0.00542650108398058,0.00535396628797264,0.00528240104795493,0.00521179240409478,0.00514212756979064,0.00507339392935655,0.00500557903573751,0.00493867060825545,0.00487265653038533,0.0048075248475609,0.00474326376500988,0.00467986164561798,0.00461730700782157,0.00455558852352843,0.00449469501606637,0.00443461545815922,0.00437533896992986,0.00431685481692999
"62",0.00926550776353226,0.00914142977286315,0.00901926681014823,0.0088987047934895,0.00877975828840129,0.00866240121695368,0.00854661289254105,0.00843237227639225,0.00831965868933385,0.0082084517188349,0.0080987312264323,0.00799047734269723,0.00788367046380994,0.0077782912479881,0.00767432061198682,0.00757173972764253,0.00747053001846344,0.00737067315626543,0.00727215105785304,0.00717494588174474,0.00707904002494196,0.00698441611974143,0.00689105703058994,0.00679894585098133,0.0067080659003948,0.00661840072127425,0.00652993407604801,0.00644264994418822,0.00635653251930983,0.00627156620630806,0.00618773561853435,0.00610502557500991,0.00602342109767666,0.00594290740868475,0.00586346992771648,0.00578509426934591,0.0057077662404338,0.00563147183755732,0.00555619724447423,0.00548192882962077,0.00540865314364323,0.00533635691696229,0.00526502705737007,0.00519465064765922,0.00512521494328374,0.00505670737005108,0.00498911552184502,0.00492242715837903,0.00485663020297974,0.00479171274039983
"63",0.0101801036782978,0.0100460119107089,0.00991148188775377,0.0097790282101138,0.00964831033838531,0.00951934406504664,0.00939210111542558,0.0092665590603265,0.00914269508872264,0.00902048677947659,0.00889991200055478,0.00878094891707825,0.00866357598586521,0.00854777195171715,0.00843351584354636,0.0083207869705812,0.00820956491861879,0.0080998295463282,0.00799156098160307,0.00788473961796291,0.00777934611100261,0.00767536137488923,0.00757276657890582,0.00747154314404128,0.00737167273962593,0.0072731372800119,0.00717591892129808,0.00708000005809866,0.00698536332035501,0.00689199157019005,0.00679986789880484,0.00670897562341643,0.0066192982842368,0.00653081964149219,0.00644352367248213,0.00635739456867792,0.00627241673285987,0.00618857477629271,0.00610585351593889,0.00602423797170904,0.0059437133637492,0.00586426510976435,0.00578587882237764,0.005708540306525,0.00563223555688453,0.00555695075534026,0.0054826722684798,0.00540938664512545,0.00533708061389835,0.00526574108081508
"64",0.0112939922237756,0.0111390266488301,0.0109923040004404,0.0108451018148713,0.0107001715576174,0.0105571406118947,0.0104160262577667,0.0102767975572058,0.0101394299682804,0.0100038985312611,0.00987017871303352,0.00973824629681952,0.00960807739098637,0.00947964842307511,0.0093529361357369,0.00922791758249571,0.00910457012359622,0.00898287142190342,0.00886279943885771,0.00874433243048384,0.00862744894345328,0.00851212781119927,0.00839834815008366,0.00828608935561512,0.0081753310987178,0.00806605332205001,0.00795823623637187,0.0078518603169618,0.00774690630008066,0.00764335517948331,0.00754118820297672,0.00744038686902415,0.00734093292339462,0.0072428083558573,0.00714599539691999,0.00705047651461122,0.00695623441130531,0.00686325202059007,0.00677151250417605,0.00668099924884739,0.00659169586345327,0.00650358617593964,0.00641665423042056,0.00633088428428879,0.0062462608053649,0.00616276846908453,0.00608039215572327,0.00599911694765861,0.00591892812666847,0.00583981117126585
"65",0.012195185740302,0.0121818913318744,0.0120147428376339,0.011856485303611,0.0116977105326632,0.0115413863020824,0.0113871107010933,0.0112349023682651,0.0110847279333172,0.0109365609249066,0.010790374421046,0.0106461419599029,0.01050383742085,0.0103634350339677,0.0102249093736024,0.0100882353539835,0.00995338822465346,0.00982034356598854,0.00968907728477657,0.00955956560985384,0.00943178508780029,0.00930571257869236,0.00918132525191259,0.00905860058201508,0.00893751634464646,0.00881805061252115,0.00870018175145061,0.00858388841642551,0.00846914954775038,0.00835594436722987,0.00824425237440601,0.00813405334284572,0.00802532731647807,0.00791805460598031,0.00781221578521237,0.00770779168769893,0.00760476340315858,0.00750311227407927,0.00740281989233967,0.00730386809587555,0.00720623896539087,0.00710991482111269,0.00701487821958955,0.00692111195053258,0.00682859903369894,0.00673732271581678,0.00664726646755139,0.00655841398051188,0.00647074916429792,0.00638425614358584
"66",0.0134425176421675,0.0130618210783428,0.0130475819197173,0.0128685552306798,0.0126990513266207,0.0125289934288536,0.0123615602159827,0.0121963212159555,0.0120332963918673,0.0118724500020212,0.0117137536939218,0.0115571786324051,0.0114026964751621,0.0112502792453366,0.0110998993417023,0.010951529531764,0.0108051429470628,0.0106607130782813,0.0105182137704465,0.0103776192181926,0.0102389039610886,0.010102042879027,0.00996701118767489,0.00983378443398623,0.00970233849177295,0.00957264955733632,0.00944469414515615,0.00931844908363786,0.00919389151091622,0.00907099887071532,0.00894974890826384,0.00883011966626489,0.00871208948091968,0.00859563697800452,0.00848074106900003,0.00836738094727224,0.00825553608430469,0.0081451862259809,0.00803631138891649,0.00792889185684046,0.00782290817702462,0.00771834115676098,0.00761517185988605,0.00751338160335173,0.0074129519538419,0.00731386472443438,0.0072161019713074,0.00711964599049015,0.00702447931465672,0.00693058470996297
"67",0.0149149850478597,0.0147555522457082,0.0143376701058585,0.0143220400985469,0.0141255264889845,0.0139394658284167,0.0137527970612933,0.0135690093523277,0.0133876301819347,0.0132086814631594,0.013032123963137,0.0128579265599648,0.0126860576019255,0.0125164859782976,0.0123491809795092,0.0121841123083088,0.0120212500721929,0.0118605647782526,0.0117020273278006,0.0115456090111053,0.0113912815021917,0.0112390168537113,0.0110887874918818,0.010940566211493,0.0107943261709806,0.0106500408875653,0.0105076842324573,0.0103672304261239,0.0102286540336219,0.010091929959991,0.00995703344570941,0.00982394006221027,0.00969262570745779,0.00956306660158251,0.0094352392825751,0.00930912060203747,0.0091846877209909,0.00906191810574004,0.00894078952379231,0.0088212800398317,0.00870336801174662,0.00858703208671057,0.0084722511973154,0.00835900455775618,0.00824727166006708,0.00813703227040751,0.00802826642539804,0.00792095442850511,0.00781507684647425,0.00771061450581079
"68",0.0163510980971937,0.0160646314263756,0.0158929095509852,0.0154428170745389,0.0154259823069647,0.0152143214371914,0.0150139192292523,0.0148128620419316,0.0146149079846022,0.0144195481158906,0.0142268060378984,0.0140366394936934,0.0138490149624978,0.0136638983528815,0.0134812561561101,0.0133010552955191,0.0131232631385464,0.0129478474885754,0.0127747765793853,0.0126040190693632,0.0124355440358328,0.0122693209694541,0.0121053197686983,0.0119435107343971,0.011783864564364,0.0116263523480881,0.0114709455614988,0.0113176160618,0.0111663360823742,0.0110170782277537,0.0108698154686597,0.0107245211371077,0.010581168921578,0.0104397328622509,0.0103001873463058,0.0101625071032827,0.010026667200506,0.00989264303856943,0.00976041034688154,0.00962994517927019,0.00950122390964618,0.00937422322772495,0.00924892013480507,0.00912529193960352,0.00900331625414646,0.00888297098971497,0.00876423435284494,0.00864708484138055,0.00853150124058032,0.00841746261927538
"69",0.0178975535197656,0.0177408902291113,0.0174300747883944,0.0172437570913732,0.0167554081639727,0.0167371424938758,0.016507491113025,0.016290055345006,0.016071908926409,0.0158571293941346,0.0156451645483864,0.0154360399973706,0.0152297098924482,0.0150261378636802,0.0148252869219719,0.0146271207104511,0.0144316033410406,0.0142386994075126,0.0140483739766391,0.0138605925821699,0.0136753212185532,0.0134925263347819,0.0133121748283178,0.0131342340390964,0.0129586717436131,0.0127854561490873,0.0126145558877052,0.0124459400109395,0.0122795779839447,0.0121154396800276,0.0119534953751916,0.0117937157427539,0.0116360718480347,0.0114805351431177,0.0113270774616798,0.0111756710138908,0.0110262883813806,0.0108789025122744,0.0107334867162936,0.0105900146599222,0.0104484603616385,0.0103087981872098,0.0101710028450503,0.0100350493816409,0.00990091317701068,0.00976856994027812,0.00963799570525235,0.00950916682609307,0.00938205997302853,0.00925665212813068
"70",0.0193103713855735,0.0192662711349024,0.0190976269997529,0.0187630419098326,0.018562475543928,0.0180367800720109,0.0180171175325381,0.017769903533983,0.017535839338759,0.0173010101458665,0.0170698053223439,0.0168416304388469,0.0166165130619727,0.0163944038368018,0.016175263612,0.0159590525697265,0.0157457315727132,0.0155352619883376,0.0153276057026762,0.0151227251109782,0.0149205831111826,0.0147211430971589,0.0145243689520826,0.0143302250418946,0.0141386762088481,0.013949687765142,0.0137632254866389,0.0135792556066675,0.013397744809908,0.013218660226359,0.0130419694253846,0.0128676404098418,0.0126956416102863,0.0125259418792551,0.0123585104856263,0.0121933171090539,0.0120303318344768,0.011869525146702,0.011710867925059,0.0115543314381268,0.0113998873385307,0.0112475076578089,0.0110971648013474,0.0109488315433834,0.0108024810220744,0.010658086734634,0.0105156225325326,0.010375062616762,0.0102363815331632,0.0100995541678174
"71",0.0211417116844492,0.0207888585966552,0.0207413818362671,0.0205598255622434,0.0201996231619882,0.0199837005504143,0.0194177555143311,0.0193965875241052,0.0191304457313628,0.0188784605488984,0.0186256517971694,0.0183767449125163,0.0181310999534623,0.0178887465972248,0.0176496317100539,0.0174137131430164,0.0171809480296424,0.0169512942361415,0.0167247101720074,0.0165011548051466,0.0162805876516225,0.0160629687686768,0.015848258747452,0.0156364187058604,0.0154274102815421,0.0152211956249182,0.0150177373923364,0.0148169987393082,0.0146189433138374,0.0144235352498363,0.0142307391606309,0.014040520132553,0.0138528437186173,0.0136676759322833,0.013484983241301,0.0133047325616382,0.0131268912514895,0.0129514271053649,0.0127783083482577,0.0126075036298908,0.0124389820190386,0.0122727129979265,0.0121086664567037,0.0119468126879911,0.0117871223815013,0.0116295666187306,0.0114741168677224,0.0113207449779004,0.0111694231749703,0.0110201240558907
"72",0.0231073418649054,0.0231430694153641,0.0227568138639629,0.0227048427663679,0.0225060996600746,0.0221117990813368,0.02187543638457,0.0212559167614267,0.0212327449258396,0.0209414091023407,0.0206655700096286,0.0203888293853405,0.0201163599942398,0.019847461315468,0.019582165835605,0.0193204153910507,0.0190621638428879,0.0188073642667375,0.0185559705402588,0.0183079371358242,0.0180632191370803,0.0178217722277219,0.0175835526838516,0.0173485173660143,0.0171166237113906,0.0168878297260884,0.0166620939775386,0.0164393755869916,0.0162196342221147,0.0160028300896881,0.015788923928399,0.0155778770017317,0.0153696510909522,0.0151642084881881,0.0149615119895991,0.0147615248886401,0.0145642109694143,0.0143695345001141,0.014177460226551,0.0139879533657712,0.0138009795997565,0.0136165050692099,0.0134344963674238,0.0132549205342304,0.0130777450500331,0.0129029378299169,0.0127304672178389,0.0125603019808951,0.0123924113036644,0.0122267647826288
"73",0.0252923043837497,0.0250106826684738,0.0250493530803398,0.0246312818421372,0.0245750299098517,0.0243599164280368,0.0239331374974067,0.0236773057172712,0.0230067565562333,0.0229816760675252,0.0226663430502492,0.0223677832221341,0.0220682476037142,0.021773335037936,0.0214822873023699,0.0211951395594999,0.0209118288548177,0.0206323052489653,0.0203565179524248,0.0200844170437801,0.0198159532453145,0.019551077940936,0.019289743164026,0.0190319015891707,0.0187775065235382,0.0185265118984301,0.0182788722609373,0.0180345427657095,0.0177934791668338,0.0175556378098224,0.017320975623707,0.017089450113239,0.016861019351194,0.0166356419707794,0.0164132771581428,0.0161938846449814,0.0159774247012495,0.0157638581279637,0.0155531462501046,0.0153452509096129,0.0151401344584792,0.0149377597519265,0.0147380901416835,0.014541089469348,0.0143467220598388,0.0141549527149353,0.0139657467069036,0.0137790697722073,0.0135948881053028,0.0134131683525178
"74",0.0292286751522193,0.0274382973932004,0.0271327807325244,0.027174732238603,0.0267211886313737,0.0266601638538931,0.0264267984950957,0.0259638083680552,0.0256862698583376,0.0249588261656569,0.0249316176560052,0.0245895293680169,0.0242656374351512,0.02394068691845,0.0236207517096197,0.0233050092528268,0.0229934976940098,0.0226861487371176,0.0223829082055539,0.0220837210004289,0.0217885329646108,0.0214972906392836,0.0212099412833932,0.0209264328604656,0.0206467140296359,0.0203707341362946,0.0200984432029213,0.019829791920034,0.0195647316372588,0.0193032143545206,0.01904519271335,0.0187906199883076,0.0185394500785221,0.018291637499342,0.0180471373740987,0.0178059054259799,0.0175678979700112,0.017333071905145,0.017101384706456,0.0168727944174394,0.0166472596424136,0.0164247395390235,0.0162051938108446,0.0159885827000851,0.0157748669803867,0.015564007949721,0.0153559674233805,0.0151507077270639,0.0149481916900539,0.0147483826384854
"75",0.0320414983881183,0.0313713720516398,0.0294497452074994,0.0291218317191142,0.029166858607896,0.0286800666075767,0.028614568223242,0.0283640953072898,0.0278671642813031,0.0275692799672976,0.0267885088029921,0.0267593056908152,0.0263921395807846,0.0260445037650132,0.0256957317626999,0.0253523427306496,0.0250134538130725,0.0246791059523111,0.0243492258456646,0.0240237553449567,0.0237026353121059,0.0233858076198272,0.0230732148903434,0.0227648005162574,0.0224605086464031,0.0221602841762172,0.0218640727377002,0.0215718206895778,0.0212834751075863,0.0209989837748883,0.0207182951726171,0.0204413584705469,0.0201681235178878,0.0198985408342039,0.0196325616004532,0.0193701376501465,0.0191112214606249,0.0188557661444542,0.0186037254409337,0.0183550537077188,0.0181097059125559,0.0178676376251269,0.0176288050090037,0.0173931648137098,0.0171606743668878,0.0169312915665719,0.0167049748735636,0.0164816833039095,0.0162613764214792,0.0160440143306428
"76",0.0352936422577986,0.0347684174540847,0.0340412594438245,0.0319560909071114,0.0316002700614411,0.0316491290020207,0.0311209081530642,0.0310498354728315,0.0307780458456024,0.0302388230805459,0.0299155870677692,0.0290683677071805,0.0290366792392185,0.0286382651440378,0.0282610434854773,0.0278825889442495,0.0275099754955631,0.0271422451474326,0.0267794423266337,0.0264214874919766,0.026068317546535,0.0257198683192302,0.0253760767358052,0.0250368805352981,0.0247022182926909,0.0243720294035563,0.0240462540736104,0.0237248333078183,0.0234077088997195,0.0230948234208856,0.0227861202105207,0.0224815433652011,0.022181037728751,0.0218845488822549,0.0215920231342023,0.0213034075107647,0.0210186497462027,0.0207376982734013,0.0204605022145309,0.0201870113718345,0.0199171762185368,0.0196509478898758,0.0193882781742532,0.0191291195045044,0.0188734249492842,0.0186211482045677,0.0183722435852653,0.0181266660169499,0.0178843710276934,0.0176453147400141
"77",0.0389958008516405,0.0377918590004628,0.0372294568097081,0.0364508278205524,0.0342180632122397,0.0338370560288276,0.0338893733889858,0.0333237630816376,0.0332476596097851,0.0329566316905071,0.0323792407100579,0.0320331248365671,0.0311259361031415,0.031092004606233,0.0306653892629118,0.0302614664365821,0.0298562234595129,0.0294572350294841,0.0290634753442346,0.0286749919752344,0.0282916997510688,0.0279135311085739,0.0275404173344008,0.0271722908896593,0.0268090851063224,0.0264507342114783,0.0260971733108904,0.0257483383778104,0.0254041662413133,0.025064594574866,0.02472956188504,0.0243990075003754,0.0240728715603937,0.0237510950047577,0.0234336195625762,0.0231203877418516,0.0228113428190688,0.0225064288289228,0.022205590554184,0.0219087735156989,0.0216159239625243,0.0213269888621936,0.0210419158911129,0.020760653425086,0.0204831505299654,0.0202093569524285,0.0199392231108775,0.0196727000864606,0.0194097396142128,0.019150294074316
"78",0.0437185141443963,0.0421618056645704,0.0408601177583797,0.0402520550604974,0.0394102104667557,0.0369961713790971,0.0365842308502966,0.0366407957707162,0.0360292644945407,0.0359469823072135,0.0356323263107321,0.0350080579080189,0.0346338414570975,0.0336529995652924,0.033616313226063,0.0331550616860045,0.0327183450309988,0.0322802010443904,0.0318488194011904,0.0314230910159421,0.0310030673223649,0.0305886562341174,0.0301797847026937,0.0297763784360214,0.0293783644118388,0.028985670549452,0.0285982257359547,0.0282159598084542,0.027838803541976,0.0274666886368517,0.0270995477063599,0.0267373142645219,0.0263799227140618,0.0260273083345276,0.0256794072705706,0.025336156520382,0.0249974939242838,0.0246633581534718,0.0243336886989105,0.0240084258603741,0.0236875107356366,0.0233708852098043,0.0230584919447919,0.0227502743689392,0.0224461766667667,0.0221461437688671,0.0218501213419336,0.0215580557789202,0.0212698941893339,0.0209855843896568
"79",0.0488973381006525,0.047395300533127,0.0457076707568695,0.044296509130688,0.0436373075344506,0.0427246626675461,0.0401075996154853,0.0396610143289911,0.0397223364360066,0.0390593745493327,0.0389701723183508,0.0386290533254104,0.0379522831025661,0.0375465945401122,0.0364832625136841,0.0364434908035227,0.0359434473827826,0.0354700022642351,0.0349950097735594,0.0345273483485527,0.0340658156281661,0.0336104673717644,0.0331612037484199,0.0327179455661482,0.0322806122848126,0.0318491247408804,0.0314234047915732,0.0310033753432929,0.0305889603323522,0.0301800847118623,0.02977667443806,0.0293786564569091,0.0289859586908698,0.0285985100258463,0.0282162402983087,0.0278390802825869,0.0274669616783343,0.0270998170981596,0.0267375800554231,0.026380184952197,0.0260275670673858,0.025679662545006,0.0253364083826225,0.0249977424199394,0.0246636033275431,0.0243339305957961,0.0240086645238795,0.0236877462089816,0.0233711175356311,0.0230587211651726
"80",0.0539492080566932,0.0530894131241759,0.0514586026128501,0.0496262886695437,0.0480941450914389,0.0473784287102583,0.0463875408162176,0.0435461112632044,0.0430612392499045,0.043127818634375,0.0424080195848897,0.0423111698528563,0.0419408059875793,0.0412060147832654,0.0407655456590048,0.0396110518678907,0.0395678704426142,0.0390249572130832,0.0385109226159757,0.037995207987166,0.0374874529322116,0.0369863520090388,0.0364919657573839,0.0360041857875969,0.0355229261183926,0.0350480993047533,0.0345796193962846,0.0341174015508582,0.0336613620654741,0.03321141835534,0.0327674889396342,0.0323294934266608,0.0318973524993024,0.0314709879006552,0.0310503224198575,0.0306352798781074,0.0302257851148677,0.0298217639742549,0.02942314329161,0.0290298508802495,0.0286418155183925,0.0282589669362636,0.0278812358033669,0.0275085537159319,0.0271408531845252,0.0267780676218295,0.0264201313305847,0.0260669794916909,0.0257185481524704,0.0253747742150862
"81",0.0588333422409682,0.0579459140397098,0.0570224231295361,0.0552707976820405,0.053302740873106,0.0516570918771087,0.0508883532543448,0.049824057654848,0.0467721271713501,0.0462513345033018,0.046322846272025,0.0455497225256391,0.0454456978985996,0.0450478964576923,0.0442586698963392,0.0437855696056967,0.0425455477334763,0.0424991673092344,0.0419160335717313,0.0413639178753132,0.0408099976858153,0.0402646267373355,0.0397264028770542,0.0391953911296583,0.0386714750756939,0.0381545623641451,0.0376445590718265,0.0371413728809018,0.0366449126639037,0.0361550885168836,0.0356718117369401,0.0351949948069278,0.0347245513795125,0.0342603962615461,0.0338024453986377,0.0333506158599322,0.0329048258230924,0.0324649945594812,0.0320310424195429,0.0316028908183792,0.0311804622215179,0.0307636801308725,0.0303524690708889,0.0299467545748772,0.0295464631715269,0.0291515223716016,0.028761860654812,0.0283774074568638,0.0279980931566799,0.0276238490637917
"82",0.0662639514696489,0.0643621287752274,0.0633913056672316,0.0623810309043275,0.0604647987420286,0.0583117963636358,0.0565114996515199,0.0556705198202165,0.054506208431121,0.0511674767645192,0.0505977432853498,0.050675975279185,0.0498301982379918,0.0497163980324232,0.0492812137204088,0.0484178206232328,0.0479002613503767,0.0465437100414767,0.0464929710774131,0.0458550381081687,0.0452510380599284,0.0446450639437266,0.0440484424723072,0.0434596397273699,0.0428787268442113,0.0423055764630115,0.0417400875541885,0.0411821573682482,0.0406316849119058,0.0400885704941096,0.0395527157623046,0.0390240236778502,0.0385023984992914,0.0379877457649159,0.0374799722756607,0.0369789860782335,0.0364846964484603,0.0359970138748563,0.0355158500424164,0.0350411178166218,0.0345727312276608,0.0341106054548606,0.0336546568113268,0.0332048027287887,0.0327609617426463,0.0323230534772188,0.0318909986311883,0.0314647189632396,0.0310441372778912,0.0306291774115158
"83",0.0732514144970763,0.0716943910031785,0.0696367108188776,0.0685863271644791,0.0674932587273295,0.0654199881956189,0.0630905437401676,0.0611427097589826,0.0602328102508184,0.0589730816332531,0.0553607354291534,0.0547443113566788,0.0548289545907539,0.0539138647334792,0.0537907384143671,0.0533198900340332,0.0523857404560876,0.0518257663517292,0.0503580434375486,0.0503031463321392,0.0496129337094922,0.0489594348663947,0.0483038001772278,0.0476582845974269,0.0470212285015703,0.0463927088546091,0.0457725878593772,0.0451607562067525,0.0445571027267513,0.0439615181495237,0.0433738946141723,0.0427941257079892,0.0422221064398578,0.0416577332221539,0.0411009038518729,0.0405515174921359,0.040009474653927,0.0394746771780776,0.0389470282174898,0.0384264322195989,0.0379127949090693,0.0374060232707225,0.0369060255326921,0.0364127111498054,0.0359259907871865,0.035445776304078,0.0349719807378799,0.0345045182884014,0.034043304302323,0.033588255257867
"84",0.0831167368115117,0.0797433665329689,0.0780483508663528,0.0758083074996697,0.0746648329425158,0.0734748906372689,0.0712178752189688,0.0686819823040728,0.0665615203283766,0.0655709804120368,0.0641996075645325,0.0602671149379361,0.0595960598997696,0.0596882046929552,0.0586920144295963,0.0585579759640974,0.0580453983540647,0.0570284591904708,0.0564188570338516,0.0548210562662089,0.0547612938707887,0.0540099107264315,0.0532984951431042,0.0525847544230249,0.0518820296246545,0.051188514037239,0.0505042914467961,0.0498292118438004,0.0491631562315408,0.0485060035875253,0.0478576349577953,0.0472179329222149,0.0465867816371838,0.0459640668066825,0.0453496756625696,0.0447434969440356,0.0441454208774707,0.0435553391565835,0.0429731449227879,0.0423987327458521,0.041831998604806,0.0412728398691041,0.0407211552800396,0.0401768449324079,0.0396398102564143,0.0391099539998238,0.0385871802103499,0.0380713942182782,0.0375625026193227,0.0370604132577112
"85",0.0915526231964221,0.0897279991194876,0.0860863045944822,0.084256464178748,0.081838243529769,0.0806038148455662,0.0793192222807791,0.0768826795911261,0.0741450769618155,0.0718559494336301,0.0707866201005656,0.0693061656653487,0.0650608751441771,0.0643364431202121,0.0644359172843695,0.0633604881650068,0.0632157880266755,0.0626624390249459,0.0615646105986151,0.0609065195345205,0.0591816266745267,0.0591171106652444,0.0583059610857299,0.0575379581625744,0.056767445156896,0.0560088243001555,0.0552601451724116,0.05452149822418,0.0537927215138941,0.0530736865796199,0.0523642627725073,0.0516643216767753,0.0509737365324685,0.0502923822815676,0.0496201355367318,0.0489568745600286,0.0483024792407536,0.0476568310736965,0.0470198131376788,0.0463913100743806,0.0457712080674502,0.0451593948218932,0.0445557595437362,0.0439601929199638,0.0433725870987225,0.0427928356697899,0.0422208336453045,0.0416564774407535,0.0410996648562146,0.0405502950578485
"86",0.103550729575409,0.0995911921523061,0.0976063611260903,0.0936449159316506,0.0916544105579219,0.0890238635685424,0.0876810486933967,0.0862836654127161,0.0836331876577323,0.0806552160827684,0.0781650969407802,0.0770018775881807,0.0753914352329235,0.0707733966746041,0.0699853575515175,0.0700935658174406,0.06892371110074,0.0687663058972857,0.0681643713504152,0.0669701506067627,0.0662542773599923,0.0643779342224153,0.064307753532305,0.0634253828167835,0.0625899471512274,0.061751781011086,0.060926551182856,0.0601121359944282,0.0593086338381195,0.0585158685534538,0.0577337003991904,0.0569619872551552,0.0562005894303132,0.0554493690348404,0.0547081900302838,0.0539769181955592,0.0532554211038128,0.0525435680982941,0.0518412302687137,0.051148280427896,0.0504645930887473,0.0497900444415312,0.0491245123314477,0.0484678762365117,0.0478200172457282,0.0471808180375581,0.0465501628586723,0.0459279375029901,0.0453140292909971,0.0447083270493403
"87",0.116786621460916,0.111840106964758,0.10756360316081,0.105419883698966,0.10114131940398,0.0989914713553511,0.0961503454852162,0.0947000364445562,0.0931907907229385,0.0903281386021803,0.0871117763336805,0.0844223197519947,0.0831659831008515,0.0814266226346235,0.0764389037798403,0.0755877810482111,0.075704651533672,0.0744411483484652,0.0742711426434033,0.0736210224136008,0.072331202667692,0.0715580227893822,0.0695314758198952,0.0694556770696501,0.0685026713727213,0.0676003579406375,0.0666950954557471,0.0658038048522121,0.0649241946151722,0.0640563710133834,0.0632001437844831,0.0623553620007532,0.0615218721651056,0.0606995234040468,0.0598881667894843,0.0590876553929009,0.0582978442486312,0.0575185903288708,0.056749752517618,0.0559911915851383,0.0552427701627492,0.0545043527179435,0.0537758055298463,0.0530569966649988,0.0523477959534666,0.0516480749652669,0.0509577069871111,0.0502765669994579,0.0496045316538739,0.0489414792506956
"88",0.130822228708301,0.126221368048189,0.120875243475313,0.116253257208006,0.113936354811134,0.10931214159356,0.106988615504705,0.103917965890567,0.102350491903266,0.100719319964901,0.097625405076293,0.0941492051435423,0.0912424776023213,0.0898846462955099,0.0880047695182737,0.0826141118434889,0.0816942301462595,0.081820542153361,0.0804549653554791,0.0802712255366499,0.0795685845682326,0.0781745651948863,0.0773389230573984,0.0751486590725107,0.0750667368297692,0.0740367414303019,0.073061533530791,0.0720831383357231,0.0711198437571199,0.0701691731573584,0.0692312413902429,0.0683058428228388,0.067392814334552,0.0664919900278491,0.0656032068407414,0.0647263038138027,0.0638611221487201,0.0630075051686041,0.0621652982909782,0.0613343489996163,0.0605145068169435,0.0597056232767844,0.0589075518974764,0.0581201481553444,0.0573432694585274,0.0565767751211576,0.0558205263378827,0.05507438615873,0.0543382194643053,0.0536118929413248
"89",0.146650175741769,0.142218234199718,0.137216589713603,0.131404760912999,0.126380150554943,0.123861421353111,0.118834390053769,0.116308460166038,0.112970324359297,0.111266306740663,0.109493042402936,0.106129614669235,0.102350600804066,0.0991906664236951,0.0977145535894886,0.0956709195801055,0.0898106783714614,0.0888106652089865,0.0889479803333776,0.0874634472935689,0.0872637017851482,0.086499853326126,0.0849844000604615,0.0840759646180306,0.0816949053788052,0.0816058468386824,0.0804861279010644,0.0794259690365087,0.0783623452291028,0.0773151374622287,0.0762816533568239,0.0752620177716787,0.0742560071610459,0.0732634441947957,0.0722841485239573,0.0713179428821111,0.0703646522885554,0.0694241041119579,0.0684961280272079,0.0675805559860536,0.0666772221864858,0.0657859630427348,0.0649066171556443,0.0640390252834436,0.0631830303129102,0.062338477230918,0.0615052130963657,0.060683087012481,0.0598719500994937,0.0590716554676758
"90",0.164734704965091,0.159417163475227,0.154599388482813,0.149162313670901,0.142844521978464,0.137382481944771,0.134644478646191,0.129179806910281,0.126433976052578,0.122805230714129,0.120952865697173,0.119025225519571,0.115368986403945,0.111260981295382,0.107825951141899,0.106221331714692,0.103999784176072,0.0976293654156623,0.0965422936750846,0.096691563101609,0.0950777904273213,0.0948606555878417,0.0940303084433783,0.0923829237077683,0.0913954022083894,0.0888070540658533,0.0887102423179109,0.0874930435247852,0.0863405899517449,0.0851843697868271,0.084045994800777,0.082922538222924,0.0818141357819446,0.0807205444707725,0.0796415715213722,0.0785770208840547,0.077526699860041,0.0764904182352589,0.0754679883495355,0.0744592250496934,0.0734639456576315,0.0724819699370433,0.0715131200608023,0.0705572205787559,0.0696140983859538,0.0686835826912996,0.0677655049866228,0.0668596990161624,0.0659660007464605,0.0650842483366565
"91",0.182634790691576,0.177753972002282,0.172016176063591,0.166817644028119,0.16095086784337,0.154133770208408,0.148240055757467,0.145285663349497,0.139389109208386,0.136426270615834,0.132510739292724,0.130511978682859,0.128431993786947,0.124486795806167,0.120054127989101,0.116347621495168,0.114616186235072,0.11221906597395,0.105345182063328,0.104172197173593,0.104333263619603,0.102591951715568,0.102357656336305,0.101461685429018,0.0996841050446503,0.0986185380228776,0.0958256282753049,0.0957211653284298,0.0944077692213963,0.0931642352605374,0.0919166370275676,0.0906882943086406,0.0894760490253667,0.0882800476332928,0.0871000279200866,0.0859357818829229,0.084787097977969,0.0836537682771297,0.0825355875333876,0.0814323532554636,0.0803438656572064,0.0792699276231504,0.0782103446726037,0.0771649249244561,0.076133479062428,0.0751158203007869,0.0741117643505227,0.0731211293859738,0.0721437360119011,0.071179407231
"92",0.207863023100278,0.200321456244081,0.194967970723604,0.188674516810921,0.18297255004033,0.176537625213922,0.169060348182407,0.162595876342027,0.159355375519375,0.152887788988372,0.149638024038175,0.145343305963679,0.1431509819572,0.140869567765868,0.136542310063825,0.131680375112666,0.127614924189371,0.125715813776829,0.123086552289017,0.115546989701766,0.114260410948757,0.114437075344924,0.112527131817349,0.112270146872764,0.111287408610135,0.109337684300549,0.108168925945588,0.105105546040404,0.104990966723056,0.103550379090272,0.102186419173408,0.100818001393369,0.099470703864292,0.0981410626740735,0.0968292384612663,0.0955349436204471,0.0942579500054416,0.0929980255861499,0.0917549422983651,0.090528475018597,0.089318401645965,0.0881245030466847,0.0869465630162919,0.0857843682402519,0.0846377082553594,0.0835063754116224,0.0823901648346588,0.0812888743885951,0.080202304639462,0.0791302588190782
"93",0.232940039080173,0.224675732483317,0.216524176558574,0.210737681862633,0.203935190748088,0.197772028384381,0.190816623679472,0.182734557571803,0.175747215984096,0.172244611792725,0.165253903587007,0.161741285952114,0.157099195623566,0.154729548561525,0.152263605379855,0.147586343501578,0.142331157754034,0.137936878528981,0.135884161231597,0.133042235612246,0.124892846068935,0.123502204196136,0.12369315784446,0.121628731210712,0.12135096039895,0.120288734728879,0.118181309700304,0.11691801796337,0.113606860866709,0.113483013961816,0.111925906416786,0.110451624513114,0.10897252417825,0.107516252376255,0.106079065021349,0.104661135745108,0.103262153679548,0.10188187222521,0.100520040584566,0.0991764122467535,0.0978507438794856,0.0965427954175626,0.0952523300028713,0.0939791139435521,0.092722916671423,0.0914835107002573,0.0902606715845845,0.0890541778790447,0.0878638110982881,0.0866893556774077
"94",0.254834266079719,0.249970134944707,0.241101630228223,0.232354119312695,0.226144577725457,0.218844760877406,0.212231013692399,0.204767103840119,0.196094163097326,0.188595981477365,0.184837304154943,0.177335509785702,0.173566086943366,0.168584616387962,0.166041725959125,0.163395499263526,0.158376285789099,0.152736896804448,0.148021354662321,0.145818564528616,0.142768867562062,0.134023681410714,0.132531370608431,0.1327362847547,0.130520929222609,0.130222850766136,0.129082966463129,0.126821468951327,0.125465818771123,0.121912585116901,0.12177968384475,0.120108737172416,0.118526671470604,0.116939435065207,0.115376696171978,0.113834436977443,0.112312843807271,0.110811583066119,0.109330390125803,0.107868995853148,0.106427135715043,0.105004548589332,0.103600976859806,0.102216166351808,0.100849866288416,0.0995018292447572,0.0981718111032349,0.0968595710093143,0.0955648713279088,0.0942874776003451
"95",0.287321630964495,0.278600616305727,0.273282846631917,0.263587247536348,0.254023926364128,0.247235270584848,0.239254658306633,0.232024099912038,0.223864090989827,0.214382294552886,0.206184817609813,0.202075598568628,0.193874171944096,0.18975320523445,0.184307152832649,0.181527107387543,0.17863408833002,0.173146773029542,0.166981443417942,0.161826120441866,0.159417893721484,0.156083775953499,0.146522996357588,0.1448915096834,0.145115534530287,0.142693570537487,0.142367692691629,0.141121500512608,0.138649091247346,0.137167010436511,0.133282395148413,0.133137099239434,0.131310316758853,0.129580704464786,0.127845439237039,0.126136956208142,0.12445086285535,0.122787362881434,0.121146091579287,0.119526759640973,0.117929072833422,0.116352741952641,0.114797481523702,0.113263009904595,0.111749049215829,0.110255325292531,0.10878156763449,0.107327509357217,0.105892887143606,0.104477441196248
"96",0.314328005643489,0.310245094829196,0.300828288963471,0.295086250150756,0.28461710429935,0.274290789938689,0.266960512893639,0.258343181143368,0.250535745040249,0.241724703792222,0.231486418478112,0.222634919887399,0.218197853848107,0.209342090457368,0.204892339482023,0.199011783123737,0.196009936517719,0.19288610289325,0.186960991546639,0.180303771679192,0.17473714009556,0.17213677713393,0.168536652494417,0.158213082485374,0.156451430443212,0.156693328728535,0.154078132489753,0.153726255038509,0.152380637552426,0.14971097135158,0.148110645263501,0.143916102602772,0.143759214508728,0.141786685318991,0.139919078872552,0.138045368482809,0.136200577063747,0.134379961642723,0.132583742174584,0.130811524854691,0.129062997293172,0.127337841782074,0.125635746043759,0.123956401827174,0.122299505019981,0.120664755572551,0.119051857446236,0.117460518559431,0.115890450734724,0.114341369646705
"97",0.349424487447549,0.337891624271158,0.333502637791982,0.323379900484811,0.317207409372908,0.305953443347129,0.294853016183741,0.286973224460954,0.277709893896369,0.269317172856844,0.259845611349872,0.248839812336024,0.239324760599137,0.234555069626341,0.225035433378429,0.220252106542554,0.213930713908603,0.210703833683776,0.207345821676021,0.200976533986254,0.19382025521454,0.187836320745633,0.185041021411738,0.181171013203169,0.170073536121891,0.168179821724065,0.168439853929496,0.165628609340899,0.165250353374486,0.163803861589291,0.160934063694512,0.159213769061021,0.154704782247049,0.15453613302721,0.152415733063236,0.150408121382583,0.148393948176132,0.146410861852812,0.144453763882735,0.14252289070968,0.140617819007417,0.138738212967748,0.136883731065724,0.135054037613794,0.133248801252844,0.131467695072738,0.129710396530606,0.127976587395245,0.126265953689134,0.124578185631623
"98",0.373668133182432,0.36898206984328,0.356803702616847,0.352169060873706,0.341479745447178,0.334961774817254,0.323077914849479,0.311356187443336,0.303035357151658,0.293253550185779,0.284391081492178,0.274389388722965,0.262767585883465,0.252719968699597,0.24768331411219,0.237630855818359,0.232579802157149,0.225904595861776,0.222497104437261,0.218951141673658,0.212225359595921,0.204668537883593,0.198349677570533,0.195397922982335,0.191311307160017,0.17959269495456,0.177592987769451,0.177867574196083,0.174898981883869,0.174499554612938,0.172972101466161,0.16994167856998,0.168125097599245,0.16336373900166,0.163185650343168,0.160946569810153,0.158826590415519,0.156699682240973,0.154605600908546,0.152538962519348,0.150500016751113,0.148488316583688,0.146503507413406,0.14454522859988,0.142613125666844,0.140706848708737,0.138826052517986,0.136970396498728,0.13513954460809,0.133333165294965
"99",0.429747502712623,0.395894842489735,0.390930040456043,0.378027273677863,0.373116951924518,0.361791809448313,0.35488613372502,0.342295392229236,0.329876427342827,0.321060653384121,0.310697000227402,0.301307369868394,0.290710751554236,0.278397654996054,0.267752380568913,0.26241613324813,0.251765729749772,0.246414226862489,0.239341962705558,0.235731785221853,0.231974899779642,0.224849051467107,0.216842731216982,0.210148009387084,0.207020677099445,0.202690979210804,0.190275314824961,0.188156660086245,0.188447579596012,0.185302408034683,0.184879221836908,0.183260911980502,0.180050231998394,0.178125596276439,0.173081020235196,0.172892338420661,0.170520071812346,0.168273990774148,0.166020568814986,0.163801926320104,0.161612359142923,0.15945213181263,0.157320770719201,0.155217900166261,0.153143138061639,0.151096108843938,0.149076441794345,0.147083771171483,0.145117736119999,0.143177980608354
"100",0.41855894116213,0.469362573982723,0.432389300983851,0.42696683256428,0.41287466032761,0.407511694300616,0.395142575248615,0.387600319128182,0.373848935351639,0.360285162930642,0.350656731512682,0.339337733983207,0.329082546818113,0.317509108889907,0.304060963972796,0.292434384703953,0.286606230352662,0.274974049203522,0.269129232994012,0.261405031951237,0.257462060356078,0.253358856939691,0.245576132235835,0.236831771752043,0.229519915719501,0.226104299053993,0.22137548007831,0.207815312405289,0.205501355406662,0.205819092517557,0.202383992114821,0.201921795681315,0.200154306458203,0.196647658924186,0.19454560604259,0.189036009871759,0.18882993495201,0.186238987583093,0.183785857848056,0.181324710489793,0.178901548643424,0.176510142341578,0.174150780498323,0.171822945845221,0.169526228053378,0.167260209808524,0.165024480929186,0.162818636522874,0.160642277133365,0.158495008640867
"101",0.480818042152631,0.450037682828053,0.504662126234628,0.464908188448036,0.459077910122177,0.443925901848751,0.438159600937408,0.424860232247944,0.416750742439147,0.401965152449618,0.387381283583254,0.377028722597276,0.364858452369723,0.353831998948533,0.341388152514139,0.326928607198899,0.314427622800289,0.308161147946982,0.295654140365062,0.289369750558024,0.281064632217136,0.276825119867417,0.272413325073222,0.264045281657192,0.254643280307005,0.246781518384249,0.24310902197238,0.238024560681405,0.223444567666844,0.22095658391255,0.221298217214514,0.21760477174364,0.217107814704881,0.215207397162289,0.211437023684369,0.20917688081085,0.203252922079602,0.203031348795048,0.200245542936979,0.197607919622644,0.194961675700256,0.192356274082436,0.189785016261984,0.187248212881453,0.184745307769976,0.182275859738879,0.179839420088758,0.177435547789446,0.17506380749753,0.172723769714713
"102",0.523290171091917,0.500490622278959,0.468450890318489,0.525310282594622,0.483929819890324,0.477860996818908,0.462089046965297,0.456086818932328,0.442243309064214,0.433802020998985,0.418411481364717,0.403230916235582,0.392454782156137,0.379786567601998,0.368308968904589,0.355355984824352,0.340304829921147,0.327292370087592,0.320769503589517,0.307750774135236,0.301209259696454,0.292564338994389,0.28815136779104,0.283559065239272,0.274848644894404,0.265061962420186,0.256878537981051,0.253055782066433,0.247763290994176,0.232586760296594,0.22999698115305,0.230352592317568,0.226508030217121,0.225990740274212,0.224012567503857,0.220087929901367,0.217735313705555,0.211568977312513,0.211338338398527,0.208438551815621,0.205693010637467,0.202938496140698,0.200226495003737,0.197550034651217,0.194909438435573,0.192304127430313,0.189733642395608,0.187197516273604,0.184695289989466,0.182226510387788
"103",0.52388926413709,0.520331018541905,0.497660398852282,0.465801848308492,0.522339706520082,0.481193246112209,0.475158741616336,0.459475980530652,0.453507694485075,0.439742468253441,0.43134891481134,0.416045407109107,0.400950686527594,0.390235490387369,0.377638913294571,0.366226219247258,0.353346482970991,0.338380440813778,0.325441565113512,0.318955584760252,0.306010474893325,0.299505952051562,0.290909917494419,0.28652190119317,0.281955567643988,0.273294403837841,0.263563064054925,0.25542591604641,0.251624777426628,0.246362214851632,0.231271505887373,0.228696371680768,0.229049971900418,0.225227150406563,0.224712785685526,0.222745799280444,0.218843355103343,0.216504042712188,0.210372576322578,0.210143241648129,0.207259853062615,0.204529837639822,0.201790899641614,0.1990942345945,0.196432909352316,0.193807245438972,0.191216667201745,0.188660717997761,0.186138933410331,0.183650856960642
"104",0.587195587725725,0.574027792666476,0.570129007170015,0.545288708523601,0.510381153247912,0.57232993550583,0.527245576155818,0.520633542787837,0.503449871838291,0.496910394320294,0.481827774823759,0.472630921051744,0.455862799718247,0.439323447359891,0.427582759375966,0.413780633929395,0.401275694391939,0.387163310170877,0.37076495133333,0.356587767782826,0.349481050313454,0.335297035958862,0.328170001402511,0.318751288173773,0.313943319230682,0.30893996728734,0.299449891651311,0.288787219446192,0.27987131024614,0.275706385784237,0.26994017260621,0.25340521579469,0.250583629811491,0.250971071142068,0.246782388658776,0.246218796950271,0.244063561213243,0.239787635802412,0.237224440829397,0.230506165883959,0.23025488286297,0.227095541188221,0.224104251168806,0.221103184643896,0.218148436779182,0.215232410895631,0.212355459288418,0.209516951212298,0.206716386321649,0.203953255753042
"105",0.633696980010118,0.629968350515044,0.615841381057519,0.611658598489738,0.585008871734822,0.547558564754978,0.614019847828625,0.565651433474972,0.558557763424571,0.540122391854758,0.533106562799913,0.516925288409759,0.507058513315068,0.489068961011699,0.47132484177515,0.458728933362773,0.44392142734105,0.430505597422755,0.415365232618567,0.397772377215729,0.382562492940455,0.374938104788805,0.359720892136966,0.35207470695203,0.341969911615159,0.336811718454788,0.331443910118556,0.321262554162106,0.309823186834504,0.300257821001541,0.295789513255144,0.289603275006064,0.271863871498733,0.268836754291405,0.269252417796115,0.264758621435944,0.264153976328943,0.261841747949494,0.25725435367356,0.254504449309577,0.247296798785368,0.247027211694536,0.243637735844992,0.240428552944382,0.237208881393705,0.234038902467721,0.230910466126714,0.227823950327903,0.224778678381017,0.221774113494033
"106",0.570245342714417,0.566218196376083,0.562886607408085,0.550263938500349,0.546526556634769,0.522714607559609,0.489252170557748,0.548636369974637,0.505418432694173,0.499080127181717,0.482607833374011,0.476339080012658,0.461880857408988,0.453064739020551,0.436990791723747,0.421136142723778,0.409881500887138,0.396650761879491,0.384663507310116,0.371135353756715,0.355415861365981,0.341825591074181,0.335013080609591,0.321416262298325,0.314584275842428,0.305555482632302,0.300946556094924,0.29615033510838,0.287053133783179,0.276831879555623,0.268285075072617,0.264292571979139,0.258765071021677,0.242914635599769,0.240209858869848,0.2405812607344,0.236565983164516,0.236025723272591,0.233959710929277,0.229860802152809,0.227403719448775,0.220963570594252,0.220722690297908,0.217694140434599,0.214826685150537,0.211949858093039,0.209117432175541,0.206322125209656,0.203564274906091,0.200843276631469
"107",0.627496011567273,0.620117442524781,0.615738092969529,0.612115132332018,0.598388519285705,0.594324276212382,0.568429799123398,0.532040828797984,0.596618608063118,0.54962094805596,0.542728311659114,0.524815396035941,0.517998394631323,0.502275695377413,0.492688543359635,0.475208812544955,0.457967559257048,0.445728617192132,0.431340753896168,0.418305126790351,0.403593837884974,0.386499561634109,0.37172072343009,0.364312409411486,0.349526450516107,0.342096957189204,0.332278530390842,0.327266519729714,0.322050834358568,0.312158016658272,0.3010428394596,0.291748554805679,0.287406878298835,0.281395957208312,0.264159286006492,0.261217956893,0.261621840549986,0.257255397773249,0.256667888227122,0.254421188088438,0.249963799948262,0.247291827503482,0.2402884408241,0.240026493795103,0.236733075234498,0.233614840144944,0.230486413652253,0.227406271501965,0.224366494625393,0.221367450268499
"108",0.824739758007104,0.816585516186894,0.806983490836589,0.8012844690879,0.796569766320438,0.778706778837977,0.773417817686416,0.73972030479341,0.692365890472161,0.776403522972347,0.715243598846827,0.706273936974476,0.682963147454034,0.674091912405173,0.653631338553814,0.641155196339545,0.618408127438721,0.595971398828048,0.580044376760292,0.561320878029175,0.544357098032491,0.525212712692786,0.502967251145884,0.483734961217333,0.474094227546617,0.4548526711792,0.445184376032265,0.432407266747924,0.4258849379404,0.419097559132322,0.40622364200867,0.391759019854952,0.379663997588986,0.374014001276496,0.366191750599231,0.343760984839419,0.339933316283538,0.340458906149353,0.334776680504864,0.334012130966468,0.331088410721805,0.325287834258857,0.321810690248637,0.31269690462894,0.312356022542131,0.308070165985666,0.304012282647355,0.299941136830816,0.295932825349378,0.291977042804005
"109",0.941372900906936,0.921387779288304,0.912277973813837,0.90155072472915,0.895183856947937,0.889916656633242,0.869960375626867,0.864051621837728,0.826405229420498,0.773501536798252,0.867387210229466,0.799060194192767,0.789039412784699,0.762996923161551,0.753086102830825,0.730227834485157,0.716289662040715,0.690876953248195,0.665810952308654,0.648017504919691,0.627099872722526,0.608148173804496,0.586760332945927,0.561908012908063,0.540421966266252,0.529651472784726,0.50815507380638,0.497353789027211,0.483079380360808,0.475792725391883,0.468209960251186,0.453827399214033,0.437667724656008,0.424155334113555,0.417843236867351,0.409104327277278,0.384044987951731,0.379768769912872,0.380355951596037,0.374007848188677,0.373153704085037,0.369887364518724,0.363407041224134,0.359522424329244,0.349340629876489,0.34895980115335,0.344171701857093,0.339638291067328,0.335090063621468,0.330612033820283
"110",1.88613434272179,1.86704434230199,1.82740743729618,1.80933977170459,1.78806419675153,1.77543665621191,1.76499010890016,1.72541040407708,1.71369145049191,1.63902658186976,1.53410159422449,1.72030699193042,1.58479260799735,1.56491818499733,1.5132675767596,1.49361124183831,1.44827596551106,1.42063209985554,1.37023054896329,1.3205166309259,1.28522651874442,1.24374014622356,1.20615284983142,1.16373390274831,1.11444378246221,1.07183006181827,1.05046871935864,1.00783446671155,0.986412055234538,0.95810132532651,0.943649551835971,0.928610496918091,0.900085266176524,0.868035449437658,0.841236045833669,0.82871713282881,0.811385072714998,0.761684366794408,0.753203255124198,0.754367824699549,0.741777499930648,0.74008345826589,0.733605259454934,0.720752700249335,0.713048259226413,0.69285449572506,0.692099190242781,0.682602853888882,0.673611646516962,0.664591052964594
