Year,Month,rate
1753,Aug,2.853745541
1753,Sep,2.863961814
1753,Oct,2.881152461
1753,Nov,2.870813397
1753,Dec,2.888086643
1754,Jan,2.895054282
1754,Feb,2.923264312
1754,Mar,2.93398533
1754,Apr,2.905569007
1754,May,2.877697842
1754,Jun,2.870813397
1754,Jul,2.867383513
1754,Aug,2.881152461
1754,Sep,2.912621359
1754,Oct,2.916132042
1754,Nov,2.912621359
1754,Dec,2.888086643
1755,Jan,2.941176471
1755,Feb,2.992518703
1755,Mar,3.041825095
1755,Apr,3.072951878
1755,May,3.007217322
1755,Jun,3.034134008
1755,Jul,3.22147651
1755,Aug,3.256445047
1755,Sep,3.20855615
1755,Oct,3.310344828
1755,Nov,3.287671233
1755,Dec,3.234501348
1756,Jan,3.375527426
1756,Feb,3.361344538
1756,Mar,3.351955307
1756,Apr,3.305785124
1756,May,3.351955307
1756,Jun,3.361344538
1756,Jul,3.38028169
1756,Aug,3.361344538
1756,Sep,3.351955307
1756,Oct,3.394625177
1756,Nov,3.389830508
1756,Dec,3.389830508
1757,Jan,3.458213256
1757,Feb,3.418803419
1757,Mar,3.328710125
1757,Apr,3.366058906
1757,May,3.333333333
1757,Jun,3.333333333
1757,Jul,3.375527426
1757,Aug,3.347280335
1757,Sep,3.278688525
1757,Oct,3.296703297
1757,Nov,3.287671233
1757,Dec,3.305785124
1758,Jan,3.314917127
1758,Feb,3.243243243
1758,Mar,3.191489362
1758,Apr,3.191489362
1758,May,3.137254902
1758,Jun,3.100775194
1758,Jul,3.234501348
1758,Aug,3.265306122
1758,Sep,3.305785124
1758,Oct,3.342618384
1758,Nov,3.305785124
1758,Dec,3.342618384
1759,Jan,3.389830508
1759,Feb,3.458213256
1759,Mar,3.582089552
1759,Apr,3.692307692
1759,May,3.773584906
1759,Jun,3.785011355
1759,Jul,3.852327448
1759,Aug,3.669724771
1759,Sep,3.652968037
1759,Oct,3.669724771
1759,Nov,3.488372093
1759,Dec,3.550295858
1760,Jan,3.75
1760,Feb,3.738317757
1760,Mar,3.652968037
1760,Apr,3.636363636
1760,May,3.636363636
1760,Jun,3.560830861
1760,Jul,3.582089552
1760,Aug,3.587443946
1760,Sep,3.625377644
1760,Oct,3.614457831
1760,Nov,3.80952381
1760,Dec,3.966942149
1761,Jan,4.09556314
1761,Feb,4.074702886
1761,Mar,3.8647343
1761,Apr,3.409090909
1761,May,3.409090909
1761,Jun,3.498542274
1761,Jul,3.773584906
1761,Aug,3.870967742
1761,Sep,4.09556314
1761,Oct,4.173913043
1761,Nov,4.262877442
1761,Dec,4.511278195
1762,Jan,4.848484848
1762,Feb,4.411764706
1762,Mar,4.285714286
1762,Apr,4.316546763
1762,May,4.137931034
1762,Jun,4.166666667
1762,Jul,3.986710963
1762,Aug,3.498542274
1762,Sep,3.592814371
1762,Oct,3.697996918
1762,Nov,3.47826087
1762,Dec,3.243243243
1763,Jan,3.342618384
1763,Feb,3.178807947
1763,Mar,3.162022008
1763,Apr,3.178807947
1763,May,3.204272363
1763,Jun,3.20855615
1763,Jul,3.324099723
1763,Aug,3.438395415
1763,Sep,3.680981595
1763,Oct,3.592814371
1763,Nov,3.493449782
1763,Dec,3.50877193
1764,Jan,3.576751118
1764,Feb,3.524229075
1764,Mar,3.519061584
1764,Apr,3.428571429
1764,May,3.488372093
1764,Jun,3.47826087
1764,Jul,3.53460972
1764,Aug,3.614457831
1764,Sep,3.614457831
1764,Oct,3.566121842
1764,Nov,3.56040826
1764,Dec,3.399433428
1765,Jan,3.503649635
1765,Feb,3.443328551
1765,Mar,3.409090909
1765,Apr,3.423680456
1765,May,3.433476395
1765,Jun,3.385049365
1765,Jul,3.413940256
1765,Aug,3.342618384
1765,Sep,3.25203252
1765,Oct,3.265306122
1765,Nov,3.278688525
1765,Dec,3.265306122
1766,Jan,3.356643357
1766,Feb,3.399433428
1766,Mar,3.366058906
1766,Apr,3.3566058
1766,May,3.333333333
1766,Jun,3.305785124
1766,Jul,3.413940256
1766,Aug,3.337969402
1766,Sep,3.356643357
1766,Oct,3.370786517
1766,Nov,3.356643357
1766,Dec,3.328710125
1767,Jan,3.361344538
1767,Feb,3.370786517
1767,Mar,3.375527426
1767,Apr,3.370786517
1767,May,3.385049365
1767,Jun,3.366058906
1767,Jul,3.433790791
1767,Aug,3.399433428
1767,Sep,3.394625177
1767,Oct,3.375527426
1767,Nov,3.319502075
1767,Dec,3.238866397
1768,Jan,3.310344828
1768,Feb,3.278688525
1768,Mar,3.234501348
1768,Apr,3.2
1768,May,3.178807947
1768,Jun,3.174603175
1768,Jul,3.342618384
1768,Aug,3.324099723
1768,Sep,3.394625177
1768,Oct,3.418803419
1768,Nov,3.385049365
1768,Dec,3.333333333
1769,Jan,3.399433428
1769,Feb,3.404255319
1769,Mar,3.370786517
1769,Apr,3.385049365
1769,May,3.347280335
1769,Jun,3.342618384
1769,Jul,3.342618384
1769,Aug,3.361344538
1769,Sep,3.409090909
1769,Oct,3.394625177
1769,Nov,3.50877193
1769,Dec,3.473227207
1770,Jan,3.576751118
1770,Feb,3.504672897
1770,Mar,3.493449782
1770,Apr,3.458213256
1770,May,3.448275862
1770,Jun,3.519061584
1770,Jul,3.571428571
1770,Aug,3.53460972
1770,Sep,3.821656051
1770,Oct,3.797468354
1770,Nov,3.846153846
1770,Dec,3.833375926
1771,Jan,3.555555556
1771,Feb,3.409090909
1771,Mar,3.50877193
1771,Apr,3.428571429
1771,May,3.38028169
1771,Jun,3.370786517
1771,Jul,3.438395415
1771,Aug,3.433476395
1771,Sep,3.463203463
1771,Oct,3.45323741
1771,Nov,3.448275862
1771,Dec,3.394625177
1772,Jan,3.418803419
1772,Feb,3.413940256
1772,Mar,3.38028169
1772,Apr,3.366058906
1772,May,3.333333333
1772,Jun,3.351955307
1772,Jul,3.399048266
1772,Aug,3.389830508
1772,Sep,3.404255319
1772,Oct,3.433476395
1772,Nov,3.404255319
1772,Dec,3.375527426
1773,Jan,3.438395415
1773,Feb,3.433437099
1773,Mar,3.389830508
1773,Apr,3.498542274
1773,May,3.47826087
1773,Jun,3.703703704
1773,Jul,3.389830508
1773,Aug,3.448275862
1773,Sep,3.424657534
1773,Oct,3.413940256
1773,Nov,3.428571429
1773,Dec,3.433476395
1774,Jan,3.473227207
1774,Feb,3.463203463
1774,Mar,3.45323741
1774,Apr,3.413940256
1774,May,3.409090909
1774,Jun,3.385011171
1774,Jul,3.370786517
1774,Aug,3.394625177
1774,Sep,3.370786517
1774,Oct,3.38028169
1774,Nov,3.337969402
1774,Dec,3.292144942
1775,Jan,3.443328551
1775,Feb,3.389830508
1775,Mar,3.389830508
1775,Apr,3.366058906
1775,May,3.38028169
1775,Jun,3.375527426
1775,Jul,3.418803419
1775,Aug,3.375489446
1775,Sep,3.366058906
1775,Oct,3.370786517
1775,Nov,3.342618384
1775,Dec,3.351955307
1776,Jan,3.45323741
1776,Feb,3.483309144
1776,Mar,3.488372093
1776,Apr,3.50877193
1776,May,3.545051699
1776,Jun,3.539823009
1776,Jul,3.566121842
1776,Aug,3.582089552
1776,Sep,3.587443946
1776,Oct,3.664122137
1776,Nov,3.652968037
1776,Dec,3.664122137
1777,Jan,3.720930233
1777,Feb,3.779479944
1777,Mar,3.815580286
1777,Apr,3.767613594
1777,May,3.785488959
1777,Jun,3.797468354
1777,Jul,3.93442623
1777,Aug,3.8647343
1777,Sep,3.846153846
1777,Oct,3.797468354
1777,Nov,3.827751196
1777,Dec,3.993344426
1778,Jan,4.189944134
1778,Feb,4.339963834
1778,Mar,4.979253112
1778,Apr,4.938271605
1778,May,4.87804878
1778,Jun,4.857512953
1778,Jul,4.868154158
1778,Aug,4.696599662
1778,Sep,4.554079696
1778,Oct,4.597701149
1778,Nov,4.8
1778,Dec,4.87804878
1779,Jan,4.858299595
1779,Feb,5.063291139
1779,Mar,4.838709677
1779,Apr,4.715127701
1779,May,4.771371769
1779,Jun,4.938271605
1779,Jul,5
1779,Aug,4.90797546
1779,Sep,4.897959184
1779,Oct,4.858299595
1779,Nov,4.897959184
1779,Dec,4.838709677
1780,Jan,4.937458855
1780,Feb,4.948453608
1780,Mar,4.938271605
1780,Apr,4.938271605
1780,May,4.887983707
1780,Jun,4.733727811
1780,Jul,4.819277108
1780,Aug,4.868154158
1780,Sep,4.90797546
1780,Oct,4.90797546
1780,Nov,4.90797546
1780,Dec,4.979253112
1781,Jan,5.161290323
1781,Feb,5.095541401
1781,Mar,5.139186296
1781,Apr,5.117270789
1781,May,5.106382979
1781,Jun,5.073995772
1781,Jul,5.240174672
1781,Aug,5.263157895
1781,Sep,4.502814259
1781,Oct,5.369127517
1781,Nov,5.217391304
1781,Dec,5.194805195
1782,Jan,5.381165919
1782,Feb,5.517241379
1782,Mar,5.393258427
1782,Apr,5.042016807
1782,May,5.020920502
1782,Jun,5.010438413
1782,Jul,5.183585313
1782,Aug,5.298013245
1782,Sep,5.194805195
1782,Oct,5.18349575
1782,Nov,5
1782,Dec,4.624277457
1783,Jan,4.411764706
1783,Feb,4.403669725
1783,Mar,4.419889503
1783,Apr,4.419889503
1783,May,4.452690167
1783,Jun,4.511278195
1783,Jul,4.771371769
1783,Aug,4.643962848
1783,Sep,5.031446541
1783,Oct,5.095541401
1783,Nov,5.172413793
1783,Dec,5.263157895
1784,Jan,5.357142857
1784,Feb,5.239259518
1784,Mar,5.172413793
1784,Apr,5.161290323
1784,May,5.161290323
1784,Jun,5.084745763
1784,Jul,5.240174672
1784,Aug,4.554010565
1784,Sep,4.642166344
1784,Oct,5.466970387
1784,Nov,4.545454545
1784,Dec,5.321507761
1785,Jan,5.333333333
1785,Feb,5.417607223
1785,Mar,5.454545455
1785,Apr,5.208333333
1785,May,4.436229205
1785,Jun,5.117270789
1785,Jul,5.161290323
1785,Aug,5.106382979
1785,Sep,5.010438413
1785,Oct,4.588910134
1785,Nov,4.285714286
1785,Dec,4.188481675
1786,Jan,4.255319149
1786,Feb,4.278074866
1786,Mar,4.332129964
1786,Apr,4.293381038
1786,May,4.04040404
1786,Jun,4.033613445
1786,Jul,3.953871499
1786,Aug,3.858024691
1786,Sep,3.877221325
1786,Oct,3.93442623
1786,Nov,4.060913706
1786,Dec,3.980046699
1787,Jan,4.06779661
1787,Feb,4
1787,Mar,3.933910307
1787,Apr,3.883495146
1787,May,3.902439024
1787,Jun,4.06779661
1787,Jul,4.247787611
1787,Aug,4.137931034
1787,Sep,4.152249135
1787,Oct,3.973509934
1787,Nov,3.902439024
1787,Dec,3.877221325
1788,Jan,3.973509934
1788,Feb,3.986710963
1788,Mar,3.966942149
1788,Apr,3.993344426
1788,May,3.968253968
1788,Jun,3.986710963
1788,Jul,4.033613445
1788,Aug,4.047217538
1788,Sep,4.020100503
1788,Oct,3.966942149
1788,Nov,4.060913706
1788,Dec,4.054054054
1789,Jan,4.181184669
1789,Feb,4.054054054
1789,Mar,4.04040404
1789,Apr,4
1789,May,3.9408867
1789,Jun,3.889789303
1789,Jul,3.803486529
1789,Aug,3.785488959
1789,Sep,3.738317757
1789,Oct,3.791469194
1789,Nov,3.852327448
1789,Dec,3.80952381
1790,Jan,3.803486529
1790,Feb,3.877221325
1790,Mar,3.779527559
1790,Apr,3.761755486
1790,May,4.013377926
1790,Jun,4.054054054
1790,Jul,4.060913706
1790,Aug,3.908285565
1790,Sep,3.93442623
1790,Oct,4.04040404
1790,Nov,3.779527559
1790,Dec,3.697996918
1791,Jan,3.711722858
1791,Feb,3.726708075
1791,Mar,3.93442623
1791,Apr,3.697996918
1791,May,3.675344564
1791,Jun,4.858299595
1791,Jul,3.614457831
1791,Aug,3.375527426
1791,Sep,3.361344538
1791,Oct,3.438395415
1791,Nov,3.404255319
1791,Dec,3.314917127
1792,Jan,3.212851406
1792,Feb,3.120936281
1792,Mar,3.10880829
1792,Apr,3.230148048
1792,May,3.212851406
1792,Jun,3.234501348
1792,Jul,3.204272363
1792,Aug,3.351955307
1792,Sep,3.328710125
1792,Oct,3.319502075
1792,Nov,3.80952381
1792,Dec,3.803486529
1793,Jan,3.96039604
1793,Feb,4.09556314
1793,Mar,3.921568627
1793,Apr,3.877221325
1793,May,3.896103896
1793,Jun,3.8647343
1793,Jul,3.864684513
1793,Aug,3.947368421
1793,Sep,4.006677796
1793,Oct,4.047217538
1793,Nov,3.980099502
1793,Dec,4.074702886
1794,Jan,4.452690167
1794,Feb,4.545454545
1794,Mar,4.436229205
1794,Apr,4.210526316
1794,May,4.247727466
1794,Jun,4.411764706
1794,Jul,4.452690167
1794,Aug,4.47761194
1794,Sep,4.642166344
1794,Oct,4.494382022
1794,Nov,4.379562044
1794,Dec,4.545454545
1795,Jan,4.790419162
1795,Feb,4.780876494
1795,Mar,4.838709677
1795,Apr,4.571428571
1795,May,4.504504505
1795,Jun,4.419824386
1795,Jul,4.493708808
1795,Aug,4.436229205
1795,Sep,4.363001745
1795,Oct,4.371584699
1795,Nov,4.395604396
1795,Dec,4.278074866
1796,Jan,4.394960445
1796,Feb,4.42804428
1796,Mar,4.339963834
1796,Apr,4.502814259
1796,May,4.660194175
1796,Jun,4.705144291
1796,Jul,4.968944099
1796,Aug,5.405405405
1796,Sep,4.42804428
1796,Oct,5.22875817
1796,Nov,5.321413367
1796,Dec,5.442176871
1797,Jan,4.588839941
1797,Feb,4.84840649
1797,Mar,5.985037406
1797,Apr,6.21761658
1797,May,6.266318538
1797,Jun,5.517241379
1797,Jul,5.660377358
1797,Aug,5.727923628
1797,Sep,6.060606061
1797,Oct,6.090133983
1797,Nov,6.091370558
1797,Dec,6.060606061
1798,Jan,6.299212598
1798,Feb,6.015037594
1798,Mar,6.015037594
1798,Apr,6.21761658
1798,May,6.048387097
1798,Jun,6.091370558
1798,Jul,6
1798,Aug,6
1798,Sep,5.940594059
1798,Oct,5.345211581
1798,Nov,5.700712589
1798,Dec,5.491990847
1799,Jan,5.673758865
1799,Feb,5.555555556
1799,Mar,5.607476636
1799,Apr,5.405405405
1799,May,5.357142857
1799,Jun,4.848484848
1799,Jul,4.733727811
1799,Aug,4.502814259
1799,Sep,4.948453608
1799,Oct,4.938271605
1799,Nov,4.733727811
1799,Dec,4.761904762
1800,Jan,4.968944099
1800,Feb,4.752475248
1800,Mar,4.733727811
1800,Apr,4.743083004
1800,May,4.6875
1800,Jun,4.624277457
1800,Jul,4.615384615
1800,Aug,4.562737643
1800,Sep,4.545454545
1800,Oct,4.705882353
1800,Nov,4.724409449
1800,Dec,4.771371769
1801,Jan,5.206073753
1801,Feb,5.369127517
1801,Mar,5.183585313
1801,Apr,4.897959184
1801,May,4.90797546
1801,Jun,4.848484848
1801,Jul,5.128205128
1801,Aug,4.958677686
1801,Sep,5.106382979
1801,Oct,4.403669725
1801,Nov,4.444444444
1801,Dec,4.355716878
1802,Jan,4.371584699
1802,Feb,4.339963834
1802,Mar,4.247787611
1802,Apr,3.902439024
1802,May,3.953871499
1802,Jun,3.986710963
1802,Jul,4.181184669
1802,Aug,4.460966543
1802,Sep,4.324324324
1802,Oct,4.395604396
1802,Nov,4.45262408
1802,Dec,4.088586031
1803,Jan,4.239683437
1803,Feb,4.217926186
1803,Mar,4.828973843
1803,Apr,4.752475248
1803,May,5
1803,Jun,4.460966543
1803,Jul,5.755395683
1803,Aug,5.542725173
1803,Sep,5.714285714
1803,Oct,5.594405594
1803,Nov,5.504587156
1803,Dec,5.345211581
1804,Jan,5.380200861
1804,Feb,5.393258427
1804,Mar,5.309734513
1804,Apr,5.357142857
1804,May,5.357142857
1804,Jun,5.251641138
1804,Jul,5.117270789
1804,Aug,5.263157895
1804,Sep,5.240174672
1804,Oct,5.217391304
1804,Nov,5.117270789
1804,Dec,5.033557047
1805,Jan,4.918032787
1805,Feb,5.172413793
1805,Mar,5.161290323
1805,Apr,5.161290323
1805,May,5.063291139
1805,Jun,5.020920502
1805,Jul,5.117270789
1805,Aug,5.150214592
1805,Sep,5.106382979
1805,Oct,5.063291139
1805,Nov,4.918032787
1805,Dec,4.979253112
1806,Jan,4.928131417
1806,Feb,5.010438413
1806,Mar,4.948453608
1806,Apr,4.98960499
1806,May,4.887983707
1806,Jun,4.743083004
1806,Jul,4.6875
1806,Aug,4.771371769
1806,Sep,4.752475248
1806,Oct,4.897959184
1806,Nov,5.063291139
1806,Dec,4.968944099
1807,Jan,4.838709677
1807,Feb,4.809619238
1807,Mar,4.828973843
1807,Apr,4.733727811
1807,May,4.715127701
1807,Jun,4.69667319
1807,Jul,4.838709677
1807,Aug,4.8
1807,Sep,4.780876494
1807,Oct,4.780876494
1807,Nov,4.696599662
1807,Dec,4.6692607
1808,Jan,4.724409449
1808,Feb,4.69667319
1808,Mar,4.642166344
1808,Apr,4.502814259
1808,May,4.403669725
1808,Jun,4.301075269
1808,Jul,4.411764706
1808,Aug,4.562737643
1808,Sep,4.545454545
1808,Oct,4.469273743
1808,Nov,4.519774011
1808,Dec,4.485981308
1809,Jan,4.502746675
1809,Feb,4.42804428
1809,Mar,4.452690167
1809,Apr,4.42804428
1809,May,4.403605085
1809,Jun,4.332129964
1809,Jul,4.411764706
1809,Aug,4.395604396
1809,Sep,4.395604396
1809,Oct,4.332129964
1809,Nov,4.285714286
1809,Dec,4.240282686
1810,Jan,4.419824386
1810,Feb,4.419889503
1810,Mar,4.355716878
1810,Apr,4.278074866
1810,May,4.262877442
1810,Jun,4.210526316
1810,Jul,4.363636364
1810,Aug,4.403669725
1810,Sep,4.6875
1810,Oct,4.545454545
1810,Nov,4.485981308
1810,Dec,4.469273743
1811,Jan,4.554079696
1811,Feb,4.562737643
1811,Mar,4.624277457
1811,Apr,4.633204633
1811,May,4.660194175
1811,Jun,4.705882353
1811,Jul,4.828973843
1811,Aug,4.678362573
1811,Sep,4.715127701
1811,Oct,4.678362573
1811,Nov,4.724409449
1811,Dec,4.724409449
1812,Jan,4.780876494
1812,Feb,4.87804878
1812,Mar,4.828973843
1812,Apr,4.958677686
1812,May,4.897159647
1812,Jun,4.90797546
1812,Jul,5.298013245
1812,Aug,5.084745763
1812,Sep,5.274725275
1812,Oct,5.106382979
1812,Nov,5.139186296
1812,Dec,5
1813,Jan,5.063291139
1813,Feb,5.128205128
1813,Mar,5.084745763
1813,Apr,5.020920502
1813,May,5.13909826
1813,Jun,5.194805195
1813,Jul,5.194805195
1813,Aug,4.485914229
1813,Sep,5.106382979
1813,Oct,5.172413793
1813,Nov,5
1813,Dec,4.979253112
1814,Jan,4.479283315
1814,Feb,4.262877442
1814,Mar,4.780876494
1814,Apr,4.437869822
1814,May,4.444444444
1814,Jun,4.444444444
1814,Jul,4.460966543
1814,Aug,4.597701149
1814,Sep,4.597701149
1814,Oct,4.6692607
1814,Nov,4.545454545
1814,Dec,4.536862004
1815,Jan,4.596996629
1815,Feb,4.69667319
1815,Mar,5.149330587
1815,Apr,5.251641138
1815,May,5.052631579
1815,Jun,5.084745763
1815,Jul,5.286343612
1815,Aug,5.321507761
1815,Sep,5.251641138
1815,Oct,4.918032787
1815,Nov,4.90797546
1815,Dec,4.90797546
1816,Jan,4.858299595
1816,Feb,4.858299595
1816,Mar,4.98960499
1816,Apr,4.809619238
1816,May,4.6692607
1816,Jun,4.6692607
1816,Jul,4.743083004
1816,Aug,4.868154158
1816,Sep,4.87012987
1816,Oct,4.848484848
1816,Nov,4.761904762
1816,Dec,4.761904762
1817,Jan,4.724409449
1817,Feb,4.452690167
1817,Mar,4.188481675
1817,Apr,4.159445407
1817,May,4.102508
1817,Jun,4.1095890410000004
1817,Jul,3.8585209
1817,Aug,3.797468354
1817,Sep,3.703703704
1817,Oct,3.641881639
1817,Nov,3.5982009
1817,Dec,3.5982009
1818,Jan,3.803486529
1818,Feb,3.761283852
1818,Mar,3.80952381
1818,Apr,3.773584906
1818,May,3.797468354
1818,Jun,3.797468354
1818,Jul,3.883495146
1818,Aug,4.054054054
1818,Sep,4.020100503
1818,Oct,3.8647343
1818,Nov,3.833375926
1818,Dec,3.791469194
1819,Jan,3.816793893
1819,Feb,4.1095890410000004
1819,Mar,4.04040404
1819,Apr,4.166666667
1819,May,3.443328551
1819,Jun,4.528301887
1819,Jul,4.203152364
1819,Aug,4.188481675
1819,Sep,4.316546763
1819,Oct,4.511278195
1819,Nov,4.436229205
1819,Dec,4.47761194
1820,Jan,4.419824386
1820,Feb,4.395604396
1820,Mar,4.371584699
1820,Apr,4.316546763
1820,May,4.308797127
1820,Jun,4.293381038
1820,Jul,4.373177843
1820,Aug,4.444444444
1820,Sep,4.528301887
1820,Oct,4.419889503
1820,Nov,4.324324324
1820,Dec,4.308797127
1821,Jan,4.189944134
1821,Feb,4.116638079
1821,Mar,4.173913043
1821,Apr,4.14507772
1821,May,3.908794788
1821,Jun,3.915171289
1821,Jul,4.033613445
1821,Aug,3.947368421
1821,Sep,3.927986907
1821,Oct,3.870967742
1821,Nov,3.870967742
1821,Dec,3.883495146
1822,Jan,3.940834932
1822,Feb,3.815580286
1822,Mar,3.773584906
1822,Apr,3.821656051
1822,May,3.779527559
1822,Jun,3.773584906
1822,Jul,3.732503888
1822,Aug,3.732503888
1822,Sep,3.686635945
1822,Oct,3.641881639
1822,Nov,3.697996918
1822,Dec,3.767613594
1823,Jan,4.004805767
1823,Feb,4.127853379
1823,Mar,4.084188744
1823,Apr,3.910680067
1823,May,3.765391036
1823,Jun,3.735245779
1823,Jul,3.638039339
1823,Aug,3.65065651
1823,Sep,3.638657093
1823,Oct,3.673634326
1823,Nov,3.611846858
1823,Dec,3.521870818
1824,Jan,3.317886727
1824,Feb,3.26306859
1824,Mar,3.192949966
1824,Apr,3.160589555
1824,May,3.202117667
1824,Jun,3.184476737
1824,Jul,3.268116258
1824,Aug,3.227784771
1824,Sep,3.184206337
1824,Oct,3.156100743
1824,Nov,3.193153878
1824,Dec,3.184476737
1825,Jan,3.215123943
1825,Feb,3.205915984
1825,Mar,3.246015516
1825,Apr,3.290195218
1825,May,3.406265257
1825,Jun,3.325057634
1825,Jul,3.349934118
1825,Aug,3.377389503
1825,Sep,3.436780424
1825,Oct,3.46036726
1825,Nov,3.616244169
1825,Dec,3.71673522
1826,Jan,3.740974898
1826,Feb,3.923568878
1826,Mar,3.789266272
1826,Apr,3.84916409
1826,May,3.842163907
1826,Jun,3.889789303
1826,Jul,3.874066996
1826,Aug,3.84201629
1826,Sep,3.776815389
1826,Oct,3.706174487
1826,Nov,3.643341187
1826,Dec,3.812816146
1827,Jan,3.805850861
1827,Feb,3.648791642
1827,Mar,3.656128891
1827,Apr,3.644226331
1827,May,3.654525521
1827,Jun,3.523566789
1827,Jul,3.46036726
1827,Aug,3.466805339
1827,Sep,3.486061564
1827,Oct,3.430374826
1827,Nov,3.601743244
1827,Dec,3.639010189
1828,Jan,3.500501739
1828,Feb,3.617857746
1828,Mar,3.633456871
1828,Apr,3.536276301
1828,May,3.537861009
1828,Jun,3.424344809
1828,Jul,3.484522911
1828,Aug,3.446216055
1828,Sep,3.435520997
1828,Oct,3.512345896
1828,Nov,3.501196242
1828,Dec,3.497237183
1829,Jan,3.451211375
1829,Feb,3.465764028
1829,Mar,3.460047979
1829,Apr,3.439499209
1829,May,3.441077287
1829,Jun,3.450258769
1829,Jul,3.388375613
1829,Aug,3.426222019
1829,Sep,3.377161383
1829,Oct,3.3316305
1829,Nov,3.232131699
1829,Dec,3.212369765
1830,Jan,3.245839915
1830,Feb,3.294205493
1830,Mar,3.26665723
1830,Apr,3.281485857
1830,May,3.276361055
1830,Jun,3.302764414
1830,Jul,3.313233053
1830,Aug,3.303309917
1830,Sep,3.429943406
1830,Oct,3.617552364
1830,Nov,3.688857192
1830,Dec,3.711401425
1831,Jan,3.729766019
1831,Feb,3.860904481
1831,Mar,3.835336231
1831,Apr,3.843443726
1831,May,3.63314885
1831,Jun,3.690082289
1831,Jul,3.639495809
1831,Aug,3.677552221
1831,Sep,3.719039
1831,Oct,3.666898904
1831,Nov,3.649235485
1831,Dec,3.639716587
1832,Jan,3.649901453
1832,Feb,3.65461456
1832,Mar,3.634205139
1832,Apr,3.568497306
1832,May,3.562395355
1832,Jun,3.608675255
1832,Jul,3.611368588
1832,Aug,3.580593185
1832,Sep,3.60113796
1832,Oct,3.611020836
1832,Nov,3.667795533
1832,Dec,3.565104755
1833,Jan,3.464843389
1833,Feb,3.434380438
1833,Mar,3.46572399
1833,Apr,3.455027064
1833,May,3.407542026
1833,Jun,3.410059676
1833,Jul,3.382034632
1833,Aug,3.412581049
1833,Sep,3.430924062
1833,Oct,3.479793996
1833,Nov,3.441274648
1833,Dec,3.430610191
1834,Jan,3.383713061
1834,Feb,3.317593197
1834,Mar,3.32119253
1834,Apr,3.320861653
1834,May,3.29044783
1834,Jun,3.297319279
1834,Jul,3.302618977
1834,Aug,3.368818219
1834,Sep,3.344556177
1834,Oct,3.308957348
1834,Nov,3.340385258
1834,Dec,3.314990387
1835,Jan,3.254925788
1835,Feb,3.312684268
1835,Mar,3.298370605
1835,Apr,3.266301567
1835,May,3.349821901
1835,Jun,3.339827442
1835,Jul,3.341203724
1835,Aug,3.359086329
1835,Sep,3.316492919
1835,Oct,3.322406308
1835,Nov,3.326200481
1835,Dec,3.331260549
1836,Jan,3.303891985
1836,Feb,3.285115143
1836,Mar,3.299749219
1836,Apr,3.303891985
1836,May,3.307753374
1836,Jun,3.313123281
1836,Jul,3.299277458
1836,Aug,3.316712916
1836,Sep,3.393051031
1836,Oct,3.416350654
1836,Nov,3.490035947
1836,Dec,3.413668328
1837,Jan,3.354091433
1837,Feb,3.353416573
1837,Mar,3.3502334
1837,Apr,3.344891793
1837,May,3.339604368
1837,Jun,3.3271965040000002
1837,Jul,3.280911656
1837,Aug,3.289149097
1837,Sep,3.29041174
1837,Oct,3.262784678
1837,Nov,3.253196265
1837,Dec,3.303710066
1838,Jan,3.262607258
1838,Feb,3.257541208
1838,Mar,3.245734564
1838,Apr,3.240720736
1838,May,3.218366143
1838,Jun,3.20543642
1838,Jul,3.201844262
1838,Aug,3.207355535
1838,Sep,3.223830555
1838,Oct,3.218745977
1838,Nov,3.241736274
1838,Dec,3.249742729
1839,Jan,3.249074014
1839,Feb,3.248440748
1839,Mar,3.267262034
1839,Apr,3.253619652
1839,May,3.246226262
1839,Jun,3.269184665
1839,Jul,3.271394923
1839,Aug,3.313342832
1839,Sep,3.358898281
1839,Oct,3.350532735
1839,Nov,3.354691536
1839,Dec,3.315283457
1840,Jan,3.290880969
1840,Feb,3.33129754
1840,Mar,3.339864624
1840,Apr,3.340980466
1840,May,3.281198731
1840,Jun,3.283497143
1840,Jul,3.345861727
1840,Aug,3.36379436
1840,Sep,3.435166949
1840,Oct,3.456380478
1840,Nov,3.368213051
1840,Dec,3.400473799
1841,Jan,3.359424866
1841,Feb,3.406419966
1841,Mar,3.410563652
1841,Apr,3.364284753
1841,May,3.377807803
1841,Jun,3.358221486
1841,Jul,3.359612973
1841,Aug,3.368213051
1841,Sep,3.381615285
1841,Oct,3.446136881
1841,Nov,3.41099021
1841,Dec,3.364511137
1842,Jan,3.416506281
1842,Feb,3.382110888
1842,Mar,3.371582059
1842,Apr,3.272251309
1842,May,3.285043198
1842,Jun,3.287383024
1842,Jul,3.299277458
1842,Aug,3.253760805
1842,Sep,3.259416999
1842,Oct,3.232305819
1842,Nov,3.209963727
1842,Dec,3.188402717
1843,Jan,3.172320447
1843,Feb,3.146765125
1843,Mar,3.119443491
1843,Apr,3.139257461
1843,May,3.167697928
1843,Jun,3.191489362
1843,Jul,3.206395691
1843,Aug,3.201400079
1843,Sep,3.181369898
1843,Oct,3.168032441
1843,Nov,3.167330046
1843,Dec,3.101608701
1844,Jan,3.086356248
1844,Feb,3.093708428
1844,Mar,3.059413816
1844,Apr,3.035607678
1844,May,3.052254599
1844,Jun,3.043892936
1844,Jul,3.020265985
1844,Aug,3.063788068
1844,Sep,3.020691738
1844,Oct,3.02914033
1844,Nov,3.0097214
1844,Dec,2.990341198
1845,Jan,3.006463897
1845,Feb,3.024894885
1845,Mar,3.024345985
1845,Apr,3.058478101
1845,May,3.048068033
1845,Jun,3.033367037
1845,Jul,3.035300545
1845,Aug,3.051819902
1845,Sep,3.078564978
1845,Oct,3.12376351
1845,Nov,3.223726628
1845,Dec,3.155171326
1846,Jan,3.168969451
1846,Feb,3.13116448
1846,Mar,3.146996192
1846,Apr,3.148052929
1846,May,3.147722623
1846,Jun,3.174905547
1846,Jul,3.131916315
1846,Aug,3.139388866
1846,Sep,3.171850881
1846,Oct,3.215571943
1846,Nov,3.197680616
1846,Dec,3.183935982
1847,Jan,3.285834766
1847,Feb,3.344705331
1847,Mar,3.381729642
1847,Apr,3.476366502
1847,May,3.450655625
1847,Jun,3.397854821
1847,Jul,3.392859162
1847,Aug,3.460487006
1847,Sep,3.505082369
1847,Oct,3.747470457
1847,Nov,3.573513121
1847,Dec,3.532279144
1848,Jan,3.359086329
1848,Feb,3.43524562
1848,Mar,3.707548569
1848,Apr,3.683919691
1848,May,3.610977371
1848,Jun,3.541578127
1848,Jul,3.495973804
1848,Aug,3.47991509
1848,Sep,3.522201611
1848,Oct,3.547315274
1848,Nov,3.479592192
1848,Dec,3.389256058
1849,Jan,3.289437616
1849,Feb,3.235582782
1849,Mar,3.281234619
1849,Apr,3.294096978
1849,May,3.334630134
1849,Jun,3.275430992
1849,Jul,3.227680589
1849,Aug,3.259629489
1849,Sep,3.263281556
1849,Oct,3.271394923
1849,Nov,3.177360249
1849,Dec,3.129661892
1850,Jan,3.126
1850,Feb,3.172
1850,Mar,3.155
1850,Apr,3.159
1850,May,3.15
1850,Jun,3.127
1850,Jul,3.106
1850,Aug,3.126
1850,Sep,3.13
1850,Oct,3.118
1850,Nov,3.142
1850,Dec,3.107
1851,Jan,3.109
1851,Feb,3.134
1851,Mar,3.13
1851,Apr,3.126
1851,May,3.102
1851,Jun,3.091
1851,Jul,3.106
1851,Aug,3.142
1851,Sep,3.134
1851,Oct,3.101
1851,Nov,3.078
1851,Dec,3.091
1852,Jan,3.118
1852,Feb,3.104
1852,Mar,3.062
1852,Apr,3.046
1852,May,3.039
1852,Jun,2.976
1852,Jul,2.997
1852,Aug,3.012
1852,Sep,3.02
1852,Oct,3.02
1852,Nov,2.997
1852,Dec,2.983
1853,Jan,3.023
1853,Feb,3.023
1853,Mar,3.031
1853,Apr,3.008
1853,May,3.02
1853,Jun,3.067
1853,Jul,3.062
1853,Aug,3.074
1853,Sep,3.238
1853,Oct,3.302
1853,Nov,3.175
1853,Dec,3.196
1854,Jan,3.314
1854,Feb,3.288
1854,Mar,3.515
1854,Apr,3.474
1854,May,3.386
1854,Jun,3.196
1854,Jul,3.253
1854,Aug,3.205
1854,Sep,3.18
1854,Oct,3.205
1854,Nov,3.297
1854,Dec,3.286
1855,Jan,3.302
1855,Feb,3.316
1855,Mar,3.253
1855,Apr,3.415
1855,May,3.33
1855,Jun,3.295
1855,Jul,3.311
1855,Aug,3.311
1855,Sep,3.42
1855,Oct,3.444
1855,Nov,3.41
1855,Dec,3.397
1856,Jan,3.325
1856,Feb,3.307
1856,Mar,3.266
1856,Apr,3.271
1856,May,3.209
1856,Jun,3.156
1856,Jul,3.142
1856,Aug,3.172
1856,Sep,3.24
1856,Oct,3.271
1856,Nov,3.22
1856,Dec,3.185
1857,Jan,3.235
1857,Feb,3.218
1857,Mar,3.24
1857,Apr,3.258
1857,May,3.244
1857,Jun,3.219
1857,Jul,3.33
1857,Aug,3.339
1857,Sep,3.358
1857,Oct,3.42
1857,Nov,3.334
1857,Dec,3.219
1858,Jan,3.159
1858,Feb,3.11
1858,Mar,3.106
1858,Apr,3.11
1858,May,3.106
1858,Jun,3.135
1858,Jul,3.134
1858,Aug,3.114
1858,Sep,3.106
1858,Oct,3.082
1858,Nov,3.098
1858,Dec,3.103
1859,Jan,3.142
1859,Feb,3.163
1859,Mar,3.146
1859,Apr,3.398
1859,May,3.3
1859,Jun,3.254
1859,Jul,3.167
1859,Aug,3.165
1859,Sep,3.159
1859,Oct,3.157
1859,Nov,3.159
1859,Dec,3.135
1860,Jan,3.184
1860,Feb,3.174
1860,Mar,3.218
1860,Apr,3.192
1860,May,3.197
1860,Jun,3.215
1860,Jul,3.222
1860,Aug,3.235
1860,Sep,3.244
1860,Oct,3.262
1860,Nov,3.249
1860,Dec,3.245
1861,Jan,3.289
1861,Feb,3.297
1861,Mar,3.298
1861,Apr,3.302
1861,May,3.311
1861,Jun,3.359
1861,Jul,3.348
1861,Aug,3.249
1861,Sep,3.244
1861,Oct,3.253
1861,Nov,3.282
1861,Dec,3.239
1862,Jan,3.24
1862,Feb,3.227
1862,Mar,3.222
1862,Apr,3.231
1862,May,3.244
1862,Jun,3.272
1862,Jul,3.214
1862,Aug,3.231
1862,Sep,3.235
1862,Oct,3.24
1862,Nov,3.24
1862,Dec,3.241
1863,Jan,3.262
1863,Feb,3.262
1863,Mar,3.275
1863,Apr,3.266
1863,May,3.249
1863,Jun,3.263
1863,Jul,3.227
1863,Aug,3.227
1863,Sep,3.24
1863,Oct,3.253
1863,Nov,3.284
1863,Dec,3.281
1864,Jan,3.325
1864,Feb,3.302
1864,Mar,3.307
1864,Apr,3.319
1864,May,3.311
1864,Jun,3.345
1864,Jul,3.343
1864,Aug,3.391
1864,Sep,3.44
1864,Oct,3.391
1864,Nov,3.343
1864,Dec,3.35
1865,Jan,3.353
1865,Feb,3.381
1865,Mar,3.367
1865,Apr,3.334
1865,May,3.343
1865,Jun,3.331
1865,Jul,3.334
1865,Aug,3.358
1865,Sep,3.391
1865,Oct,3.415
1865,Nov,3.386
1865,Dec,3.441
1866,Jan,3.459
1866,Feb,3.444
1866,Mar,3.465
1866,Apr,3.489
1866,May,3.513
1866,Jun,3.461
1866,Jul,3.405
1866,Aug,3.4
1866,Sep,3.386
1866,Oct,3.391
1866,Nov,3.386
1866,Dec,3.326
1867,Jan,3.316
1867,Feb,3.316
1867,Mar,3.321
1867,Apr,3.334
1867,May,3.171
1867,Jun,3.173
1867,Jul,3.197
1867,Aug,3.188
1867,Sep,3.201
1867,Oct,3.214
1867,Nov,3.207
1867,Dec,3.25
1868,Jan,3.214
1868,Feb,3.244
1868,Mar,3.249
1868,Apr,3.24
1868,May,3.222
1868,Jun,3.164
1868,Jul,3.184
1868,Aug,3.209
1868,Sep,3.205
1868,Oct,3.209
1868,Nov,3.231
1868,Dec,3.25
1869,Jan,3.231
1869,Feb,3.235
1869,Mar,3.244
1869,Apr,3.24
1869,May,3.284
1869,Jun,3.233
1869,Jul,3.227
1869,Aug,3.24
1869,Sep,3.262
1869,Oct,3.24
1869,Nov,3.24
1869,Dec,3.259
1870,Jan,3.257
1870,Feb,3.257
1870,Mar,3.24
1870,Apr,3.227
1870,May,3.218
1870,Jun,3.237
1870,Jul,3.365
1870,Aug,3.3
1870,Sep,3.293
1870,Oct,3.28
1870,Nov,3.291
1870,Dec,3.27
1871,Jan,3.249
1871,Feb,3.284
1871,Mar,3.257
1871,Apr,3.253
1871,May,3.253
1871,Jun,3.254
1871,Jul,3.207
1871,Aug,3.222
1871,Sep,3.262
1871,Oct,3.266
1871,Nov,3.253
1871,Dec,3.241
1872,Jan,3.249
1872,Feb,3.266
1872,Mar,3.253
1872,Apr,3.258
1872,May,3.255
1872,Jun,3.245
1872,Jul,3.249
1872,Aug,3.257
1872,Sep,3.275
1872,Oct,3.289
1872,Nov,3.275
1872,Dec,3.268
1873,Jan,3.262
1873,Feb,3.257
1873,Mar,3.262
1873,Apr,3.24
1873,May,3.24
1873,Jun,3.25
1873,Jul,3.244
1873,Aug,3.253
1873,Sep,3.275
1873,Oct,3.28
1873,Nov,3.255
1873,Dec,3.263
1874,Jan,3.262
1874,Feb,3.27
1874,Mar,3.289
1874,Apr,3.266
1874,May,3.249
1874,Jun,3.245
1874,Jul,3.249
1874,Aug,3.253
1874,Sep,3.271
1874,Oct,3.262
1874,Nov,3.262
1874,Dec,3.272
1875,Jan,3.244
1875,Feb,3.24
1875,Mar,3.253
1875,Apr,3.223
1875,May,3.235
1875,Jun,3.215
1875,Jul,3.175
1875,Aug,3.186
1875,Sep,3.209
1875,Oct,3.197
1875,Nov,3.205
1875,Dec,3.196
1876,Jan,3.197
1876,Feb,3.192
1876,Mar,3.209
1876,Apr,3.175
1876,May,3.184
1876,Jun,3.198
1876,Jul,3.106
1876,Aug,3.128
1876,Sep,3.146
1876,Oct,3.175
1876,Nov,3.182
1876,Dec,3.187
1877,Jan,3.134
1877,Feb,3.134
1877,Mar,3.134
1877,Apr,3.227
1877,May,3.195
1877,Jun,3.177
1877,Jul,3.18
1877,Aug,3.167
1877,Sep,3.161
1877,Oct,3.146
1877,Nov,3.124
1877,Dec,3.168
1878,Jan,3.159
1878,Feb,3.159
1878,Mar,3.203
1878,Apr,3.197
1878,May,3.116
1878,Jun,3.131
1878,Jul,3.155
1878,Aug,3.188
1878,Sep,3.192
1878,Oct,3.223
1878,Nov,3.163
1878,Dec,3.168
1879,Jan,3.122
1879,Feb,3.13
1879,Mar,3.114
1879,Apr,3.062
1879,May,3.066
1879,Jun,3.079
1879,Jul,3.066
1879,Aug,3.09
1879,Sep,3.094
1879,Oct,3.098
1879,Nov,3.078
1879,Dec,3.083
1880,Jan,3.05
1880,Feb,3.076
1880,Mar,3.082
1880,Apr,3.058
1880,May,3.058
1880,Jun,3.044
1880,Jul,3.066
1880,Aug,3.086
1880,Sep,3.09
1880,Oct,3.046
1880,Nov,3.016
1880,Dec,3.032
1881,Jan,3.043
1881,Feb,3.035
1881,Mar,3.016
1881,Apr,2.987
1881,May,2.809
1881,Jun,2.841
1881,Jul,2.855
1881,Aug,2.861
1881,Sep,2.927
1881,Oct,2.926
1881,Nov,2.899
1881,Dec,2.907
1882,Jan,2.913
1882,Feb,2.937
1882,Mar,2.927
1882,Apr,2.934
1882,May,2.924
1882,Jun,2.941
1882,Jul,2.956
1882,Aug,3.008
1882,Sep,3.007
1882,Oct,2.926
1882,Nov,2.903
1882,Dec,2.907
1883,Jan,2.876
1883,Feb,2.874
1883,Mar,2.877
1883,Apr,2.851
1883,May,2.866
1883,Jun,2.841
1883,Jul,2.871
1883,Aug,2.866
1883,Sep,2.856
1883,Oct,2.851
1883,Nov,2.801
1883,Dec,2.786
1884,Jan,2.764
1884,Feb,2.767
1884,Mar,2.769
1884,Apr,2.719
1884,May,2.725
1884,Jun,2.721
1884,Jul,2.701
1884,Aug,2.694
1884,Sep,2.705
1884,Oct,2.734
1884,Nov,2.747
1884,Dec,2.762
1885,Jan,2.76
1885,Feb,2.899
1885,Mar,2.963
1885,Apr,2.969
1885,May,2.882
1885,Jun,2.797
1885,Jul,2.826
1885,Aug,2.833
1885,Sep,2.853
1885,Oct,2.867
1885,Nov,2.857
1885,Dec,2.853
1886,Jan,2.851
1886,Feb,2.809
1886,Mar,2.845
1886,Apr,2.842
1886,May,2.841
1886,Jun,2.805
1886,Jul,2.811
1886,Aug,2.825
1886,Sep,2.821
1886,Oct,2.842
1886,Nov,2.841
1886,Dec,2.837
1887,Jan,2.851
1887,Feb,2.857
1887,Mar,2.829
1887,Apr,2.772
1887,May,2.725
1887,Jun,2.728
1887,Jul,2.711
1887,Aug,2.71
1887,Sep,2.728
1887,Oct,2.704
1887,Nov,2.699
1887,Dec,2.67
1888,Jan,2.633
1888,Feb,2.639
1888,Mar,2.601
1888,Apr,2.619
1888,May,2.639
1888,Jun,2.628
1888,Jul,2.626
1888,Aug,2.639
1888,Sep,2.663
1888,Oct,2.675
1888,Nov,2.696
1888,Dec,2.663
1889,Jan,2.628
1889,Feb,2.627
1889,Mar,2.637
1889,Apr,2.635
1889,May,2.626
1889,Jun,2.639
1889,Jul,2.625
1889,Aug,2.648
1889,Sep,2.676
1889,Oct,2.673
1889,Nov,2.664
1889,Dec,2.668
1890,Jan,2.668
1890,Feb,2.671
1890,Mar,2.663
1890,Apr,2.646
1890,May,2.635
1890,Jun,2.679
1890,Jul,2.694
1890,Aug,2.697
1890,Sep,2.737
1890,Oct,2.744
1890,Nov,2.692
1890,Dec,2.713
1891,Jan,2.663
1891,Feb,2.681
1891,Mar,2.674
1891,Apr,2.701
1891,May,2.715
1891,Jun,2.71
1891,Jul,2.704
1891,Aug,2.707
1891,Sep,2.731
1891,Oct,2.724
1891,Nov,2.724
1891,Dec,2.711
1892,Jan,2.705
1892,Feb,2.697
1892,Mar,2.695
1892,Apr,2.674
1892,May,2.651
1892,Jun,2.671
1892,Jul,2.666
1892,Aug,2.665
1892,Sep,2.655
1892,Oct,2.668
1892,Nov,2.653
1892,Dec,2.628
1893,Jan,2.623
1893,Feb,2.618
1893,Mar,2.613
1893,Apr,2.598
1893,May,2.623
1893,Jun,2.606
1893,Jul,2.609
1893,Aug,2.649
1893,Sep,2.62
1893,Oct,2.631
1893,Nov,2.62
1893,Dec,2.612
1894,Jan,2.603
1894,Feb,2.582
1894,Mar,2.574
1894,Apr,2.568
1894,May,2.548
1894,Jun,2.534
1894,Jul,2.531
1894,Aug,2.508
1894,Sep,2.517
1894,Oct,2.523
1894,Nov,2.488
1894,Dec,2.478
1895,Jan,2.433
1895,Feb,2.46
1895,Mar,2.446
1895,Apr,2.432
1895,May,2.415
1895,Jun,2.384
1895,Jul,2.393
1895,Aug,2.378
1895,Sep,2.372
1895,Oct,2.383
1895,Nov,2.397
1895,Dec,2.385
1896,Jan,2.368
1896,Feb,2.332
1896,Mar,2.325
1896,Apr,2.286
1896,May,2.257
1896,Jun,2.254
1896,Jul,2.249
1896,Aug,2.269
1896,Sep,2.331
1896,Oct,2.356
1896,Nov,2.291
1896,Dec,2.298
1897,Jan,2.262
1897,Feb,2.266
1897,Mar,2.273
1897,Apr,2.271
1897,May,2.25
1897,Jun,2.254
1897,Jul,2.254
1897,Aug,2.272
1897,Sep,2.281
1897,Oct,2.282
1897,Nov,2.25
1897,Dec,2.249
1898,Jan,2.26
1898,Feb,2.259
1898,Mar,2.279
1898,Apr,2.287
1898,May,2.279
1898,Jun,2.286
1898,Jul,2.294
1898,Aug,2.301
1898,Sep,2.311
1898,Oct,2.333
1898,Nov,2.295
1898,Dec,2.286
1899,Jan,2.283
1899,Feb,2.288
1899,Mar,2.29
1899,Apr,2.301
1899,May,2.316
1899,Jun,2.359
1899,Jul,2.389
1899,Aug,2.407
1899,Sep,2.438
1899,Oct,2.435
1899,Nov,2.477
1899,Dec,2.555
1900,Jan,2.52
1900,Feb,2.513
1900,Mar,2.502
1900,Apr,2.515
1900,May,2.508
1900,Jun,2.517
1900,Jul,2.595
1900,Aug,2.581
1900,Sep,2.573
1900,Oct,2.564
1900,Nov,2.586
1900,Dec,2.595
1901,Jan,2.619
1901,Feb,2.605
1901,Mar,2.645
1901,Apr,2.692
1901,May,2.709
1901,Jun,2.711
1901,Jul,2.723
1901,Aug,2.682
1901,Sep,2.714
1901,Oct,2.74
1901,Nov,2.769
1901,Dec,2.679
1902,Jan,2.672
1902,Feb,2.679
1902,Mar,2.681
1902,Apr,2.67
1902,May,2.61
1902,Jun,2.63
1902,Jul,2.647
1902,Aug,2.668
1902,Sep,2.702
1902,Oct,2.714
1902,Nov,2.721
1902,Dec,2.712
1903,Jan,2.704
1903,Feb,2.74
1903,Mar,2.789
1903,Apr,2.734
1903,May,2.751
1903,Jun,2.751
1903,Jul,2.764
1903,Aug,2.793
1903,Sep,2.857
1903,Oct,2.863
1903,Nov,2.845
1903,Dec,2.853
1904,Jan,2.875
1904,Feb,2.937
1904,Mar,2.928
1904,Apr,2.826
1904,May,2.801
1904,Jun,2.797
1904,Jul,2.859
1904,Aug,2.865
1904,Sep,2.845
1904,Oct,2.871
1904,Nov,2.872
1904,Dec,2.847
1905,Jan,2.849
1905,Feb,2.784
1905,Mar,2.757
1905,Apr,2.797
1905,May,2.803
1905,Jun,2.805
1905,Jul,2.791
1905,Aug,2.79
1905,Sep,2.817
1905,Oct,2.867
1905,Nov,2.841
1905,Dec,2.825
1906,Jan,2.807
1906,Feb,2.793
1906,Mar,2.782
1906,Apr,2.783
1906,May,2.821
1906,Jun,2.861
1906,Jul,2.879
1906,Aug,2.895
1906,Sep,2.907
1906,Oct,2.93
1906,Nov,2.911
1906,Dec,2.933
1907,Jan,2.9
1907,Feb,2.916
1907,Mar,2.954
1907,Apr,2.947
1907,May,2.994
1907,Jun,2.976
1907,Jul,3.032
1907,Aug,3.073
1907,Sep,3.058
1907,Oct,3.041
1907,Nov,3.063
1907,Dec,3.035
1908,Jan,2.913
1908,Feb,2.89
1908,Mar,2.869
1908,Apr,2.908
1908,May,2.882
1908,Jun,2.863
1908,Jul,2.913
1908,Aug,2.929
1908,Sep,2.933
1908,Oct,2.982
1908,Nov,3.012
1908,Dec,3.007
1909,Jan,3.034
1909,Feb,3.005
1909,Mar,2.998
1909,Apr,2.969
1909,May,2.974
1909,Jun,2.989
1909,Jul,3.011
1909,Aug,3.003
1909,Sep,3.032
1909,Oct,3.065
1909,Nov,3.066
1909,Dec,3.037
1910,Jan,3.074
1910,Feb,3.096
1910,Mar,3.11
1910,Apr,3.112
1910,May,3.068
1910,Jun,3.046
1910,Jul,3.088
1910,Aug,3.125
1910,Sep,3.145
1910,Oct,3.192
1910,Nov,3.205
1910,Dec,3.175
1911,Jan,3.162
1911,Feb,3.145
1911,Mar,3.081
1911,Apr,3.117
1911,May,3.125
1911,Jun,3.185
1911,Jul,3.238
1911,Aug,3.231
1911,Sep,3.257
1911,Oct,3.197
1911,Nov,3.236
1911,Dec,3.268
1912,Jan,3.27
1912,Feb,3.21
1912,Mar,3.216
1912,Apr,3.228
1912,May,3.263
1912,Jun,3.295
1912,Jul,3.409
1912,Aug,3.356
1912,Sep,3.407
1912,Oct,3.457
1912,Nov,3.367
1912,Dec,3.361
1913,Jan,3.369
1913,Feb,3.39
1913,Mar,3.39
1913,Apr,3.369
1913,May,3.396
1913,Jun,3.454
1913,Jul,3.462
1913,Aug,3.419
1913,Sep,3.43
1913,Oct,3.469
1913,Nov,3.473
1913,Dec,3.509
1914,Jan,3.324
1914,Feb,3.345
1914,Mar,3.339
1914,Apr,3.38
1914,May,3.379
1914,Jun,3.361
1914,Jul,3.61
1914,Aug,3.61
1914,Sep,3.61
1914,Oct,3.61
1914,Nov,3.61
1914,Dec,3.61
1915,Jan,3.65
1915,Feb,3.704
1915,Mar,3.756
1915,Apr,3.759
1915,May,3.756
1915,Jun,3.846
1915,Jul,3.846
1915,Aug,3.846
1915,Sep,3.846
1915,Oct,3.846
1915,Nov,4.167
1915,Dec,4.274
1916,Jan,4.219
1916,Feb,4.301
1916,Mar,4.357
1916,Apr,4.376
1916,May,4.348
1916,Jun,4.115
1916,Jul,4.202
1916,Aug,4.202
1916,Sep,4.184
1916,Oct,4.444
1916,Nov,4.525
1916,Dec,4.525
1917,Jan,4.808
1917,Feb,4.796
1917,Mar,4.706
1917,Apr,4.545
1917,May,4.505
1917,Jun,4.608
1917,Jul,4.489
1917,Aug,4.454
1917,Sep,4.577
1917,Oct,4.464
1917,Nov,4.464
1917,Dec,4.571
1918,Jan,4.587
1918,Feb,4.587
1918,Mar,4.598
1918,Apr,4.525
1918,May,4.435
1918,Jun,4.464
1918,Jul,4.415
1918,Aug,4.376
1918,Sep,4.128
1918,Oct,4.132
1918,Nov,4.202
1918,Dec,4.695
1919,Jan,4.854
1919,Feb,4.902
1919,Mar,4.92
1919,Apr,4.831
1919,May,4.902
1919,Jun,4.233
1919,Jul,4.405
1919,Aug,4.228
1919,Sep,4.494
1919,Oct,4.444
1919,Nov,4.525
1919,Dec,4.908
1920,Jan,4.95
1920,Feb,5.038
1920,Mar,5.457
1920,Apr,5.305
1920,May,5.27
1920,Jun,5.333
1920,Jul,5.376
1920,Aug,5.435
1920,Sep,5.427
1920,Oct,5.556
1920,Nov,5.658
1920,Dec,5.587
1921,Jan,5.165
1921,Feb,5.442
1921,Mar,5.138
1921,Apr,5.236
1921,May,5.376
1921,Jun,5.301
1921,Jul,5.095
1921,Aug,5.242
1921,Sep,5.181
1921,Oct,5.118
1921,Nov,5.115
1921,Dec,4.988
1922,Jan,4.831
1922,Feb,4.484
1922,Mar,4.415
1922,Apr,4.237
1922,May,4.343
1922,Jun,4.367
1922,Jul,4.233
1922,Aug,4.348
1922,Sep,4.274
1922,Oct,4.425
1922,Nov,4.237
1922,Dec,4.505
1923,Jan,4.444
1923,Feb,4.338
1923,Mar,4.211
1923,Apr,4.202
1923,May,4.175
1923,Jun,4.255
1923,Jul,4.283
1923,Aug,4.219
1923,Sep,4.283
1923,Oct,4.301
1923,Nov,4.338
1923,Dec,4.505
1924,Jan,4.376
1924,Feb,4.454
1924,Mar,4.525
1924,Apr,4.367
1924,May,4.357
1924,Jun,4.376
1924,Jul,4.396
1924,Aug,4.348
1924,Sep,4.357
1924,Oct,4.274
1924,Nov,4.283
1924,Dec,4.367
1925,Jan,4.367
1925,Feb,4.348
1925,Mar,4.386
1925,Apr,4.386
1925,May,4.415
1925,Jun,4.464
1925,Jul,4.444
1925,Aug,4.459
1925,Sep,4.51
1925,Oct,4.525
1925,Nov,4.499
1925,Dec,4.469
1926,Jan,4.474
1926,Feb,4.515
1926,Mar,4.334
1926,Apr,4.545
1926,May,4.469
1926,Jun,4.505
1926,Jul,4.484
1926,Aug,4.561
1926,Sep,4.592
1926,Oct,4.587
1926,Nov,4.614
1926,Dec,4.619
1927,Jan,4.505
1927,Feb,4.545
1927,Mar,4.587
1927,Apr,4.556
1927,May,4.566
1927,Jun,4.598
1927,Jul,4.577
1927,Aug,4.566
1927,Sep,4.598
1927,Oct,4.515
1927,Nov,4.579
1927,Dec,4.505
1928,Jan,4.51
1928,Feb,4.489
1928,Mar,4.51
1928,Apr,4.422
1928,May,4.405
1928,Jun,4.464
1928,Jul,4.494
1928,Aug,4.454
1928,Sep,4.484
1928,Oct,4.484
1928,Nov,4.425
1928,Dec,4.444
1929,Jan,4.425
1929,Feb,4.525
1929,Mar,4.505
1929,Apr,4.551
1929,May,4.561
1929,Jun,4.598
1929,Jul,4.635
1929,Aug,4.63
1929,Sep,4.756
1929,Oct,4.584
1929,Nov,4.711
1929,Dec,4.329
1930,Jan,4.329
1930,Feb,4.63
1930,Mar,4.386
1930,Apr,4.567
1930,May,4.454
1930,Jun,4.525
1930,Jul,4.525
1930,Aug,4.494
1930,Sep,4.484
1930,Oct,4.348
1930,Nov,4.283
1930,Dec,4.348
1931,Jan,4.31
1931,Feb,4.425
1931,Mar,4.386
1931,Apr,4.274
1931,May,4.158
1931,Jun,4.132
1931,Jul,4.31
1931,Aug,4.348
1931,Sep,4.717
1931,Oct,4.425
1931,Nov,4.739
1931,Dec,4.545
1932,Jan,4.425
1932,Feb,4.292
1932,Mar,4.132
1932,Apr,4.09
1932,May,3.937
1932,Jun,3.788
1932,Jul,3.425
1932,Aug,3.472
1932,Sep,3.401
1932,Oct,3.241
1932,Nov,3.448
1932,Dec,3.378
1933,Jan,3.367
1933,Feb,3.378
1933,Mar,3.257
1933,Apr,3.328
1933,May,3.425
1933,Jun,3.448
1933,Jul,3.448
1933,Aug,3.39
1933,Sep,3.378
1933,Oct,3.39
1933,Nov,3.378
1933,Dec,3.373
1934,Jan,3.3001
1934,Feb,3.185
1934,Mar,3.096
1934,Apr,3.16
1934,May,3.205
1934,Jun,3.135
1934,Jul,3.135
1934,Aug,3.096
1934,Sep,3.063
1934,Oct,3.021
1934,Nov,2.809
1934,Dec,2.717
1935,Jan,2.725
1935,Feb,2.825
1935,Mar,2.905
1935,Apr,2.857
1935,May,2.874
1935,Jun,2.915
1935,Jul,2.924
1935,Aug,2.985
1935,Sep,3.044
1935,Oct,2.994
1935,Nov,2.915
1935,Dec,2.89
1936,Jan,2.915
1936,Feb,2.928
1936,Mar,2.941
1936,Apr,2.946
1936,May,2.967
1936,Jun,2.924
1936,Jul,2.941
1936,Aug,2.946
1936,Sep,2.941
1936,Oct,2.928
1936,Nov,2.959
1936,Dec,2.959
1937,Jan,3.026
1937,Feb,3.268
1937,Mar,3.279
1937,Apr,3.247
1937,May,3.284
1937,Jun,3.356
1937,Jul,3.356
1937,Aug,3.356
1937,Sep,3.39
1937,Oct,3.344
1937,Nov,3.311
1937,Dec,3.373
1938,Jan,3.252
1938,Feb,3.221
1938,Mar,3.401
1938,Apr,3.35
1938,May,3.356
1938,Jun,3.367
1938,Jul,3.306
1938,Aug,3.356
1938,Sep,3.731
1938,Oct,3.478
1938,Nov,3.497
1938,Dec,3.571
1939,Jan,3.571
1939,Feb,3.571
1939,Mar,3.704
1939,Apr,3.781
1939,May,3.571
1939,Jun,3.731
1939,Jul,3.788
1939,Aug,4
1939,Sep,4.032
1939,Oct,3.676
1939,Nov,3.663
1939,Dec,3.663
1940,Jan,3.378
1940,Feb,3.356
1940,Mar,3.454
1940,Apr,3.425
1940,May,3.401
1940,Jun,3.472
1940,Jul,3.436
1940,Aug,3.39
1940,Sep,3.381
1940,Oct,3.333
1940,Nov,3.342
1940,Dec,3.247
1941,Jan,3.226
1941,Feb,3.236
1941,Mar,3.205
1941,Apr,3.236
1941,May,3.18
1941,Jun,3.067
1941,Jul,3.058
1941,Aug,3.067
1941,Sep,3.03
1941,Oct,3.03
1941,Nov,3.035
1941,Dec,3.021
1942,Jan,3.017
1942,Feb,2.994
1942,Mar,3.005
1942,Apr,3.021
1942,May,3.021
1942,Jun,3.03
1942,Jul,3.021
1942,Aug,3.012
1942,Sep,3.03
1942,Oct,3.03
1942,Nov,3.067
1942,Dec,3.03
1943,Jan,3.026
1943,Feb,3.035
1943,Mar,3.04
1943,Apr,3.067
1943,May,3.086
1943,Jun,3.106
1943,Jul,3.11
1943,Aug,3.155
1943,Sep,3.155
1943,Oct,3.13
1943,Nov,3.125
1943,Dec,3.145
1944,Jan,3.135
1944,Feb,3.145
1944,Mar,3.165
1944,Apr,3.165
1944,May,3.145
1944,Jun,3.165
1944,Jul,3.145
1944,Aug,3.145
1944,Sep,3.165
1944,Oct,3.125
1944,Nov,3.049
1944,Dec,3.067
1945,Jan,3.03
1945,Feb,3.012
1945,Mar,3.012
1945,Apr,2.976
1945,May,3.012
1945,Jun,3.003
1945,Jul,2.829
1945,Aug,2.82
1945,Sep,2.82
1945,Oct,2.699
1945,Nov,2.756
1945,Dec,2.732
1946,Jan,2.71
1946,Feb,2.7
1946,Mar,2.67
1946,Apr,2.6
1946,May,2.5
1946,Jun,2.57
1946,Jul,2.58
1946,Aug,2.59
1946,Sep,2.56
1946,Oct,2.54
1946,Nov,2.53
1946,Dec,2.54
1947,Jan,2.54
1947,Feb,2.58
1947,Mar,2.64
1947,Apr,2.63
1947,May,2.62
1947,Jun,2.68
1947,Jul,2.78
1947,Aug,2.99
1947,Sep,2.99
1947,Oct,2.9
1947,Nov,2.87
1947,Dec,3.01
1948,Jan,3.08
1948,Feb,3.15
1948,Mar,3.22
1948,Apr,3.28
1948,May,3.25
1948,Jun,3.27
1948,Jul,3.28
1948,Aug,3.26
1948,Sep,3.22
1948,Oct,3.18
1948,Nov,3.16
1948,Dec,3.14
1949,Jan,3.12
1949,Feb,3
1949,Mar,3.11
1949,Apr,3.1
1949,May,3.08
1949,Jun,3.21
1949,Jul,3.36
1949,Aug,3.48
1949,Sep,3.45
1949,Oct,3.56
1949,Nov,3.62
1949,Dec,3.51
1950,Jan,3.59
1950,Feb,3.56
1950,Mar,3.62
1950,Apr,3.62
1950,May,3.61
1950,Jun,3.55
1950,Jul,3.61
1950,Aug,3.55
1950,Sep,3.48
1950,Oct,3.4
1950,Nov,3.44
1950,Dec,3.52
1951,Jan,3.53
1951,Feb,3.64
1951,Mar,3.67
1951,Apr,3.73
1951,May,3.81
1951,Jun,3.84
1951,Jul,3.8
1951,Aug,3.81
1951,Sep,3.33
1951,Oct,3.81
1951,Nov,3.95
1951,Dec,4.05
1952,Jan,4.09
1952,Feb,4.12
1952,Mar,4.21
1952,Apr,4.15
1952,May,4.27
1952,Jun,4.42
1952,Jul,4.43
1952,Aug,4.3
1952,Sep,4.19
1952,Oct,4.27
1952,Nov,4.16
1952,Dec,4.21
1953,Jan,4.26
1953,Feb,4.25
1953,Mar,4.17
1953,Apr,4.16
1953,May,4.12
1953,Jun,4.08
1953,Jul,4.13
1953,Aug,4.12
1953,Sep,4
1953,Oct,3.93
1953,Nov,3.88
1953,Dec,3.89
1954,Jan,3.9
1954,Feb,3.91
1954,Mar,3.89
1954,Apr,3.8
1954,May,3.72
1954,Jun,3.78
1954,Jul,3.69
1954,Aug,3.66
1954,Sep,3.66
1954,Oct,3.66
1954,Nov,3.64
1954,Dec,3.76
1955,Jan,3.83
1955,Feb,3.98
1955,Mar,3.99
1955,Apr,3.98
1955,May,4.11
1955,Jun,4.15
1955,Jul,4.18
1955,Aug,4.34
1955,Sep,4.48
1955,Oct,4.3
1955,Nov,4.38
1955,Dec,4.39
1956,Jan,4.53
1956,Feb,4.61
1956,Mar,4.65
1956,Apr,4.61
1956,May,4.66
1956,Jun,4.74
1956,Jul,4.79
1956,Aug,4.8
1956,Sep,4.86
1956,Oct,4.79
1956,Nov,4.93
1956,Dec,4.9
1957,Jan,4.6
1957,Feb,4.58
1957,Mar,4.63
1957,Apr,4.68
1957,May,4.83
1957,Jun,4.94
1957,Jul,5.06
1957,Aug,5.09
1957,Sep,5.32
1957,Oct,5.44
1957,Nov,5.48
1957,Dec,5.41
1958,Jan,5.27
1958,Feb,5.18
1958,Mar,5.13
1958,Apr,4.96
1958,May,5.03
1958,Jun,4.97
1958,Jul,4.95
1958,Aug,4.89
1958,Sep,4.87
1958,Oct,4.77
1958,Nov,4.89
1958,Dec,4.89
1959,Jan,4.73
1959,Feb,4.72
1959,Mar,4.82
1959,Apr,4.83
1959,May,4.87
1959,Jun,4.83
1959,Jul,4.74
1959,Aug,4.76
1959,Sep,4.85
1959,Oct,4.93
1959,Nov,4.83
1959,Dec,4.99
1960,Jan,5.188
1960,Feb,5.263
1960,Mar,5.3
1960,Apr,5.371
1960,May,5.371
1960,Jun,5.675
1960,Jul,5.658
1960,Aug,5.525
1960,Sep,5.517
1960,Oct,5.458
1960,Nov,5.471
1960,Dec,5.696
1961,Jan,5.813
1961,Feb,5.821
1961,Mar,5.95
1961,Apr,5.908
1961,May,6.079
1961,Jun,6.463
1961,Jul,6.588
1961,Aug,6.621
1961,Sep,6.533
1961,Oct,6.358
1961,Nov,6.533
1961,Dec,6.567
1962,Jan,6.533
1962,Feb,6.258
1962,Mar,6.229
1962,Apr,6.104
1962,May,6.15
1962,Jun,6.171
1962,Jul,5.958
1962,Aug,5.704
1962,Sep,5.525
1962,Oct,5.842
1962,Nov,5.671
1962,Dec,5.604
1963,Jan,5.74
1963,Feb,5.92
1963,Mar,5.81
1963,Apr,5.63
1963,May,5.4
1963,Jun,5.39
1963,Jul,5.43
1963,Aug,5.37
1963,Sep,5.43
1963,Oct,5.41
1963,Nov,5.7
1963,Dec,5.83
1964,Jan,5.86
1964,Feb,6.06
1964,Mar,5.9
1964,Apr,6.04
1964,May,6.05
1964,Jun,6.07
1964,Jul,6.06
1964,Aug,6.08
1964,Sep,6.04
1964,Oct,6.05
1964,Nov,6.19
1964,Dec,6.32
1965,Jan,6.27
1965,Feb,6.3
1965,Mar,6.4
1965,Apr,6.48
1965,May,6.69
1965,Jun,6.68
1965,Jul,6.66
1965,Aug,6.45
1965,Sep,6.25
1965,Oct,6.26
1965,Nov,6.3
1965,Dec,6.46
1966,Jan,6.43
1966,Feb,6.58
1966,Mar,6.73
1966,Apr,6.74
1966,May,6.71
1966,Jun,6.89
1966,Jul,7.13
1966,Aug,7.24
1966,Sep,7.03
1966,Oct,6.85
1966,Nov,6.83
1966,Dec,6.65
1967,Jan,6.55
1967,Feb,6.41
1967,Mar,6.41
1967,Apr,6.37
1967,May,6.6
1967,Jun,6.83
1967,Jul,6.86
1967,Aug,6.8
1967,Sep,6.87
1967,Oct,6.91
1967,Nov,7.09
1967,Dec,7.06
1968,Jan,7.18
1968,Feb,7.19
1968,Mar,7.18
1968,Apr,7.24
1968,May,7.36
1968,Jun,7.75
1968,Jul,7.47
1968,Aug,7.45
1968,Sep,7.45
1968,Oct,7.43
1968,Nov,7.76
1968,Dec,8.05
1969,Jan,8.39
1969,Feb,8.45
1969,Mar,8.69
1969,Apr,8.94
1969,May,9.45
1969,Jun,9.25
1969,Jul,8.94
1969,Aug,9.4
1969,Sep,9.12
1969,Oct,8.68
1969,Nov,9.1
1969,Dec,8.88
1970,Jan,8.83
1970,Feb,8.41
1970,Mar,8.54
1970,Apr,9.15
1970,May,9.53
1970,Jun,9.42
1970,Jul,9.08
1970,Aug,9.31
1970,Sep,9.33
1970,Oct,9.64
1970,Nov,9.91
1970,Dec,9.65
1971,Jan,9.64
1971,Feb,9.18
1971,Mar,9
1971,Apr,9.16
1971,May,9.4
1971,Jun,9.33
1971,Jul,9.33
1971,Aug,9.14
1971,Sep,8.64
1971,Oct,8.72
1971,Nov,8.48
1971,Dec,8.47
1972,Jan,8.28
1972,Feb,8.37
1972,Mar,8.77
1972,Apr,8.68
1972,May,9.22
1972,Jun,9.39
1972,Jul,9.5
1972,Aug,9.48
1972,Sep,9.52
1972,Oct,9.66
1972,Nov,9.66
1972,Dec,9.85
1973,Jan,9.77
1973,Feb,9.9
1973,Mar,10.25
1973,Apr,10.28
1973,May,10.36
1973,Jun,10.47
1973,Jul,11.2
1973,Aug,11.38
1973,Sep,11.48
1973,Oct,11.32
1973,Nov,12.25
1973,Dec,12.26
1974,Jan,13.1
1974,Feb,13.59
1974,Mar,14.8
1974,Apr,14.75
1974,May,13.82
1974,Jun,15.6
1974,Jul,15.19
1974,Aug,15.78
1974,Sep,15.13
1974,Oct,16.44
1974,Nov,16.83
1974,Dec,17.05
1975,Jan,15.23
1975,Feb,14.73
1975,Mar,14.07
1975,Apr,15.19
1975,May,14.84
1975,Jun,14.58
1975,Jul,13.92
1975,Aug,14
1975,Sep,14.26
1975,Oct,14.89
1975,Nov,14.72
1975,Dec,14.78
1976,Jan,13.12
1976,Feb,13.53
1976,Mar,13.95
1976,Apr,13.85
1976,May,14.1
1976,Jun,13.95
1976,Jul,14.14
1976,Aug,14.3
1976,Sep,14.56
1976,Oct,15.69
1976,Nov,15.05
1976,Dec,14.49
1977,Jan,13.2
1977,Feb,13.61
1977,Mar,12.63
1977,Apr,12.54
1977,May,12.58
1977,Jun,12.95
1977,Jul,13.03
1977,Aug,12.67
1977,Sep,10.41
1977,Oct,10.78
1977,Nov,11.43
1977,Dec,10.47
1978,Jan,10.89
1978,Feb,11.23
1978,Mar,11.42
1978,Apr,12.01
1978,May,12.28
1978,Jun,12.42
1978,Jul,12.16
1978,Aug,12.2
1978,Sep,12.34
1978,Oct,12.38
1978,Nov,12.65
1978,Dec,12.34
1979,Jan,12.53
1979,Feb,12.26
1979,Mar,10.75
1979,Apr,10.72
1979,May,11.3
1979,Jun,11.42
1979,Jul,10.84
1979,Aug,10.6
1979,Sep,10.74
1979,Oct,11.39
1979,Nov,11.85
1979,Dec,11.75
1980,Jan,11.26
1980,Feb,12.29
1980,Mar,12.72
1980,Apr,12.6
1980,May,12.14
1980,Jun,11.89
1980,Jul,11.26
1980,Aug,11.99
1980,Sep,11.68
1980,Oct,11.54
1980,Nov,11.64
1980,Dec,12.14
1981,Jan,12.02
1981,Feb,12.06
1981,Mar,12.03
1981,Apr,12.14
1981,May,12.59
1981,Jun,13.13
1981,Jul,13.48
1981,Aug,13.44
1981,Sep,14.05
1981,Oct,14.14
1981,Nov,13.17
1981,Dec,13.89
1982,Jan,13.03
1982,Feb,12.67
1982,Mar,12.55
1982,Apr,12.79
1982,May,12.44
1982,Jun,12.71
1982,Jul,12.16
1982,Aug,11
1982,Sep,10.91
1982,Oct,9.73
1982,Nov,10.7
1982,Dec,10.2
1983,Jan,10.96
1983,Feb,10.93
1983,Mar,10.24
1983,Apr,10.13
1983,May,9.96
1983,Jun,9.83
1983,Jul,10.56
1983,Aug,10.42
1983,Sep,10
1983,Oct,10.13
1983,Nov,9.95
1983,Dec,9.9
1984,Jan,9.87
1984,Feb,10
1984,Mar,9.85
1984,Apr,10.02
1984,May,10.47
1984,Jun,10.63
1984,Jul,10.89
1984,Aug,10.33
1984,Sep,10.04
1984,Oct,10.17
1984,Nov,9.82
1984,Dec,9.99
1985,Jan,10.43
1985,Feb,10.46
1985,Mar,10.14
1985,Apr,10.17
1985,May,10.33
1985,Jun,10.25
1985,Jul,9.97
1985,Aug,9.86
1985,Sep,9.89
1985,Oct,9.82
1985,Nov,9.87
1985,Dec,9.89
1986,Jan,10.19
1986,Feb,9.57
1986,Mar,8.7
1986,Apr,8.48
1986,May,8.7
1986,Jun,8.77
1986,Jul,9.17
1986,Aug,9.13
1986,Sep,10.15
1986,Oct,10.23
1986,Nov,10.34
1986,Dec,10.13
1987,Jan,9.83
1987,Feb,9.41
1987,Mar,9.03
1987,Apr,8.83
1987,May,8.75
1987,Jun,8.99
1987,Jul,9.57
1987,Aug,9.83
1987,Sep,9.95
1987,Oct,9.13
1987,Nov,9.07
1987,Dec,9.39
1988,Jan,9.09
1988,Feb,9.01
1988,Mar,8.97
1988,Apr,9.11
1988,May,9.05
1988,Jun,9.3
1988,Jul,9.26
1988,Aug,9.3
1988,Sep,9.17
1988,Oct,8.99
1988,Nov,9.1
1988,Dec,9.13
1989,Jan,8.93
1989,Feb,8.75
1989,Mar,8.77
1989,Apr,8.85
1989,May,9.12
1989,Jun,9.41
1989,Jul,9.22
1989,Aug,9.22
1989,Sep,9.5
1989,Oct,9.8
1989,Nov,9.9
1989,Dec,9.66
1990,Jan,10.2
1990,Feb,10.58
1990,Mar,11.3
1990,Apr,11.91
1990,May,10.75
1990,Jun,10.65
1990,Jul,10.72
1990,Aug,11.05
1990,Sep,11.2
1990,Oct,11.05
1990,Nov,10.7
1990,Dec,10.44
1991,Jan,10.13
1991,Feb,9.95
1991,Mar,10.02
1991,Apr,10.13
1991,May,10.28
1991,Jun,10.26
1991,Jul,10.1
1991,Aug,9.8
1991,Sep,9.66
1991,Oct,9.85
1991,Nov,9.93
1991,Dec,9.76
1992,Jan,9.56
1992,Feb,9.26
1992,Mar,9.95
1992,Apr,9.39
1992,May,9.23
1992,Jun,9.26
1992,Jul,9.17
1992,Aug,9.3
1992,Sep,9.3
1992,Oct,8.44
1992,Nov,8.55
1992,Dec,8.55
1993,Jan,8.5
1993,Feb,8.2
1993,Mar,8.18
1993,Apr,8.28
1993,May,8.4
1993,Jun,8
1993,Jul,7.6
1993,Aug,7.26
1993,Sep,7.23
1993,Oct,7.12
1993,Nov,6.92
1993,Dec,6.56
1994,Jan,6.69
1994,Feb,7.42
1994,Mar,8.03
1994,Apr,8
1994,May,8.62
1994,Jun,8.37
1994,Jul,8.4
1994,Aug,8.37
1994,Sep,8.66
1994,Oct,8.51
1994,Nov,8.52
1994,Dec,8.54
1995,Jan,8.45
1995,Feb,8.52
1995,Mar,8.43
1995,Apr,8.35
1995,May,7.95
1995,Jun,8.38
1995,Jul,8.36
1995,Aug,8.23
1995,Sep,8.26
1995,Oct,8.35
1995,Nov,7.89
1995,Dec,7.75
1996,Jan,7.81
1996,Feb,8.13
1996,Mar,8.33
1996,Apr,8.23
1996,May,8.33
1996,Jun,8.18
1996,Jul,8.16
1996,Aug,8.23
1996,Sep,7.95
1996,Oct,7.84
1996,Nov,7.53
1996,Dec,7.67
1997,Jan,7.63
1997,Feb,7.47
1997,Mar,7.81
1997,Apr,7.85
1997,May,7.36
1997,Jun,7.16
1997,Jul,6.95
1997,Aug,7.09
1997,Sep,6.64
1997,Oct,6.62
1997,Nov,6.53
1997,Dec,6.4
1998,Jan,6.2
1998,Feb,6.15
1998,Mar,6.02
1998,Apr,5.97
1998,May,5.84
1998,Jun,5.77
1998,Jul,5.71
1998,Aug,5.36
1998,Sep,4.86
1998,Oct,5.14
1998,Nov,4.793
1998,Dec,4.578
1999,Jan,4.439
1999,Feb,4.76
1999,Mar,4.713
1999,Apr,4.771
1999,May,5.003
1999,Jun,5.03
1999,Jul,5.017
1999,Aug,4.784
1999,Sep,5.194
1999,Oct,4.803
1999,Nov,4.709
1999,Dec,4.93
2000,Jan,5.25
2000,Feb,4.831
2000,Mar,4.914
2000,Apr,4.783
2000,May,4.847
2000,Jun,4.879
2000,Jul,4.98
2000,Aug,5.009
2000,Sep,4.993
2000,Oct,5.035
2000,Nov,4.72
2000,Dec,4.714
2001,Jan,4.708
2001,Feb,4.877
2001,Mar,4.94
2001,Apr,5.268
2001,May,5.365
2001,Jun,5.39
2001,Jul,5.157
2001,Aug,5.022
2001,Sep,5.115
2001,Oct,4.895
2001,Nov,4.795
2001,Dec,5.12
2002,Jan,5.16
2002,Feb,5.021
2002,Mar,5.417
2002,Apr,5.262
2002,May,5.449
2002,Jun,5.174
2002,Jul,5.042
2002,Aug,4.789
2002,Sep,4.688
2002,Oct,4.865
2002,Nov,4.925
2002,Dec,4.769
2003,Jan,4.584
2003,Feb,4.602
2003,Mar,4.803
2003,Apr,4.838
2003,May,4.611
2003,Jun,4.852
2003,Jul,4.883
2003,Aug,4.987
2003,Sep,4.949
2003,Oct,5.261
2003,Nov,5.229
2003,Dec,5.019
2004,Jan,4.946
2004,Feb,4.826
2004,Mar,4.721
2004,Apr,4.913
2004,May,4.964
2004,Jun,4.901
2004,Jul,4.864
2004,Aug,4.769
2004,Sep,4.693
2004,Oct,4.677
2004,Nov,4.491
2004,Dec,4.518
2005,Jan,4.603
2005,Feb,4.642
2005,Mar,4.805
2005,Apr,4.554
2005,May,4.496
2005,Jun,4.355
2005,Jul,4.421
2005,Aug,4.347
2005,Sep,4.355
2005,Oct,4.372
2005,Nov,4.219
2005,Dec,4.096
2006,Jan,4.029
2006,Feb,3.973
2006,Mar,4.219
2006,Apr,4.401
2006,May,4.219
2006,Jun,4.463
2006,Jul,4.35
2006,Aug,4.278
2006,Sep,4.232
2006,Oct,4.185
2006,Nov,4.204
2006,Dec,4.34
2007,Jan,4.529
2007,Feb,4.486
2007,Mar,4.557
2007,Apr,4.72
2007,May,4.762
2007,Jun,4.934
2007,Jul,4.662
2007,Aug,4.577
2007,Sep,4.681
2007,Oct,4.598
2007,Nov,4.589
2007,Dec,4.49
2008,Jan,4.53
2008,Feb,4.526
2008,Mar,4.533
2008,Apr,4.713
2008,May,4.755
2008,Jun,4.78
2008,Jul,4.79
2008,Aug,4.544
2008,Sep,4.699
2008,Oct,4.754
2008,Nov,4.401
2008,Dec,4.072
2009,Jan,4.648
2009,Feb,4.563
2009,Mar,4.397
2009,Apr,4.597
2009,May,4.781
2009,Jun,4.592
2009,Jul,4.729
2009,Aug,4.347
2009,Sep,4.363
2009,Oct,4.483
2009,Nov,4.463
2009,Dec,4.577
2010,Jan,4.741
2010,Feb,4.927
2010,Mar,4.963
2010,Apr,4.827
2010,May,4.639
2010,Jun,4.577
2010,Jul,4.638
2010,Aug,4.211
2010,Sep,4.388
2010,Oct,4.5
2010,Nov,4.661
2010,Dec,4.591
2011,Jan,4.857
2011,Feb,4.784
2011,Mar,4.735
2011,Apr,4.591
2011,May,4.526
2011,Jun,4.566
2011,Jul,4.559979363
2011,Aug,4.262838896
2011,Sep,4.050938713
2011,Oct,3.936418961
2011,Nov,3.717823924
2011,Dec,3.752241471
2012,Jan,3.719789991
2012,Feb,3.923972106
2012,Mar,3.97651686
2012,Apr,3.938411535
2012,May,3.76009243
2012,Jun,3.650897352
2012,Jul,3.59235286
2012,Aug,3.60703043
2012,Sep,3.694999926
2012,Oct,3.748174802
2012,Nov,3.731798999
2012,Dec,3.900924724
2013,Jan,4.08208706
2013,Feb,4.211945076
2013,Mar,4.086336109
2013,Apr,3.933821877
2013,May,4.077701574
2013,Jun,4.234094624
2013,Jul,4.300094228
2013,Aug,4.344444077
2013,Sep,4.39680468
2013,Oct,4.273091414
2013,Nov,4.330218325
2013,Dec,4.390625137
2014,Jan,4.357816338
2014,Feb,4.317602867
2014,Mar,4.297255486
2014,Apr,4.263083403
2014,May,4.209214813
2014,Jun,4.243178585
2014,Jul,4.168962617
2014,Aug,3.943715295
2014,Sep,3.96419253
2014,Oct,3.828662365
2014,Nov,3.793223785
2014,Dec,3.416589658
2015,Jan,3.021530564
2015,Feb,3.207081235
2015,Mar,2.931425952
2015,Apr,2.490523558
2015,May,2.494250097
2015,Jun,2.497956218
2015,Jul,2.586281869
2015,Aug,2.599777914
2015,Sep,2.511827527
2015,Oct,2.650174611
2015,Nov,2.594622784
2015,Dec,2.709248561
2016,Jan,2.385812749
2016,Feb,2.306127144
2016,Mar,2.318771877
2016,Apr,2.447607826
2016,May,2.28176163
2016,Jun,1.790519302
2016,Jul,1.566987358
2016,Aug,1.279289773
2016,Sep,1.521080432
2016,Oct,1.920453595
2016,Nov,2.102626791
2016,Dec,1.930750155
2017,Jan,2.107840084
2017,Feb,1.85464765
2017,Mar,1.828513038
2017,Apr,1.7913
2017,May,1.851
2017,Jun,1.8104
2017,Jul,1.9725
2017,Aug,1.8412
2017,Sep,1.9149
2017,Oct,2.0124
2017,Nov,1.9388
2017,Dec,1.8665
2018,Jan,1.9157
2018,Feb,2.0323
2018,Mar,1.8895
2018,Apr,1.8863
2018,May,1.9071
2018,Jun,1.8438
2018,Jul,1.7735
2018,Aug,1.805
2018,Sep,1.9273
2018,Oct,1.9948
2018,Nov,1.9993
2018,Dec,1.8494
2019,Jan,1.8173
2019,Feb,1.7459
2019,Mar,1.6832
2019,Apr,1.6955
2019,May,1.6319
2019,Jun,1.4746
2019,Jul,1.3707
2019,Aug,1.0839
2019,Sep,1.0376
2019,Oct,1.1131
2019,Nov,1.2634
2019,Dec,1.3002
2020,Jan,1.1778
2020,Feb,1.0581
2020,Mar,0.8676
2020,Apr,0.7304
2020,May,0.6326
2020,Jun,0.6859
2020,Jul,0.6911095146107705
2020,Aug,0.6963109808857362
2020,Sep,0.7015044112590125
2020,Oct,0.706689818145506
2020,Nov,0.7118672139409428
2020,Dec,0.7170366110218979
2021,Jan,0.7221980217458266
2021,Feb,0.7273514584510916
2021,Mar,0.7324969334569944
2021,Apr,0.7376344590638041
2021,May,0.7427640475527854
2021,Jun,0.7478857111862313
2021,Jul,0.752999462207489
2021,Aug,0.7581053128409916
2021,Sep,0.7632032752922852
2021,Oct,0.76829336174806
2021,Nov,0.7733755843761777
2021,Dec,0.7784499553257033
2022,Jan,0.7835164867269304
2022,Feb,0.7885751906914134
2022,Mar,0.7936260793119945
2022,Apr,0.7986691646628337
2022,May,0.8037044587994366
2022,Jun,0.8087319737586853
2022,Jul,0.8137517215588641
2022,Aug,0.8187637141996914
2022,Sep,0.823767963662345
2022,Oct,0.8287644819094948
2022,Nov,0.8337532808853276
2022,Dec,0.8387343725155783
2023,Jan,0.843707768707556
2023,Feb,0.848673481350176
2023,Mar,0.8536315223139838
2023,Apr,0.858581903451187
2023,May,0.8635246365956823
2023,Jun,0.8684597335630836
2023,Jul,0.8733872061507503
2023,Aug,0.8783070661378161
2023,Sep,0.8832193252852168
2023,Oct,0.8881239953357182
2023,Nov,0.8930210880139438
2023,Dec,0.8979106150264047
2024,Jan,0.902792588061525
2024,Feb,0.9076670187896717
2024,Mar,0.9125339188631818
2024,Apr,0.9173932999163896
2024,May,0.9222451735656562
2024,Jun,0.9270895514093958
2024,Jul,0.9319264450281035
2024,Aug,0.9367558659843835
2024,Sep,0.9415778258229774
2024,Oct,0.9463923360707899
2024,Nov,0.9511994082369177
2024,Dec,0.9559990538126774
2025,Jan,0.9607912842716312
2025,Feb,0.9655761110696165
2025,Mar,0.9703535456447716
2025,Apr,0.9751235994175637
2025,May,0.9798862837908169
2025,Jun,0.9846416101497381
2025,Jul,0.9893895898619446
2025,Aug,0.994130234277492
2025,Sep,0.9988635547289005
2025,Oct,1.0035895625311833
2025,Nov,1.0083082689818712
2025,Dec,1.0130196853610423
2026,Jan,1.0177238229313472
2026,Feb,1.0224206929380366
2026,Mar,1.027110306608988
2026,Apr,1.0317926751547333
2026,May,1.0364678097684838
2026,Jun,1.0411357216261587
2026,Jul,1.0457964218864109
2026,Aug,1.0504499216906544
2026,Sep,1.0550962321630906
2026,Oct,1.059735364410734
2026,Nov,1.0643673295234402
2026,Dec,1.068992138573931
2027,Jan,1.0736098026178227
2027,Feb,1.0782203326936506
2027,Mar,1.0828237398228968
2027,Apr,1.0874200350100158
2027,May,1.0920092292424606
2027,Jun,1.096591333490709
2027,Jul,1.101166358708292
2027,Aug,1.1057343158318163
2027,Sep,1.1102952157809935
2027,Oct,1.1148490694586641
2027,Nov,1.1193958877508248
2027,Dec,1.1239356815266548
2028,Jan,1.12846846163854
2028,Feb,1.132994238922101
2028,Mar,1.137513024196218
2028,Apr,1.142024828263057
2028,May,1.1465296619080947
2028,Jun,1.151027535900145
2028,Jul,1.155518460991386
2028,Aug,1.1600024479173827
2028,Sep,1.164479507397116
2028,Oct,1.1689496501330054
2028,Nov,1.1734128868109368
2028,Dec,1.1778692281002872
2029,Jan,1.182318684653949
2029,Feb,1.1867612671083578
2029,Mar,1.1911969860835165
2029,Apr,1.1956258521830203
2029,May,1.2000478759940831
2029,Jun,1.204463068087562
2029,Jul,1.2088714390179833
2029,Aug,1.2132729993235665
2029,Sep,1.2176677595262508
2029,Oct,1.22205573013172
2029,Nov,1.2264369216294266
2029,Dec,1.2308113444926185
2030,Jan,1.235179009178363
2030,Feb,1.2395399261275708
2030,Mar,1.2438941057650235
2030,Apr,1.2482415584993967
2030,May,1.252582294723285
2030,Jun,1.2569163248132282
2030,Jul,1.2612436591297338
2030,Aug,1.2655643080173034
2030,Sep,1.2698782818044576
2030,Oct,1.2741855908037594
2030,Nov,1.2784862453118404
2030,Dec,1.2827802556094239
2031,Jan,1.287067631961351
2031,Feb,1.2913483846166034
2031,Mar,1.2956225238083294
2031,Apr,1.299890059753868
2031,May,1.3041510026547725
2031,Jun,1.308405362696836
2031,Jul,1.312653150050115
2031,Aug,1.3168943748689543
2031,Sep,1.3211290472920107
2031,Oct,1.325357177442277
2031,Nov,1.329578775427108
2031,Dec,1.3337938513382421
2032,Jan,1.3380024152518273
2032,Feb,1.3422044772284438
2032,Mar,1.3464000473131303
2032,Apr,1.350589135535406
2032,May,1.3547717519092948
2032,Jun,1.3589479064333498
2032,Jul,1.3631176090906776
2032,Aug,1.3672808698489605
2032,Sep,1.3714376986604822
2032,Oct,1.3755881054621513
2032,Nov,1.3797321001755236
2032,Dec,1.3838696927068275
2033,Jan,1.3880008929469858
2033,Feb,1.3921257107716418
2033,Mar,1.3962441560411816
2033,Apr,1.4003562386007564
2033,May,1.404461968280309
2033,Jun,1.4085613548945946
2033,Jul,1.4126544082432049
2033,Aug,1.4167411381105932
2033,Sep,1.4208215542660958
2033,Oct,1.4248956664639558
2033,Nov,1.4289634844433472
2033,Dec,1.433025017928397
2034,Jan,1.4370802766282098
2034,Feb,1.4411292702368907
2034,Mar,1.4451720084335662
2034,Apr,1.4492085008824116
2034,May,1.4532387572326693
2034,Jun,1.4572627871186767
2034,Jul,1.461280600159885
2034,Aug,1.465292205960885
2034,Sep,1.4692976141114291
2034,Oct,1.4732968341864532
2034,Nov,1.4772898757461017
2034,Dec,1.481276748335749
2035,Jan,1.485257461486022
2035,Feb,1.489232024712824
2035,Mar,1.4932004475173566
2035,Apr,1.4971627393861433
2035,May,1.5011189097910504
2035,Jun,1.5050689681893121
2035,Jul,1.5090129240235512
2035,Aug,1.5129507867218024
2035,Sep,1.5168825656975349
2035,Oct,1.5208082703496741
2035,Nov,1.5247279100626256
2035,Dec,1.5286414942062965
2036,Jan,1.532549032136117
2036,Feb,1.5364505331930662
2036,Mar,1.5403460067036898
2036,Apr,1.544235461980125
2036,May,1.548118908320123
2036,Jun,1.5519963550070712
2036,Jul,1.5558678113100128
2036,Aug,1.5597332864836735
2036,Sep,1.563592789768479
2036,Oct,1.56744633039058
2036,Nov,1.5712939175618736
2036,Dec,1.5751355604800252
2037,Jan,1.5789712683284904
2037,Feb,1.5828010502765368
2037,Mar,1.5866249154792649
2037,Apr,1.5904428730776343
2037,May,1.59425493219848
2037,Jun,1.5980611019545372
2037,Jul,1.6018613914444633
2037,Aug,1.6056558097528568
2037,Sep,1.6094443659502835
2037,Oct,1.6132270690932957
2037,Nov,1.6170039282244517
2037,Dec,1.620774952372343
2038,Jan,1.624540150551609
2038,Feb,1.628299531762965
2038,Mar,1.632053104993219
2038,Apr,1.6358008792152963
2038,May,1.639542863388259
2038,Jun,1.6432790664573267
2038,Jul,1.647009497353903
2038,Aug,1.6507341649955887
2038,Sep,1.654453078286211
2038,Oct,1.6581662461158397
2038,Nov,1.6618736773608096
2038,Dec,1.665575380883743
2039,Jan,1.6692713655335707
2039,Feb,1.6729616401455514
2039,Mar,1.676646213541294
2039,Apr,1.6803250945287795
2039,May,1.6839982919023802
2039,Jun,1.687665814442882
2039,Jul,1.6913276709175058
2039,Aug,1.694983870079926
2039,Sep,1.6986344206702961
2039,Oct,1.7022793314152636
2039,Nov,1.705918611027996
2039,Dec,1.7095522682081987
2040,Jan,1.7131803116421367
2040,Feb,1.716802750002655
2040,Mar,1.720419591949201
2040,Apr,1.7240308461278424
2040,May,1.7276365211712899
2040,Jun,1.7312366256989176
2040,Jul,1.7348311683167825
2040,Aug,1.738420157617647
2040,Sep,1.7420036021809966
2040,Oct,1.7455815105730639
2040,Nov,1.7491538913468454
2040,Dec,1.7527207530421258
2041,Jan,1.7562821041854957
2041,Feb,1.7598379532903712
2041,Mar,1.763388308857018
2041,Apr,1.7669331793725678
2041,May,1.7704725733110425
2041,Jun,1.7740064991333688
2041,Jul,1.7775349652874057
2041,Aug,1.7810579802079574
2041,Sep,1.7845755523167992
2041,Oct,1.7880876900226945
2041,Nov,1.7915944017214156
2041,Dec,1.795095695795765
2042,Jan,1.798591580615592
2042,Feb,1.8020820645378184
2042,Mar,1.8055671559064523
2042,Apr,1.809046863052612
2042,May,1.812521194294545
2042,Jun,1.8159901579376474
2042,Jul,1.8194537622744837
2042,Aug,1.8229120155848075
2042,Sep,1.8263649261355808
2042,Oct,1.8298125021809934
2042,Nov,1.8332547519624833
2042,Dec,1.8366916837087557
2043,Jan,1.8401233056358028
2043,Feb,1.8435496259469244
2043,Mar,1.846970652832746
2043,Apr,1.85038639447124
2043,May,1.8537968590277443
2043,Jun,1.8572020546549803
2043,Jul,1.860601989493077
2043,Aug,1.8639966716695842
2043,Sep,1.8673861092994972
2043,Oct,1.8707703104852746
2043,Nov,1.8741492833168556
2043,Dec,1.8775230358716817
2044,Jan,1.8808915762147165
2044,Feb,1.8842549123984618
2044,Mar,1.8876130524629802
2044,Apr,1.8909660044359122
2044,May,1.894313776332497
2044,Jun,1.89765637615559
2044,Jul,1.9009938118956835
2044,Aug,1.9043260915309241
2044,Sep,1.9076532230271337
2044,Oct,1.9109752143378271
2044,Nov,1.9142920734042315
2044,Dec,1.9176038081553048
2045,Jan,1.9209104265077572
2045,Feb,1.9242119363660655
2045,Mar,1.9275083456224962
2045,Apr,1.9307996621571233
2045,May,1.9340858938378453
2045,Jun,1.937367048520406
2045,Jul,1.940643134048413
2045,Aug,1.943914158253355
2045,Sep,1.9471801289546224
2045,Oct,1.9504410539595247
2045,Nov,1.953696941063311
2045,Dec,1.9569477980491852
2046,Jan,1.960193632688328
2046,Feb,1.9634344527399146
2046,Mar,1.966670265951131
2046,Apr,1.9699010800571966
2046,May,1.973126902781379
2046,Jun,1.9763477418350135
2046,Jul,1.9795636049175231
2046,Aug,1.9827744997164356
2046,Sep,1.9859804339074008
2046,Oct,1.989181415154212
2046,Nov,1.9923774511088215
2046,Dec,1.9955685494113597
2047,Jan,1.998754717690154
2047,Feb,2.001935963561746
2047,Mar,2.0051122946309112
2047,Apr,2.008283718490675
2047,May,2.0114502427223333
2047,Jun,2.0146118748954684
2047,Jul,2.017768622567969
2047,Aug,2.0209204932860474
2047,Sep,2.024067494584257
2047,Oct,2.0272096339855104
2047,Nov,2.030346919001099
2047,Dec,2.0334793571307093
2048,Jan,2.0366069558624407
2048,Feb,2.039729722672825
2048,Mar,2.0428476650268426
2048,Apr,2.045960790377941
2048,May,2.0490691061680537
2048,Jun,2.052172619827615
2048,Jul,2.055271338775582
2048,Aug,2.058365270419448
2048,Sep,2.0614544221552635
2048,Oct,2.064538801367652
2048,Nov,2.0676184154298287
2048,Dec,2.070693271703617
2049,Jan,2.0737633775394677
2049,Feb,2.0768287402764756
2049,Mar,2.0798893672423957
2049,Apr,2.082945265753664
2049,May,2.085996443115412
2049,Jun,2.089042906621486
2049,Jul,2.092084663554463
2049,Aug,2.095121721185669
2049,Sep,2.0981540867751978
2049,Oct,2.1011817675719247
2049,Nov,2.104204770813527
2049,Dec,2.107223103726501
2050,Jan,2.1102367735261773
2050,Feb,2.11324578741674
2050,Mar,2.1162501525912427
2050,Apr,2.1192498762316276
2050,May,2.1222449655087403
2050,Jun,2.125235427582347
2050,Jul,2.1282212696011538
2050,Aug,2.131202498702823
2050,Sep,2.134179122013989
2050,Oct,2.1371511466502757
2050,Nov,2.140118579716314
2050,Dec,2.143081428305759
2051,Jan,2.1460396995013067
2051,Feb,2.1489934003747106
2051,Mar,2.151942537986799
2051,Apr,2.154887119387491
2051,May,2.157827151615815
2051,Jun,2.1607626416999244
2051,Jul,2.163693596657114
2051,Aug,2.166620023493838
2051,Sep,2.169541929205726
2051,Oct,2.172459320777599
2051,Nov,2.175372205183489
2051,Dec,2.178280589386651
2052,Jan,2.181184480339584
2052,Feb,2.184083884984046
2052,Mar,2.186978810251069
2052,Apr,2.1898692630609786
2052,May,2.192755250323408
2052,Jun,2.1956367789373155
2052,Jul,2.1985138557910022
2052,Aug,2.2013864877621256
2052,Sep,2.2042546817177184
2052,Oct,2.207118444514205
2052,Nov,2.209977782997415
2052,Dec,2.2128327040026043
2053,Jan,2.2156832143544682
2053,Feb,2.2185293208671553
2053,Mar,2.2213710303442915
2053,Apr,2.224208349578988
2053,May,2.2270412853538626
2053,Jun,2.2298698444410547
2053,Jul,2.23269403360224
2053,Aug,2.2355138595886492
2053,Sep,2.2383293291410826
2053,Oct,2.241140448989925
2053,Nov,2.2439472258551647
2053,Dec,2.2467496664464077
2054,Jan,2.249547777462895
2054,Feb,2.252341565593515
2054,Mar,2.255131037516826
2054,Apr,2.2579161999010657
2054,May,2.2606970594041704
2054,Jun,2.26347362267379
2054,Jul,2.2662458963473067
2054,Aug,2.269013887051845
2054,Sep,2.271777601404293
2054,Oct,2.2745370460113157
2054,Nov,2.2772922274693705
2054,Dec,2.280043152364726
2055,Jan,2.2827898272734726
2055,Feb,2.2855322587615428
2055,Mar,2.2882704533847247
2055,Apr,2.2910044176886792
2055,May,2.293734158208952
2055,Jun,2.2964596814709948
2055,Jul,2.2991809939901766
2055,Aug,2.3018981022718004
2055,Sep,2.3046110128111192
2055,Oct,2.307319732093352
2055,Nov,2.3100242665936968
2055,Dec,2.3127246227773495
2056,Jan,2.315420807099518
2056,Feb,2.3181128260054358
2056,Mar,2.3208006859303794
2056,Apr,2.323484393299684
2056,May,2.3261639545287585
2056,Jun,2.3288393760230988
2056,Jul,2.3315106641783054
2056,Aug,2.334177825380098
2056,Sep,2.3368408660043323
2056,Oct,2.339499792417012
2056,Nov,2.342154610974305
2056,Dec,2.344805328022563
2057,Jan,2.347451949898329
2057,Feb,2.3500944829283577
2057,Mar,2.3527329334296314
2057,Apr,2.355367307709371
2057,May,2.3579976120650534
2057,Jun,2.360623852784427
2057,Jul,2.3632460361455254
2057,Aug,2.365864168416683
2057,Sep,2.368478255856552
2057,Oct,2.371088304714113
2057,Nov,2.373694321228693
2057,Dec,2.376296311629981
2058,Jan,2.378894282138039
2058,Feb,2.381488238963322
2058,Mar,2.384078188306689
2058,Apr,2.3866641363594194
2058,May,2.389246089303227
2058,Jun,2.3918240533102773
2058,Jul,2.3943980345431966
2058,Aug,2.3969680391550923
2058,Sep,2.3995340732895682
2058,Oct,2.4020961430807333
2058,Nov,2.4046542546532192
2058,Dec,2.4072084141221985
2059,Jan,2.409758627593395
2059,Feb,2.4123049011630977
2059,Mar,2.4148472409181814
2059,Apr,2.417385652936113
2059,May,2.4199201432849713
2059,Jun,2.4224507180234625
2059,Jul,2.42497738320093
2059,Aug,2.4275001448573708
2059,Sep,2.430019009023454
2059,Oct,2.432533981720529
2059,Nov,2.435045068960643
2059,Dec,2.437552276746555
2060,Jan,2.4400556110717524
2060,Feb,2.4425550779204586
2060,Mar,2.445050683267656
2060,Apr,2.447542433079094
2060,May,2.450030333311305
2060,Jun,2.4525143899116206
2060,Jul,2.454994608818184
2060,Aug,2.4574709959599623
2060,Sep,2.4599435572567643
2060,Oct,2.462412298619254
2060,Nov,2.4648772259489617
2060,Dec,2.4673383451383017
2061,Jan,2.4697956620705854
2061,Feb,2.472249182620033
2061,Mar,2.4746989126517906
2061,Apr,2.4771448580219437
2061,May,2.4795870245775293
2061,Jun,2.4820254181565518
2061,Jul,2.4844600445879967
2061,Aug,2.486890909691842
2061,Sep,2.4893180192790783
2061,Oct,2.491741379151714
2061,Nov,2.494160995102797
2061,Dec,2.4965768729164237
2062,Jan,2.4989890183677557
2062,Feb,2.501397437223032
2062,Mar,2.5038021352395816
2062,Apr,2.5062031181658413
2062,May,2.5086003917413655
2062,Jun,2.5109939616968417
2062,Jul,2.513383833754104
2062,Aug,2.5157700136261467
2062,Sep,2.5181525070171373
2062,Oct,2.5205313196224317
2062,Nov,2.522906457128586
2062,Dec,2.5252779252133726
2063,Jan,2.5276457295457893
2063,Feb,2.530009875786078
2063,Mar,2.5323703695857356
2063,Apr,2.5347272165875268
2063,May,2.5370804224255
2063,Jun,2.539429992724999
2063,Jul,2.5417759331026755
2063,Aug,2.544118249166504
2063,Sep,2.5464569465157982
2063,Oct,2.5487920307412186
2063,Nov,2.5511235074247884
2063,Dec,2.5534513821399067
2064,Jan,2.5557756604513644
2064,Feb,2.558096347915353
2064,Mar,2.5604134500794804
2064,Apr,2.562726972482785
2064,May,2.565036920655746
2064,Jun,2.5673433001203003
2064,Jul,2.569646116389852
2064,Aug,2.5719453749692893
2064,Sep,2.5742410813549936
2064,Oct,2.576533241034857
2064,Nov,2.5788218594882903
2064,Dec,2.581106942186242
2065,Jan,2.583388494591207
2065,Feb,2.5856665221572404
2065,Mar,2.587941030329973
2065,Apr,2.590212024546621
2065,May,2.5924795102359997
2065,Jun,2.59474349281854
2065,Jul,2.597003977706296
2065,Aug,2.599260970302961
2065,Sep,2.601514476003883
2065,Oct,2.6037645001960694
2065,Nov,2.6060110482582095
2065,Dec,2.6082541255606806
2066,Jan,2.6104937374655632
2066,Feb,2.6127298893266544
2066,Mar,2.6149625864894803
2066,Apr,2.6171918342913094
2066,May,2.6194176380611607
2066,Jun,2.6216400031198246
2066,Jul,2.623858934779868
2066,Aug,2.626074438345653
2066,Sep,2.6282865191133453
2066,Oct,2.630495182370928
2066,Nov,2.6327004333982154
2066,Dec,2.634902277466866
2067,Jan,2.6371007198403906
2067,Feb,2.6392957657741722
2067,Mar,2.641487420515471
2067,Apr,2.6436756893034437
2067,May,2.6458605773691497
2067,Jun,2.648042089935571
2067,Jul,2.650220232217616
2067,Aug,2.652395009422139
2067,Sep,2.6545664267479494
2067,Oct,2.6567344893858253
2067,Nov,2.6588992025185236
2067,Dec,2.6610605713207973
2068,Jan,2.6632186009594028
2068,Feb,2.665373296593114
2068,Mar,2.667524663372735
2068,Apr,2.6696727064411134
2068,May,2.6718174309331495
2068,Jun,2.6739588419758133
2068,Jul,2.676096944688151
2068,Aug,2.678231744181302
2068,Sep,2.6803632455585107
2068,Oct,2.682491453915132
2068,Nov,2.6846163743386553
2068,Dec,2.686738011908707
2069,Jan,2.688856371697066
2069,Feb,2.6909714587676743
2069,Mar,2.693083278176654
2069,Apr,2.695191834972313
2069,May,2.69729713419516
2069,Jun,2.699399180877919
2069,Jul,2.7014979800455357
2069,Aug,2.7035935367151938
2069,Sep,2.705685855896327
2069,Oct,2.707774942590628
2069,Nov,2.7098608017920625
2069,Dec,2.711943438486882
2070,Jan,2.714022857653634
2070,Feb,2.7160990642631737
2070,Mar,2.7181720632786774
2070,Apr,2.7202418596556543
2070,May,2.7223084583419563
2070,Jun,2.724371864277792
