Year;Month;rate
1753;Aug;2.8537455
1753;Sep;2.8639618
1753;Oct;2.8811525
1753;Nov;2.8708134
1753;Dec;2.8880866
1754;Jan;2.8950543
1754;Feb;2.9232643
1754;Mar;2.9339853
1754;Apr;2.9055690
1754;May;2.8776978
1754;Jun;2.8708134
1754;Jul;2.8673835
1754;Aug;2.8811525
1754;Sep;2.9126214
1754;Oct;2.9161320
1754;Nov;2.9126214
1754;Dec;2.8880866
1755;Jan;2.9411765
1755;Feb;2.9925187
1755;Mar;3.0418251
1755;Apr;3.0729519
1755;May;3.0072173
1755;Jun;3.0341340
1755;Jul;3.2214765
1755;Aug;3.2564450
1755;Sep;3.2085562
1755;Oct;3.3103448
1755;Nov;3.2876712
1755;Dec;3.2345013
1756;Jan;3.3755274
1756;Feb;3.3613445
1756;Mar;3.3519553
1756;Apr;3.3057851
1756;May;3.3519553
1756;Jun;3.3613445
1756;Jul;3.3802817
1756;Aug;3.3613445
1756;Sep;3.3519553
1756;Oct;3.3946252
1756;Nov;3.3898305
1756;Dec;3.3898305
1757;Jan;3.4582133
1757;Feb;3.4188034
1757;Mar;3.3287101
1757;Apr;3.3660589
1757;May;3.3333333
1757;Jun;3.3333333
1757;Jul;3.3755274
1757;Aug;3.3472803
1757;Sep;3.2786885
1757;Oct;3.2967033
1757;Nov;3.2876712
1757;Dec;3.3057851
1758;Jan;3.3149171
1758;Feb;3.2432432
1758;Mar;3.1914894
1758;Apr;3.1914894
1758;May;3.1372549
1758;Jun;3.1007752
1758;Jul;3.2345013
1758;Aug;3.2653061
1758;Sep;3.3057851
1758;Oct;3.3426184
1758;Nov;3.3057851
1758;Dec;3.3426184
1759;Jan;3.3898305
1759;Feb;3.4582133
1759;Mar;3.5820896
1759;Apr;3.6923077
1759;May;3.7735849
1759;Jun;3.7850114
1759;Jul;3.8523274
1759;Aug;3.6697248
1759;Sep;3.6529680
1759;Oct;3.6697248
1759;Nov;3.4883721
1759;Dec;3.5502959
1760;Jan;3.7500000
1760;Feb;3.7383178
1760;Mar;3.6529680
1760;Apr;3.6363636
1760;May;3.6363636
1760;Jun;3.5608309
1760;Jul;3.5820896
1760;Aug;3.5874439
1760;Sep;3.6253776
1760;Oct;3.6144578
1760;Nov;3.8095238
1760;Dec;3.9669421
1761;Jan;4.0955631
1761;Feb;4.0747029
1761;Mar;3.8647343
1761;Apr;3.4090909
1761;May;3.4090909
1761;Jun;3.4985423
1761;Jul;3.7735849
1761;Aug;3.8709677
1761;Sep;4.0955631
1761;Oct;4.1739130
1761;Nov;4.2628774
1761;Dec;4.5112782
1762;Jan;4.8484848
1762;Feb;4.4117647
1762;Mar;4.2857143
1762;Apr;4.3165468
1762;May;4.1379310
1762;Jun;4.1666667
1762;Jul;3.9867110
1762;Aug;3.4985423
1762;Sep;3.5928144
1762;Oct;3.6979969
1762;Nov;3.4782609
1762;Dec;3.2432432
1763;Jan;3.3426184
1763;Feb;3.1788079
1763;Mar;3.1620220
1763;Apr;3.1788079
1763;May;3.2042724
1763;Jun;3.2085562
1763;Jul;3.3240997
1763;Aug;3.4383954
1763;Sep;3.6809816
1763;Oct;3.5928144
1763;Nov;3.4934498
1763;Dec;3.5087719
1764;Jan;3.5767511
1764;Feb;3.5242291
1764;Mar;3.5190616
1764;Apr;3.4285714
1764;May;3.4883721
1764;Jun;3.4782609
1764;Jul;3.5346097
1764;Aug;3.6144578
1764;Sep;3.6144578
1764;Oct;3.5661218
1764;Nov;3.5604083
1764;Dec;3.3994334
1765;Jan;3.5036496
1765;Feb;3.4433286
1765;Mar;3.4090909
1765;Apr;3.4236805
1765;May;3.4334764
1765;Jun;3.3850494
1765;Jul;3.4139403
1765;Aug;3.3426184
1765;Sep;3.2520325
1765;Oct;3.2653061
1765;Nov;3.2786885
1765;Dec;3.2653061
1766;Jan;3.3566434
1766;Feb;3.3994334
1766;Mar;3.3660589
1766;Apr;3.3566058
1766;May;3.3333333
1766;Jun;3.3057851
1766;Jul;3.4139403
1766;Aug;3.3379694
1766;Sep;3.3566434
1766;Oct;3.3707865
1766;Nov;3.3566434
1766;Dec;3.3287101
1767;Jan;3.3613445
1767;Feb;3.3707865
1767;Mar;3.3755274
1767;Apr;3.3707865
1767;May;3.3850494
1767;Jun;3.3660589
1767;Jul;3.4337908
1767;Aug;3.3994334
1767;Sep;3.3946252
1767;Oct;3.3755274
1767;Nov;3.3195021
1767;Dec;3.2388664
1768;Jan;3.3103448
1768;Feb;3.2786885
1768;Mar;3.2345013
1768;Apr;3.2000000
1768;May;3.1788079
1768;Jun;3.1746032
1768;Jul;3.3426184
1768;Aug;3.3240997
1768;Sep;3.3946252
1768;Oct;3.4188034
1768;Nov;3.3850494
1768;Dec;3.3333333
1769;Jan;3.3994334
1769;Feb;3.4042553
1769;Mar;3.3707865
1769;Apr;3.3850494
1769;May;3.3472803
1769;Jun;3.3426184
1769;Jul;3.3426184
1769;Aug;3.3613445
1769;Sep;3.4090909
1769;Oct;3.3946252
1769;Nov;3.5087719
1769;Dec;3.4732272
1770;Jan;3.5767511
1770;Feb;3.5046729
1770;Mar;3.4934498
1770;Apr;3.4582133
1770;May;3.4482759
1770;Jun;3.5190616
1770;Jul;3.5714286
1770;Aug;3.5346097
1770;Sep;3.8216561
1770;Oct;3.7974684
1770;Nov;3.8461538
1770;Dec;3.8333759
1771;Jan;3.5555556
1771;Feb;3.4090909
1771;Mar;3.5087719
1771;Apr;3.4285714
1771;May;3.3802817
1771;Jun;3.3707865
1771;Jul;3.4383954
1771;Aug;3.4334764
1771;Sep;3.4632035
1771;Oct;3.4532374
1771;Nov;3.4482759
1771;Dec;3.3946252
1772;Jan;3.4188034
1772;Feb;3.4139403
1772;Mar;3.3802817
1772;Apr;3.3660589
1772;May;3.3333333
1772;Jun;3.3519553
1772;Jul;3.3990483
1772;Aug;3.3898305
1772;Sep;3.4042553
1772;Oct;3.4334764
1772;Nov;3.4042553
1772;Dec;3.3755274
1773;Jan;3.4383954
1773;Feb;3.4334371
1773;Mar;3.3898305
1773;Apr;3.4985423
1773;May;3.4782609
1773;Jun;3.7037037
1773;Jul;3.3898305
1773;Aug;3.4482759
1773;Sep;3.4246575
1773;Oct;3.4139403
1773;Nov;3.4285714
1773;Dec;3.4334764
1774;Jan;3.4732272
1774;Feb;3.4632035
1774;Mar;3.4532374
1774;Apr;3.4139403
1774;May;3.4090909
1774;Jun;3.3850112
1774;Jul;3.3707865
1774;Aug;3.3946252
1774;Sep;3.3707865
1774;Oct;3.3802817
1774;Nov;3.3379694
1774;Dec;3.2921449
1775;Jan;3.4433286
1775;Feb;3.3898305
1775;Mar;3.3898305
1775;Apr;3.3660589
1775;May;3.3802817
1775;Jun;3.3755274
1775;Jul;3.4188034
1775;Aug;3.3754894
1775;Sep;3.3660589
1775;Oct;3.3707865
1775;Nov;3.3426184
1775;Dec;3.3519553
1776;Jan;3.4532374
1776;Feb;3.4833091
1776;Mar;3.4883721
1776;Apr;3.5087719
1776;May;3.5450517
1776;Jun;3.5398230
1776;Jul;3.5661218
1776;Aug;3.5820896
1776;Sep;3.5874439
1776;Oct;3.6641221
1776;Nov;3.6529680
1776;Dec;3.6641221
1777;Jan;3.7209302
1777;Feb;3.7794799
1777;Mar;3.8155803
1777;Apr;3.7676136
1777;May;3.7854890
1777;Jun;3.7974684
1777;Jul;3.9344262
1777;Aug;3.8647343
1777;Sep;3.8461538
1777;Oct;3.7974684
1777;Nov;3.8277512
1777;Dec;3.9933444
1778;Jan;4.1899441
1778;Feb;4.3399638
1778;Mar;4.9792531
1778;Apr;4.9382716
1778;May;4.8780488
1778;Jun;4.8575130
1778;Jul;4.8681542
1778;Aug;4.6965997
1778;Sep;4.5540797
1778;Oct;4.5977011
1778;Nov;4.8000000
1778;Dec;4.8780488
1779;Jan;4.8582996
1779;Feb;5.0632911
1779;Mar;4.8387097
1779;Apr;4.7151277
1779;May;4.7713718
1779;Jun;4.9382716
1779;Jul;5.0000000
1779;Aug;4.9079755
1779;Sep;4.8979592
1779;Oct;4.8582996
1779;Nov;4.8979592
1779;Dec;4.8387097
1780;Jan;4.9374589
1780;Feb;4.9484536
1780;Mar;4.9382716
1780;Apr;4.9382716
1780;May;4.8879837
1780;Jun;4.7337278
1780;Jul;4.8192771
1780;Aug;4.8681542
1780;Sep;4.9079755
1780;Oct;4.9079755
1780;Nov;4.9079755
1780;Dec;4.9792531
1781;Jan;5.1612903
1781;Feb;5.0955414
1781;Mar;5.1391863
1781;Apr;5.1172708
1781;May;5.1063830
1781;Jun;5.0739958
1781;Jul;5.2401747
1781;Aug;5.2631579
1781;Sep;4.5028143
1781;Oct;5.3691275
1781;Nov;5.2173913
1781;Dec;5.1948052
1782;Jan;5.3811659
1782;Feb;5.5172414
1782;Mar;5.3932584
1782;Apr;5.0420168
1782;May;5.0209205
1782;Jun;5.0104384
1782;Jul;5.1835853
1782;Aug;5.2980132
1782;Sep;5.1948052
1782;Oct;5.1834958
1782;Nov;5.0000000
1782;Dec;4.6242775
1783;Jan;4.4117647
1783;Feb;4.4036697
1783;Mar;4.4198895
1783;Apr;4.4198895
1783;May;4.4526902
1783;Jun;4.5112782
1783;Jul;4.7713718
1783;Aug;4.6439628
1783;Sep;5.0314465
1783;Oct;5.0955414
1783;Nov;5.1724138
1783;Dec;5.2631579
1784;Jan;5.3571429
1784;Feb;5.2392595
1784;Mar;5.1724138
1784;Apr;5.1612903
1784;May;5.1612903
1784;Jun;5.0847458
1784;Jul;5.2401747
1784;Aug;4.5540106
1784;Sep;4.6421663
1784;Oct;5.4669704
1784;Nov;4.5454545
1784;Dec;5.3215078
1785;Jan;5.3333333
1785;Feb;5.4176072
1785;Mar;5.4545455
1785;Apr;5.2083333
1785;May;4.4362292
1785;Jun;5.1172708
1785;Jul;5.1612903
1785;Aug;5.1063830
1785;Sep;5.0104384
1785;Oct;4.5889101
1785;Nov;4.2857143
1785;Dec;4.1884817
1786;Jan;4.2553191
1786;Feb;4.2780749
1786;Mar;4.3321300
1786;Apr;4.2933810
1786;May;4.0404040
1786;Jun;4.0336134
1786;Jul;3.9538715
1786;Aug;3.8580247
1786;Sep;3.8772213
1786;Oct;3.9344262
1786;Nov;4.0609137
1786;Dec;3.9800467
1787;Jan;4.0677966
1787;Feb;4.0000000
1787;Mar;3.9339103
1787;Apr;3.8834951
1787;May;3.9024390
1787;Jun;4.0677966
1787;Jul;4.2477876
1787;Aug;4.1379310
1787;Sep;4.1522491
1787;Oct;3.9735099
1787;Nov;3.9024390
1787;Dec;3.8772213
1788;Jan;3.9735099
1788;Feb;3.9867110
1788;Mar;3.9669421
1788;Apr;3.9933444
1788;May;3.9682540
1788;Jun;3.9867110
1788;Jul;4.0336134
1788;Aug;4.0472175
1788;Sep;4.0201005
1788;Oct;3.9669421
1788;Nov;4.0609137
1788;Dec;4.0540541
1789;Jan;4.1811847
1789;Feb;4.0540541
1789;Mar;4.0404040
1789;Apr;4.0000000
1789;May;3.9408867
1789;Jun;3.8897893
1789;Jul;3.8034865
1789;Aug;3.7854890
1789;Sep;3.7383178
1789;Oct;3.7914692
1789;Nov;3.8523274
1789;Dec;3.8095238
1790;Jan;3.8034865
1790;Feb;3.8772213
1790;Mar;3.7795276
1790;Apr;3.7617555
1790;May;4.0133779
1790;Jun;4.0540541
1790;Jul;4.0609137
1790;Aug;3.9082856
1790;Sep;3.9344262
1790;Oct;4.0404040
1790;Nov;3.7795276
1790;Dec;3.6979969
1791;Jan;3.7117229
1791;Feb;3.7267081
1791;Mar;3.9344262
1791;Apr;3.6979969
1791;May;3.6753446
1791;Jun;4.8582996
1791;Jul;3.6144578
1791;Aug;3.3755274
1791;Sep;3.3613445
1791;Oct;3.4383954
1791;Nov;3.4042553
1791;Dec;3.3149171
1792;Jan;3.2128514
1792;Feb;3.1209363
1792;Mar;3.1088083
1792;Apr;3.2301480
1792;May;3.2128514
1792;Jun;3.2345013
1792;Jul;3.2042724
1792;Aug;3.3519553
1792;Sep;3.3287101
1792;Oct;3.3195021
1792;Nov;3.8095238
1792;Dec;3.8034865
1793;Jan;3.9603960
1793;Feb;4.0955631
1793;Mar;3.9215686
1793;Apr;3.8772213
1793;May;3.8961039
1793;Jun;3.8647343
1793;Jul;3.8646845
1793;Aug;3.9473684
1793;Sep;4.0066778
1793;Oct;4.0472175
1793;Nov;3.9800995
1793;Dec;4.0747029
1794;Jan;4.4526902
1794;Feb;4.5454545
1794;Mar;4.4362292
1794;Apr;4.2105263
1794;May;4.2477275
1794;Jun;4.4117647
1794;Jul;4.4526902
1794;Aug;4.4776119
1794;Sep;4.6421663
1794;Oct;4.4943820
1794;Nov;4.3795620
1794;Dec;4.5454545
1795;Jan;4.7904192
1795;Feb;4.7808765
1795;Mar;4.8387097
1795;Apr;4.5714286
1795;May;4.5045045
1795;Jun;4.4198244
1795;Jul;4.4937088
1795;Aug;4.4362292
1795;Sep;4.3630017
1795;Oct;4.3715847
1795;Nov;4.3956044
1795;Dec;4.2780749
1796;Jan;4.3949604
1796;Feb;4.4280443
1796;Mar;4.3399638
1796;Apr;4.5028143
1796;May;4.6601942
1796;Jun;4.7051443
1796;Jul;4.9689441
1796;Aug;5.4054054
1796;Sep;4.4280443
1796;Oct;5.2287582
1796;Nov;5.3214134
1796;Dec;5.4421769
1797;Jan;4.5888399
1797;Feb;4.8484065
1797;Mar;5.9850374
1797;Apr;6.2176166
1797;May;6.2663185
1797;Jun;5.5172414
1797;Jul;5.6603774
1797;Aug;5.7279236
1797;Sep;6.0606061
1797;Oct;6.0901340
1797;Nov;6.0913706
1797;Dec;6.0606061
1798;Jan;6.2992126
1798;Feb;6.0150376
1798;Mar;6.0150376
1798;Apr;6.2176166
1798;May;6.0483871
1798;Jun;6.0913706
1798;Jul;6.0000000
1798;Aug;6.0000000
1798;Sep;5.9405941
1798;Oct;5.3452116
1798;Nov;5.7007126
1798;Dec;5.4919908
1799;Jan;5.6737589
1799;Feb;5.5555556
1799;Mar;5.6074766
1799;Apr;5.4054054
1799;May;5.3571429
1799;Jun;4.8484848
1799;Jul;4.7337278
1799;Aug;4.5028143
1799;Sep;4.9484536
1799;Oct;4.9382716
1799;Nov;4.7337278
1799;Dec;4.7619048
1800;Jan;4.9689441
1800;Feb;4.7524752
1800;Mar;4.7337278
1800;Apr;4.7430830
1800;May;4.6875000
1800;Jun;4.6242775
1800;Jul;4.6153846
1800;Aug;4.5627376
1800;Sep;4.5454545
1800;Oct;4.7058824
1800;Nov;4.7244094
1800;Dec;4.7713718
1801;Jan;5.2060738
1801;Feb;5.3691275
1801;Mar;5.1835853
1801;Apr;4.8979592
1801;May;4.9079755
1801;Jun;4.8484848
1801;Jul;5.1282051
1801;Aug;4.9586777
1801;Sep;5.1063830
1801;Oct;4.4036697
1801;Nov;4.4444444
1801;Dec;4.3557169
1802;Jan;4.3715847
1802;Feb;4.3399638
1802;Mar;4.2477876
1802;Apr;3.9024390
1802;May;3.9538715
1802;Jun;3.9867110
1802;Jul;4.1811847
1802;Aug;4.4609665
1802;Sep;4.3243243
1802;Oct;4.3956044
1802;Nov;4.4526241
1802;Dec;4.0885860
1803;Jan;4.2396834
1803;Feb;4.2179262
1803;Mar;4.8289738
1803;Apr;4.7524752
1803;May;5.0000000
1803;Jun;4.4609665
1803;Jul;5.7553957
1803;Aug;5.5427252
1803;Sep;5.7142857
1803;Oct;5.5944056
1803;Nov;5.5045872
1803;Dec;5.3452116
1804;Jan;5.3802009
1804;Feb;5.3932584
1804;Mar;5.3097345
1804;Apr;5.3571429
1804;May;5.3571429
1804;Jun;5.2516411
1804;Jul;5.1172708
1804;Aug;5.2631579
1804;Sep;5.2401747
1804;Oct;5.2173913
1804;Nov;5.1172708
1804;Dec;5.0335570
1805;Jan;4.9180328
1805;Feb;5.1724138
1805;Mar;5.1612903
1805;Apr;5.1612903
1805;May;5.0632911
1805;Jun;5.0209205
1805;Jul;5.1172708
1805;Aug;5.1502146
1805;Sep;5.1063830
1805;Oct;5.0632911
1805;Nov;4.9180328
1805;Dec;4.9792531
1806;Jan;4.9281314
1806;Feb;5.0104384
1806;Mar;4.9484536
1806;Apr;4.9896050
1806;May;4.8879837
1806;Jun;4.7430830
1806;Jul;4.6875000
1806;Aug;4.7713718
1806;Sep;4.7524752
1806;Oct;4.8979592
1806;Nov;5.0632911
1806;Dec;4.9689441
1807;Jan;4.8387097
1807;Feb;4.8096192
1807;Mar;4.8289738
1807;Apr;4.7337278
1807;May;4.7151277
1807;Jun;4.6966732
1807;Jul;4.8387097
1807;Aug;4.8000000
1807;Sep;4.7808765
1807;Oct;4.7808765
1807;Nov;4.6965997
1807;Dec;4.6692607
1808;Jan;4.7244094
1808;Feb;4.6966732
1808;Mar;4.6421663
1808;Apr;4.5028143
1808;May;4.4036697
1808;Jun;4.3010753
1808;Jul;4.4117647
1808;Aug;4.5627376
1808;Sep;4.5454545
1808;Oct;4.4692737
1808;Nov;4.5197740
1808;Dec;4.4859813
1809;Jan;4.5027467
1809;Feb;4.4280443
1809;Mar;4.4526902
1809;Apr;4.4280443
1809;May;4.4036051
1809;Jun;4.3321300
1809;Jul;4.4117647
1809;Aug;4.3956044
1809;Sep;4.3956044
1809;Oct;4.3321300
1809;Nov;4.2857143
1809;Dec;4.2402827
1810;Jan;4.4198244
1810;Feb;4.4198895
1810;Mar;4.3557169
1810;Apr;4.2780749
1810;May;4.2628774
1810;Jun;4.2105263
1810;Jul;4.3636364
1810;Aug;4.4036697
1810;Sep;4.6875000
1810;Oct;4.5454545
1810;Nov;4.4859813
1810;Dec;4.4692737
1811;Jan;4.5540797
1811;Feb;4.5627376
1811;Mar;4.6242775
1811;Apr;4.6332046
1811;May;4.6601942
1811;Jun;4.7058824
1811;Jul;4.8289738
1811;Aug;4.6783626
1811;Sep;4.7151277
1811;Oct;4.6783626
1811;Nov;4.7244094
1811;Dec;4.7244094
1812;Jan;4.7808765
1812;Feb;4.8780488
1812;Mar;4.8289738
1812;Apr;4.9586777
1812;May;4.8971596
1812;Jun;4.9079755
1812;Jul;5.2980132
1812;Aug;5.0847458
1812;Sep;5.2747253
1812;Oct;5.1063830
1812;Nov;5.1391863
1812;Dec;5.0000000
1813;Jan;5.0632911
1813;Feb;5.1282051
1813;Mar;5.0847458
1813;Apr;5.0209205
1813;May;5.1390983
1813;Jun;5.1948052
1813;Jul;5.1948052
1813;Aug;4.4859142
1813;Sep;5.1063830
1813;Oct;5.1724138
1813;Nov;5.0000000
1813;Dec;4.9792531
1814;Jan;4.4792833
1814;Feb;4.2628774
1814;Mar;4.7808765
1814;Apr;4.4378698
1814;May;4.4444444
1814;Jun;4.4444444
1814;Jul;4.4609665
1814;Aug;4.5977011
1814;Sep;4.5977011
1814;Oct;4.6692607
1814;Nov;4.5454545
1814;Dec;4.5368620
1815;Jan;4.5969966
1815;Feb;4.6966732
1815;Mar;5.1493306
1815;Apr;5.2516411
1815;May;5.0526316
1815;Jun;5.0847458
1815;Jul;5.2863436
1815;Aug;5.3215078
1815;Sep;5.2516411
1815;Oct;4.9180328
1815;Nov;4.9079755
1815;Dec;4.9079755
1816;Jan;4.8582996
1816;Feb;4.8582996
1816;Mar;4.9896050
1816;Apr;4.8096192
1816;May;4.6692607
1816;Jun;4.6692607
1816;Jul;4.7430830
1816;Aug;4.8681542
1816;Sep;4.8701299
1816;Oct;4.8484848
1816;Nov;4.7619048
1816;Dec;4.7619048
1817;Jan;4.7244094
1817;Feb;4.4526902
1817;Mar;4.1884817
1817;Apr;4.1594454
1817;May;4.1025080
1817;Jun;4.1095890
1817;Jul;3.8585209
1817;Aug;3.7974684
1817;Sep;3.7037037
1817;Oct;3.6418816
1817;Nov;3.5982009
1817;Dec;3.5982009
1818;Jan;3.8034865
1818;Feb;3.7612839
1818;Mar;3.8095238
1818;Apr;3.7735849
1818;May;3.7974684
1818;Jun;3.7974684
1818;Jul;3.8834951
1818;Aug;4.0540541
1818;Sep;4.0201005
1818;Oct;3.8647343
1818;Nov;3.8333759
1818;Dec;3.7914692
1819;Jan;3.8167939
1819;Feb;4.1095890
1819;Mar;4.0404040
1819;Apr;4.1666667
1819;May;3.4433286
1819;Jun;4.5283019
1819;Jul;4.2031524
1819;Aug;4.1884817
1819;Sep;4.3165468
1819;Oct;4.5112782
1819;Nov;4.4362292
1819;Dec;4.4776119
1820;Jan;4.4198244
1820;Feb;4.3956044
1820;Mar;4.3715847
1820;Apr;4.3165468
1820;May;4.3087971
1820;Jun;4.2933810
1820;Jul;4.3731778
1820;Aug;4.4444444
1820;Sep;4.5283019
1820;Oct;4.4198895
1820;Nov;4.3243243
1820;Dec;4.3087971
1821;Jan;4.1899441
1821;Feb;4.1166381
1821;Mar;4.1739130
1821;Apr;4.1450777
1821;May;3.9087948
1821;Jun;3.9151713
1821;Jul;4.0336134
1821;Aug;3.9473684
1821;Sep;3.9279869
1821;Oct;3.8709677
1821;Nov;3.8709677
1821;Dec;3.8834951
1822;Jan;3.9408349
1822;Feb;3.8155803
1822;Mar;3.7735849
1822;Apr;3.8216561
1822;May;3.7795276
1822;Jun;3.7735849
1822;Jul;3.7325039
1822;Aug;3.7325039
1822;Sep;3.6866359
1822;Oct;3.6418816
1822;Nov;3.6979969
1822;Dec;3.7676136
1823;Jan;4.0048058
1823;Feb;4.1278534
1823;Mar;4.0841887
1823;Apr;3.9106801
1823;May;3.7653910
1823;Jun;3.7352458
1823;Jul;3.6380393
1823;Aug;3.6506565
1823;Sep;3.6386571
1823;Oct;3.6736343
1823;Nov;3.6118469
1823;Dec;3.5218708
1824;Jan;3.3178867
1824;Feb;3.2630686
1824;Mar;3.1929500
1824;Apr;3.1605896
1824;May;3.2021177
1824;Jun;3.1844767
1824;Jul;3.2681163
1824;Aug;3.2277848
1824;Sep;3.1842063
1824;Oct;3.1561007
1824;Nov;3.1931539
1824;Dec;3.1844767
1825;Jan;3.2151239
1825;Feb;3.2059160
1825;Mar;3.2460155
1825;Apr;3.2901952
1825;May;3.4062653
1825;Jun;3.3250576
1825;Jul;3.3499341
1825;Aug;3.3773895
1825;Sep;3.4367804
1825;Oct;3.4603673
1825;Nov;3.6162442
1825;Dec;3.7167352
1826;Jan;3.7409749
1826;Feb;3.9235689
1826;Mar;3.7892663
1826;Apr;3.8491641
1826;May;3.8421639
1826;Jun;3.8897893
1826;Jul;3.8740670
1826;Aug;3.8420163
1826;Sep;3.7768154
1826;Oct;3.7061745
1826;Nov;3.6433412
1826;Dec;3.8128161
1827;Jan;3.8058509
1827;Feb;3.6487916
1827;Mar;3.6561289
1827;Apr;3.6442263
1827;May;3.6545255
1827;Jun;3.5235668
1827;Jul;3.4603673
1827;Aug;3.4668053
1827;Sep;3.4860616
1827;Oct;3.4303748
1827;Nov;3.6017432
1827;Dec;3.6390102
1828;Jan;3.5005017
1828;Feb;3.6178577
1828;Mar;3.6334569
1828;Apr;3.5362763
1828;May;3.5378610
1828;Jun;3.4243448
1828;Jul;3.4845229
1828;Aug;3.4462161
1828;Sep;3.4355210
1828;Oct;3.5123459
1828;Nov;3.5011962
1828;Dec;3.4972372
1829;Jan;3.4512114
1829;Feb;3.4657640
1829;Mar;3.4600480
1829;Apr;3.4394992
1829;May;3.4410773
1829;Jun;3.4502588
1829;Jul;3.3883756
1829;Aug;3.4262220
1829;Sep;3.3771614
1829;Oct;3.3316305
1829;Nov;3.2321317
1829;Dec;3.2123698
1830;Jan;3.2458399
1830;Feb;3.2942055
1830;Mar;3.2666572
1830;Apr;3.2814859
1830;May;3.2763611
1830;Jun;3.3027644
1830;Jul;3.3132331
1830;Aug;3.3033099
1830;Sep;3.4299434
1830;Oct;3.6175524
1830;Nov;3.6888572
1830;Dec;3.7114014
1831;Jan;3.7297660
1831;Feb;3.8609045
1831;Mar;3.8353362
1831;Apr;3.8434437
1831;May;3.6331489
1831;Jun;3.6900823
1831;Jul;3.6394958
1831;Aug;3.6775522
1831;Sep;3.7190390
1831;Oct;3.6668989
1831;Nov;3.6492355
1831;Dec;3.6397166
1832;Jan;3.6499015
1832;Feb;3.6546146
1832;Mar;3.6342051
1832;Apr;3.5684973
1832;May;3.5623954
1832;Jun;3.6086753
1832;Jul;3.6113686
1832;Aug;3.5805932
1832;Sep;3.6011380
1832;Oct;3.6110208
1832;Nov;3.6677955
1832;Dec;3.5651048
1833;Jan;3.4648434
1833;Feb;3.4343804
1833;Mar;3.4657240
1833;Apr;3.4550271
1833;May;3.4075420
1833;Jun;3.4100597
1833;Jul;3.3820346
1833;Aug;3.4125810
1833;Sep;3.4309241
1833;Oct;3.4797940
1833;Nov;3.4412746
1833;Dec;3.4306102
1834;Jan;3.3837131
1834;Feb;3.3175932
1834;Mar;3.3211925
1834;Apr;3.3208617
1834;May;3.2904478
1834;Jun;3.2973193
1834;Jul;3.3026190
1834;Aug;3.3688182
1834;Sep;3.3445562
1834;Oct;3.3089573
1834;Nov;3.3403853
1834;Dec;3.3149904
1835;Jan;3.2549258
1835;Feb;3.3126843
1835;Mar;3.2983706
1835;Apr;3.2663016
1835;May;3.3498219
1835;Jun;3.3398274
1835;Jul;3.3412037
1835;Aug;3.3590863
1835;Sep;3.3164929
1835;Oct;3.3224063
1835;Nov;3.3262005
1835;Dec;3.3312605
1836;Jan;3.3038920
1836;Feb;3.2851151
1836;Mar;3.2997492
1836;Apr;3.3038920
1836;May;3.3077534
1836;Jun;3.3131233
1836;Jul;3.2992775
1836;Aug;3.3167129
1836;Sep;3.3930510
1836;Oct;3.4163507
1836;Nov;3.4900359
1836;Dec;3.4136683
1837;Jan;3.3540914
1837;Feb;3.3534166
1837;Mar;3.3502334
1837;Apr;3.3448918
1837;May;3.3396044
1837;Jun;3.3271965
1837;Jul;3.2809117
1837;Aug;3.2891491
1837;Sep;3.2904117
1837;Oct;3.2627847
1837;Nov;3.2531963
1837;Dec;3.3037101
1838;Jan;3.2626073
1838;Feb;3.2575412
1838;Mar;3.2457346
1838;Apr;3.2407207
1838;May;3.2183661
1838;Jun;3.2054364
1838;Jul;3.2018443
1838;Aug;3.2073555
1838;Sep;3.2238306
1838;Oct;3.2187460
1838;Nov;3.2417363
1838;Dec;3.2497427
1839;Jan;3.2490740
1839;Feb;3.2484407
1839;Mar;3.2672620
1839;Apr;3.2536197
1839;May;3.2462263
1839;Jun;3.2691847
1839;Jul;3.2713949
1839;Aug;3.3133428
1839;Sep;3.3588983
1839;Oct;3.3505327
1839;Nov;3.3546915
1839;Dec;3.3152835
1840;Jan;3.2908810
1840;Feb;3.3312975
1840;Mar;3.3398646
1840;Apr;3.3409805
1840;May;3.2811987
1840;Jun;3.2834971
1840;Jul;3.3458617
1840;Aug;3.3637944
1840;Sep;3.4351669
1840;Oct;3.4563805
1840;Nov;3.3682131
1840;Dec;3.4004738
1841;Jan;3.3594249
1841;Feb;3.4064200
1841;Mar;3.4105637
1841;Apr;3.3642848
1841;May;3.3778078
1841;Jun;3.3582215
1841;Jul;3.3596130
1841;Aug;3.3682131
1841;Sep;3.3816153
1841;Oct;3.4461369
1841;Nov;3.4109902
1841;Dec;3.3645111
1842;Jan;3.4165063
1842;Feb;3.3821109
1842;Mar;3.3715821
1842;Apr;3.2722513
1842;May;3.2850432
1842;Jun;3.2873830
1842;Jul;3.2992775
1842;Aug;3.2537608
1842;Sep;3.2594170
1842;Oct;3.2323058
1842;Nov;3.2099637
1842;Dec;3.1884027
1843;Jan;3.1723204
1843;Feb;3.1467651
1843;Mar;3.1194435
1843;Apr;3.1392575
1843;May;3.1676979
1843;Jun;3.1914894
1843;Jul;3.2063957
1843;Aug;3.2014001
1843;Sep;3.1813699
1843;Oct;3.1680324
1843;Nov;3.1673300
1843;Dec;3.1016087
1844;Jan;3.0863562
1844;Feb;3.0937084
1844;Mar;3.0594138
1844;Apr;3.0356077
1844;May;3.0522546
1844;Jun;3.0438929
1844;Jul;3.0202660
1844;Aug;3.0637881
1844;Sep;3.0206917
1844;Oct;3.0291403
1844;Nov;3.0097214
1844;Dec;2.9903412
1845;Jan;3.0064639
1845;Feb;3.0248949
1845;Mar;3.0243460
1845;Apr;3.0584781
1845;May;3.0480680
1845;Jun;3.0333670
1845;Jul;3.0353005
1845;Aug;3.0518199
1845;Sep;3.0785650
1845;Oct;3.1237635
1845;Nov;3.2237266
1845;Dec;3.1551713
1846;Jan;3.1689695
1846;Feb;3.1311645
1846;Mar;3.1469962
1846;Apr;3.1480529
1846;May;3.1477226
1846;Jun;3.1749055
1846;Jul;3.1319163
1846;Aug;3.1393889
1846;Sep;3.1718509
1846;Oct;3.2155719
1846;Nov;3.1976806
1846;Dec;3.1839360
1847;Jan;3.2858348
1847;Feb;3.3447053
1847;Mar;3.3817296
1847;Apr;3.4763665
1847;May;3.4506556
1847;Jun;3.3978548
1847;Jul;3.3928592
1847;Aug;3.4604870
1847;Sep;3.5050824
1847;Oct;3.7474705
1847;Nov;3.5735131
1847;Dec;3.5322791
1848;Jan;3.3590863
1848;Feb;3.4352456
1848;Mar;3.7075486
1848;Apr;3.6839197
1848;May;3.6109774
1848;Jun;3.5415781
1848;Jul;3.4959738
1848;Aug;3.4799151
1848;Sep;3.5222016
1848;Oct;3.5473153
1848;Nov;3.4795922
1848;Dec;3.3892561
1849;Jan;3.2894376
1849;Feb;3.2355828
1849;Mar;3.2812346
1849;Apr;3.2940970
1849;May;3.3346301
1849;Jun;3.2754310
1849;Jul;3.2276806
1849;Aug;3.2596295
1849;Sep;3.2632816
1849;Oct;3.2713949
1849;Nov;3.1773602
1849;Dec;3.1296619
1850;Jan;3.1260000
1850;Feb;3.1720000
1850;Mar;3.1550000
1850;Apr;3.1590000
1850;May;3.1500000
1850;Jun;3.1270000
1850;Jul;3.1060000
1850;Aug;3.1260000
1850;Sep;3.1300000
1850;Oct;3.1180000
1850;Nov;3.1420000
1850;Dec;3.1070000
1851;Jan;3.1090000
1851;Feb;3.1340000
1851;Mar;3.1300000
1851;Apr;3.1260000
1851;May;3.1020000
1851;Jun;3.0910000
1851;Jul;3.1060000
1851;Aug;3.1420000
1851;Sep;3.1340000
1851;Oct;3.1010000
1851;Nov;3.0780000
1851;Dec;3.0910000
1852;Jan;3.1180000
1852;Feb;3.1040000
1852;Mar;3.0620000
1852;Apr;3.0460000
1852;May;3.0390000
1852;Jun;2.9760000
1852;Jul;2.9970000
1852;Aug;3.0120000
1852;Sep;3.0200000
1852;Oct;3.0200000
1852;Nov;2.9970000
1852;Dec;2.9830000
1853;Jan;3.0230000
1853;Feb;3.0230000
1853;Mar;3.0310000
1853;Apr;3.0080000
1853;May;3.0200000
1853;Jun;3.0670000
1853;Jul;3.0620000
1853;Aug;3.0740000
1853;Sep;3.2380000
1853;Oct;3.3020000
1853;Nov;3.1750000
1853;Dec;3.1960000
1854;Jan;3.3140000
1854;Feb;3.2880000
1854;Mar;3.5150000
1854;Apr;3.4740000
1854;May;3.3860000
1854;Jun;3.1960000
1854;Jul;3.2530000
1854;Aug;3.2050000
1854;Sep;3.1800000
1854;Oct;3.2050000
1854;Nov;3.2970000
1854;Dec;3.2860000
1855;Jan;3.3020000
1855;Feb;3.3160000
1855;Mar;3.2530000
1855;Apr;3.4150000
1855;May;3.3300000
1855;Jun;3.2950000
1855;Jul;3.3110000
1855;Aug;3.3110000
1855;Sep;3.4200000
1855;Oct;3.4440000
1855;Nov;3.4100000
1855;Dec;3.3970000
1856;Jan;3.3250000
1856;Feb;3.3070000
1856;Mar;3.2660000
1856;Apr;3.2710000
1856;May;3.2090000
1856;Jun;3.1560000
1856;Jul;3.1420000
1856;Aug;3.1720000
1856;Sep;3.2400000
1856;Oct;3.2710000
1856;Nov;3.2200000
1856;Dec;3.1850000
1857;Jan;3.2350000
1857;Feb;3.2180000
1857;Mar;3.2400000
1857;Apr;3.2580000
1857;May;3.2440000
1857;Jun;3.2190000
1857;Jul;3.3300000
1857;Aug;3.3390000
1857;Sep;3.3580000
1857;Oct;3.4200000
1857;Nov;3.3340000
1857;Dec;3.2190000
1858;Jan;3.1590000
1858;Feb;3.1100000
1858;Mar;3.1060000
1858;Apr;3.1100000
1858;May;3.1060000
1858;Jun;3.1350000
1858;Jul;3.1340000
1858;Aug;3.1140000
1858;Sep;3.1060000
1858;Oct;3.0820000
1858;Nov;3.0980000
1858;Dec;3.1030000
1859;Jan;3.1420000
1859;Feb;3.1630000
1859;Mar;3.1460000
1859;Apr;3.3980000
1859;May;3.3000000
1859;Jun;3.2540000
1859;Jul;3.1670000
1859;Aug;3.1650000
1859;Sep;3.1590000
1859;Oct;3.1570000
1859;Nov;3.1590000
1859;Dec;3.1350000
1860;Jan;3.1840000
1860;Feb;3.1740000
1860;Mar;3.2180000
1860;Apr;3.1920000
1860;May;3.1970000
1860;Jun;3.2150000
1860;Jul;3.2220000
1860;Aug;3.2350000
1860;Sep;3.2440000
1860;Oct;3.2620000
1860;Nov;3.2490000
1860;Dec;3.2450000
1861;Jan;3.2890000
1861;Feb;3.2970000
1861;Mar;3.2980000
1861;Apr;3.3020000
1861;May;3.3110000
1861;Jun;3.3590000
1861;Jul;3.3480000
1861;Aug;3.2490000
1861;Sep;3.2440000
1861;Oct;3.2530000
1861;Nov;3.2820000
1861;Dec;3.2390000
1862;Jan;3.2400000
1862;Feb;3.2270000
1862;Mar;3.2220000
1862;Apr;3.2310000
1862;May;3.2440000
1862;Jun;3.2720000
1862;Jul;3.2140000
1862;Aug;3.2310000
1862;Sep;3.2350000
1862;Oct;3.2400000
1862;Nov;3.2400000
1862;Dec;3.2410000
1863;Jan;3.2620000
1863;Feb;3.2620000
1863;Mar;3.2750000
1863;Apr;3.2660000
1863;May;3.2490000
1863;Jun;3.2630000
1863;Jul;3.2270000
1863;Aug;3.2270000
1863;Sep;3.2400000
1863;Oct;3.2530000
1863;Nov;3.2840000
1863;Dec;3.2810000
1864;Jan;3.3250000
1864;Feb;3.3020000
1864;Mar;3.3070000
1864;Apr;3.3190000
1864;May;3.3110000
1864;Jun;3.3450000
1864;Jul;3.3430000
1864;Aug;3.3910000
1864;Sep;3.4400000
1864;Oct;3.3910000
1864;Nov;3.3430000
1864;Dec;3.3500000
1865;Jan;3.3530000
1865;Feb;3.3810000
1865;Mar;3.3670000
1865;Apr;3.3340000
1865;May;3.3430000
1865;Jun;3.3310000
1865;Jul;3.3340000
1865;Aug;3.3580000
1865;Sep;3.3910000
1865;Oct;3.4150000
1865;Nov;3.3860000
1865;Dec;3.4410000
1866;Jan;3.4590000
1866;Feb;3.4440000
1866;Mar;3.4650000
1866;Apr;3.4890000
1866;May;3.5130000
1866;Jun;3.4610000
1866;Jul;3.4050000
1866;Aug;3.4000000
1866;Sep;3.3860000
1866;Oct;3.3910000
1866;Nov;3.3860000
1866;Dec;3.3260000
1867;Jan;3.3160000
1867;Feb;3.3160000
1867;Mar;3.3210000
1867;Apr;3.3340000
1867;May;3.1710000
1867;Jun;3.1730000
1867;Jul;3.1970000
1867;Aug;3.1880000
1867;Sep;3.2010000
1867;Oct;3.2140000
1867;Nov;3.2070000
1867;Dec;3.2500000
1868;Jan;3.2140000
1868;Feb;3.2440000
1868;Mar;3.2490000
1868;Apr;3.2400000
1868;May;3.2220000
1868;Jun;3.1640000
1868;Jul;3.1840000
1868;Aug;3.2090000
1868;Sep;3.2050000
1868;Oct;3.2090000
1868;Nov;3.2310000
1868;Dec;3.2500000
1869;Jan;3.2310000
1869;Feb;3.2350000
1869;Mar;3.2440000
1869;Apr;3.2400000
1869;May;3.2840000
1869;Jun;3.2330000
1869;Jul;3.2270000
1869;Aug;3.2400000
1869;Sep;3.2620000
1869;Oct;3.2400000
1869;Nov;3.2400000
1869;Dec;3.2590000
1870;Jan;3.2570000
1870;Feb;3.2570000
1870;Mar;3.2400000
1870;Apr;3.2270000
1870;May;3.2180000
1870;Jun;3.2370000
1870;Jul;3.3650000
1870;Aug;3.3000000
1870;Sep;3.2930000
1870;Oct;3.2800000
1870;Nov;3.2910000
1870;Dec;3.2700000
1871;Jan;3.2490000
1871;Feb;3.2840000
1871;Mar;3.2570000
1871;Apr;3.2530000
1871;May;3.2530000
1871;Jun;3.2540000
1871;Jul;3.2070000
1871;Aug;3.2220000
1871;Sep;3.2620000
1871;Oct;3.2660000
1871;Nov;3.2530000
1871;Dec;3.2410000
1872;Jan;3.2490000
1872;Feb;3.2660000
1872;Mar;3.2530000
1872;Apr;3.2580000
1872;May;3.2550000
1872;Jun;3.2450000
1872;Jul;3.2490000
1872;Aug;3.2570000
1872;Sep;3.2750000
1872;Oct;3.2890000
1872;Nov;3.2750000
1872;Dec;3.2680000
1873;Jan;3.2620000
1873;Feb;3.2570000
1873;Mar;3.2620000
1873;Apr;3.2400000
1873;May;3.2400000
1873;Jun;3.2500000
1873;Jul;3.2440000
1873;Aug;3.2530000
1873;Sep;3.2750000
1873;Oct;3.2800000
1873;Nov;3.2550000
1873;Dec;3.2630000
1874;Jan;3.2620000
1874;Feb;3.2700000
1874;Mar;3.2890000
1874;Apr;3.2660000
1874;May;3.2490000
1874;Jun;3.2450000
1874;Jul;3.2490000
1874;Aug;3.2530000
1874;Sep;3.2710000
1874;Oct;3.2620000
1874;Nov;3.2620000
1874;Dec;3.2720000
1875;Jan;3.2440000
1875;Feb;3.2400000
1875;Mar;3.2530000
1875;Apr;3.2230000
1875;May;3.2350000
1875;Jun;3.2150000
1875;Jul;3.1750000
1875;Aug;3.1860000
1875;Sep;3.2090000
1875;Oct;3.1970000
1875;Nov;3.2050000
1875;Dec;3.1960000
1876;Jan;3.1970000
1876;Feb;3.1920000
1876;Mar;3.2090000
1876;Apr;3.1750000
1876;May;3.1840000
1876;Jun;3.1980000
1876;Jul;3.1060000
1876;Aug;3.1280000
1876;Sep;3.1460000
1876;Oct;3.1750000
1876;Nov;3.1820000
1876;Dec;3.1870000
1877;Jan;3.1340000
1877;Feb;3.1340000
1877;Mar;3.1340000
1877;Apr;3.2270000
1877;May;3.1950000
1877;Jun;3.1770000
1877;Jul;3.1800000
1877;Aug;3.1670000
1877;Sep;3.1610000
1877;Oct;3.1460000
1877;Nov;3.1240000
1877;Dec;3.1680000
1878;Jan;3.1590000
1878;Feb;3.1590000
1878;Mar;3.2030000
1878;Apr;3.1970000
1878;May;3.1160000
1878;Jun;3.1310000
1878;Jul;3.1550000
1878;Aug;3.1880000
1878;Sep;3.1920000
1878;Oct;3.2230000
1878;Nov;3.1630000
1878;Dec;3.1680000
1879;Jan;3.1220000
1879;Feb;3.1300000
1879;Mar;3.1140000
1879;Apr;3.0620000
1879;May;3.0660000
1879;Jun;3.0790000
1879;Jul;3.0660000
1879;Aug;3.0900000
1879;Sep;3.0940000
1879;Oct;3.0980000
1879;Nov;3.0780000
1879;Dec;3.0830000
1880;Jan;3.0500000
1880;Feb;3.0760000
1880;Mar;3.0820000
1880;Apr;3.0580000
1880;May;3.0580000
1880;Jun;3.0440000
1880;Jul;3.0660000
1880;Aug;3.0860000
1880;Sep;3.0900000
1880;Oct;3.0460000
1880;Nov;3.0160000
1880;Dec;3.0320000
1881;Jan;3.0430000
1881;Feb;3.0350000
1881;Mar;3.0160000
1881;Apr;2.9870000
1881;May;2.8090000
1881;Jun;2.8410000
1881;Jul;2.8550000
1881;Aug;2.8610000
1881;Sep;2.9270000
1881;Oct;2.9260000
1881;Nov;2.8990000
1881;Dec;2.9070000
1882;Jan;2.9130000
1882;Feb;2.9370000
1882;Mar;2.9270000
1882;Apr;2.9340000
1882;May;2.9240000
1882;Jun;2.9410000
1882;Jul;2.9560000
1882;Aug;3.0080000
1882;Sep;3.0070000
1882;Oct;2.9260000
1882;Nov;2.9030000
1882;Dec;2.9070000
1883;Jan;2.8760000
1883;Feb;2.8740000
1883;Mar;2.8770000
1883;Apr;2.8510000
1883;May;2.8660000
1883;Jun;2.8410000
1883;Jul;2.8710000
1883;Aug;2.8660000
1883;Sep;2.8560000
1883;Oct;2.8510000
1883;Nov;2.8010000
1883;Dec;2.7860000
1884;Jan;2.7640000
1884;Feb;2.7670000
1884;Mar;2.7690000
1884;Apr;2.7190000
1884;May;2.7250000
1884;Jun;2.7210000
1884;Jul;2.7010000
1884;Aug;2.6940000
1884;Sep;2.7050000
1884;Oct;2.7340000
1884;Nov;2.7470000
1884;Dec;2.7620000
1885;Jan;2.7600000
1885;Feb;2.8990000
1885;Mar;2.9630000
1885;Apr;2.9690000
1885;May;2.8820000
1885;Jun;2.7970000
1885;Jul;2.8260000
1885;Aug;2.8330000
1885;Sep;2.8530000
1885;Oct;2.8670000
1885;Nov;2.8570000
1885;Dec;2.8530000
1886;Jan;2.8510000
1886;Feb;2.8090000
1886;Mar;2.8450000
1886;Apr;2.8420000
1886;May;2.8410000
1886;Jun;2.8050000
1886;Jul;2.8110000
1886;Aug;2.8250000
1886;Sep;2.8210000
1886;Oct;2.8420000
1886;Nov;2.8410000
1886;Dec;2.8370000
1887;Jan;2.8510000
1887;Feb;2.8570000
1887;Mar;2.8290000
1887;Apr;2.7720000
1887;May;2.7250000
1887;Jun;2.7280000
1887;Jul;2.7110000
1887;Aug;2.7100000
1887;Sep;2.7280000
1887;Oct;2.7040000
1887;Nov;2.6990000
1887;Dec;2.6700000
1888;Jan;2.6330000
1888;Feb;2.6390000
1888;Mar;2.6010000
1888;Apr;2.6190000
1888;May;2.6390000
1888;Jun;2.6280000
1888;Jul;2.6260000
1888;Aug;2.6390000
1888;Sep;2.6630000
1888;Oct;2.6750000
1888;Nov;2.6960000
1888;Dec;2.6630000
1889;Jan;2.6280000
1889;Feb;2.6270000
1889;Mar;2.6370000
1889;Apr;2.6350000
1889;May;2.6260000
1889;Jun;2.6390000
1889;Jul;2.6250000
1889;Aug;2.6480000
1889;Sep;2.6760000
1889;Oct;2.6730000
1889;Nov;2.6640000
1889;Dec;2.6680000
1890;Jan;2.6680000
1890;Feb;2.6710000
1890;Mar;2.6630000
1890;Apr;2.6460000
1890;May;2.6350000
1890;Jun;2.6790000
1890;Jul;2.6940000
1890;Aug;2.6970000
1890;Sep;2.7370000
1890;Oct;2.7440000
1890;Nov;2.6920000
1890;Dec;2.7130000
1891;Jan;2.6630000
1891;Feb;2.6810000
1891;Mar;2.6740000
1891;Apr;2.7010000
1891;May;2.7150000
1891;Jun;2.7100000
1891;Jul;2.7040000
1891;Aug;2.7070000
1891;Sep;2.7310000
1891;Oct;2.7240000
1891;Nov;2.7240000
1891;Dec;2.7110000
1892;Jan;2.7050000
1892;Feb;2.6970000
1892;Mar;2.6950000
1892;Apr;2.6740000
1892;May;2.6510000
1892;Jun;2.6710000
1892;Jul;2.6660000
1892;Aug;2.6650000
1892;Sep;2.6550000
1892;Oct;2.6680000
1892;Nov;2.6530000
1892;Dec;2.6280000
1893;Jan;2.6230000
1893;Feb;2.6180000
1893;Mar;2.6130000
1893;Apr;2.5980000
1893;May;2.6230000
1893;Jun;2.6060000
1893;Jul;2.6090000
1893;Aug;2.6490000
1893;Sep;2.6200000
1893;Oct;2.6310000
1893;Nov;2.6200000
1893;Dec;2.6120000
1894;Jan;2.6030000
1894;Feb;2.5820000
1894;Mar;2.5740000
1894;Apr;2.5680000
1894;May;2.5480000
1894;Jun;2.5340000
1894;Jul;2.5310000
1894;Aug;2.5080000
1894;Sep;2.5170000
1894;Oct;2.5230000
1894;Nov;2.4880000
1894;Dec;2.4780000
1895;Jan;2.4330000
1895;Feb;2.4600000
1895;Mar;2.4460000
1895;Apr;2.4320000
1895;May;2.4150000
1895;Jun;2.3840000
1895;Jul;2.3930000
1895;Aug;2.3780000
1895;Sep;2.3720000
1895;Oct;2.3830000
1895;Nov;2.3970000
1895;Dec;2.3850000
1896;Jan;2.3680000
1896;Feb;2.3320000
1896;Mar;2.3250000
1896;Apr;2.2860000
1896;May;2.2570000
1896;Jun;2.2540000
1896;Jul;2.2490000
1896;Aug;2.2690000
1896;Sep;2.3310000
1896;Oct;2.3560000
1896;Nov;2.2910000
1896;Dec;2.2980000
1897;Jan;2.2620000
1897;Feb;2.2660000
1897;Mar;2.2730000
1897;Apr;2.2710000
1897;May;2.2500000
1897;Jun;2.2540000
1897;Jul;2.2540000
1897;Aug;2.2720000
1897;Sep;2.2810000
1897;Oct;2.2820000
1897;Nov;2.2500000
1897;Dec;2.2490000
1898;Jan;2.2600000
1898;Feb;2.2590000
1898;Mar;2.2790000
1898;Apr;2.2870000
1898;May;2.2790000
1898;Jun;2.2860000
1898;Jul;2.2940000
1898;Aug;2.3010000
1898;Sep;2.3110000
1898;Oct;2.3330000
1898;Nov;2.2950000
1898;Dec;2.2860000
1899;Jan;2.2830000
1899;Feb;2.2880000
1899;Mar;2.2900000
1899;Apr;2.3010000
1899;May;2.3160000
1899;Jun;2.3590000
1899;Jul;2.3890000
1899;Aug;2.4070000
1899;Sep;2.4380000
1899;Oct;2.4350000
1899;Nov;2.4770000
1899;Dec;2.5550000
1900;Jan;2.5200000
1900;Feb;2.5130000
1900;Mar;2.5020000
1900;Apr;2.5150000
1900;May;2.5080000
1900;Jun;2.5170000
1900;Jul;2.5950000
1900;Aug;2.5810000
1900;Sep;2.5730000
1900;Oct;2.5640000
1900;Nov;2.5860000
1900;Dec;2.5950000
1901;Jan;2.6190000
1901;Feb;2.6050000
1901;Mar;2.6450000
1901;Apr;2.6920000
1901;May;2.7090000
1901;Jun;2.7110000
1901;Jul;2.7230000
1901;Aug;2.6820000
1901;Sep;2.7140000
1901;Oct;2.7400000
1901;Nov;2.7690000
1901;Dec;2.6790000
1902;Jan;2.6720000
1902;Feb;2.6790000
1902;Mar;2.6810000
1902;Apr;2.6700000
1902;May;2.6100000
1902;Jun;2.6300000
1902;Jul;2.6470000
1902;Aug;2.6680000
1902;Sep;2.7020000
1902;Oct;2.7140000
1902;Nov;2.7210000
1902;Dec;2.7120000
1903;Jan;2.7040000
1903;Feb;2.7400000
1903;Mar;2.7890000
1903;Apr;2.7340000
1903;May;2.7510000
1903;Jun;2.7510000
1903;Jul;2.7640000
1903;Aug;2.7930000
1903;Sep;2.8570000
1903;Oct;2.8630000
1903;Nov;2.8450000
1903;Dec;2.8530000
1904;Jan;2.8750000
1904;Feb;2.9370000
1904;Mar;2.9280000
1904;Apr;2.8260000
1904;May;2.8010000
1904;Jun;2.7970000
1904;Jul;2.8590000
1904;Aug;2.8650000
1904;Sep;2.8450000
1904;Oct;2.8710000
1904;Nov;2.8720000
1904;Dec;2.8470000
1905;Jan;2.8490000
1905;Feb;2.7840000
1905;Mar;2.7570000
1905;Apr;2.7970000
1905;May;2.8030000
1905;Jun;2.8050000
1905;Jul;2.7910000
1905;Aug;2.7900000
1905;Sep;2.8170000
1905;Oct;2.8670000
1905;Nov;2.8410000
1905;Dec;2.8250000
1906;Jan;2.8070000
1906;Feb;2.7930000
1906;Mar;2.7820000
1906;Apr;2.7830000
1906;May;2.8210000
1906;Jun;2.8610000
1906;Jul;2.8790000
1906;Aug;2.8950000
1906;Sep;2.9070000
1906;Oct;2.9300000
1906;Nov;2.9110000
1906;Dec;2.9330000
1907;Jan;2.9000000
1907;Feb;2.9160000
1907;Mar;2.9540000
1907;Apr;2.9470000
1907;May;2.9940000
1907;Jun;2.9760000
1907;Jul;3.0320000
1907;Aug;3.0730000
1907;Sep;3.0580000
1907;Oct;3.0410000
1907;Nov;3.0630000
1907;Dec;3.0350000
1908;Jan;2.9130000
1908;Feb;2.8900000
1908;Mar;2.8690000
1908;Apr;2.9080000
1908;May;2.8820000
1908;Jun;2.8630000
1908;Jul;2.9130000
1908;Aug;2.9290000
1908;Sep;2.9330000
1908;Oct;2.9820000
1908;Nov;3.0120000
1908;Dec;3.0070000
1909;Jan;3.0340000
1909;Feb;3.0050000
1909;Mar;2.9980000
1909;Apr;2.9690000
1909;May;2.9740000
1909;Jun;2.9890000
1909;Jul;3.0110000
1909;Aug;3.0030000
1909;Sep;3.0320000
1909;Oct;3.0650000
1909;Nov;3.0660000
1909;Dec;3.0370000
1910;Jan;3.0740000
1910;Feb;3.0960000
1910;Mar;3.1100000
1910;Apr;3.1120000
1910;May;3.0680000
1910;Jun;3.0460000
1910;Jul;3.0880000
1910;Aug;3.1250000
1910;Sep;3.1450000
1910;Oct;3.1920000
1910;Nov;3.2050000
1910;Dec;3.1750000
1911;Jan;3.1620000
1911;Feb;3.1450000
1911;Mar;3.0810000
1911;Apr;3.1170000
1911;May;3.1250000
1911;Jun;3.1850000
1911;Jul;3.2380000
1911;Aug;3.2310000
1911;Sep;3.2570000
1911;Oct;3.1970000
1911;Nov;3.2360000
1911;Dec;3.2680000
1912;Jan;3.2700000
1912;Feb;3.2100000
1912;Mar;3.2160000
1912;Apr;3.2280000
1912;May;3.2630000
1912;Jun;3.2950000
1912;Jul;3.4090000
1912;Aug;3.3560000
1912;Sep;3.4070000
1912;Oct;3.4570000
1912;Nov;3.3670000
1912;Dec;3.3610000
1913;Jan;3.3690000
1913;Feb;3.3900000
1913;Mar;3.3900000
1913;Apr;3.3690000
1913;May;3.3960000
1913;Jun;3.4540000
1913;Jul;3.4620000
1913;Aug;3.4190000
1913;Sep;3.4300000
1913;Oct;3.4690000
1913;Nov;3.4730000
1913;Dec;3.5090000
1914;Jan;3.3240000
1914;Feb;3.3450000
1914;Mar;3.3390000
1914;Apr;3.3800000
1914;May;3.3790000
1914;Jun;3.3610000
1914;Jul;3.6100000
1914;Aug;3.6100000
1914;Sep;3.6100000
1914;Oct;3.6100000
1914;Nov;3.6100000
1914;Dec;3.6100000
1915;Jan;3.6500000
1915;Feb;3.7040000
1915;Mar;3.7560000
1915;Apr;3.7590000
1915;May;3.7560000
1915;Jun;3.8460000
1915;Jul;3.8460000
1915;Aug;3.8460000
1915;Sep;3.8460000
1915;Oct;3.8460000
1915;Nov;4.1670000
1915;Dec;4.2740000
1916;Jan;4.2190000
1916;Feb;4.3010000
1916;Mar;4.3570000
1916;Apr;4.3760000
1916;May;4.3480000
1916;Jun;4.1150000
1916;Jul;4.2020000
1916;Aug;4.2020000
1916;Sep;4.1840000
1916;Oct;4.4440000
1916;Nov;4.5250000
1916;Dec;4.5250000
1917;Jan;4.8080000
1917;Feb;4.7960000
1917;Mar;4.7060000
1917;Apr;4.5450000
1917;May;4.5050000
1917;Jun;4.6080000
1917;Jul;4.4890000
1917;Aug;4.4540000
1917;Sep;4.5770000
1917;Oct;4.4640000
1917;Nov;4.4640000
1917;Dec;4.5710000
1918;Jan;4.5870000
1918;Feb;4.5870000
1918;Mar;4.5980000
1918;Apr;4.5250000
1918;May;4.4350000
1918;Jun;4.4640000
1918;Jul;4.4150000
1918;Aug;4.3760000
1918;Sep;4.1280000
1918;Oct;4.1320000
1918;Nov;4.2020000
1918;Dec;4.6950000
1919;Jan;4.8540000
1919;Feb;4.9020000
1919;Mar;4.9200000
1919;Apr;4.8310000
1919;May;4.9020000
1919;Jun;4.2330000
1919;Jul;4.4050000
1919;Aug;4.2280000
1919;Sep;4.4940000
1919;Oct;4.4440000
1919;Nov;4.5250000
1919;Dec;4.9080000
1920;Jan;4.9500000
1920;Feb;5.0380000
1920;Mar;5.4570000
1920;Apr;5.3050000
1920;May;5.2700000
1920;Jun;5.3330000
1920;Jul;5.3760000
1920;Aug;5.4350000
1920;Sep;5.4270000
1920;Oct;5.5560000
1920;Nov;5.6580000
1920;Dec;5.5870000
1921;Jan;5.1650000
1921;Feb;5.4420000
1921;Mar;5.1380000
1921;Apr;5.2360000
1921;May;5.3760000
1921;Jun;5.3010000
1921;Jul;5.0950000
1921;Aug;5.2420000
1921;Sep;5.1810000
1921;Oct;5.1180000
1921;Nov;5.1150000
1921;Dec;4.9880000
1922;Jan;4.8310000
1922;Feb;4.4840000
1922;Mar;4.4150000
1922;Apr;4.2370000
1922;May;4.3430000
1922;Jun;4.3670000
1922;Jul;4.2330000
1922;Aug;4.3480000
1922;Sep;4.2740000
1922;Oct;4.4250000
1922;Nov;4.2370000
1922;Dec;4.5050000
1923;Jan;4.4440000
1923;Feb;4.3380000
1923;Mar;4.2110000
1923;Apr;4.2020000
1923;May;4.1750000
1923;Jun;4.2550000
1923;Jul;4.2830000
1923;Aug;4.2190000
1923;Sep;4.2830000
1923;Oct;4.3010000
1923;Nov;4.3380000
1923;Dec;4.5050000
1924;Jan;4.3760000
1924;Feb;4.4540000
1924;Mar;4.5250000
1924;Apr;4.3670000
1924;May;4.3570000
1924;Jun;4.3760000
1924;Jul;4.3960000
1924;Aug;4.3480000
1924;Sep;4.3570000
1924;Oct;4.2740000
1924;Nov;4.2830000
1924;Dec;4.3670000
1925;Jan;4.3670000
1925;Feb;4.3480000
1925;Mar;4.3860000
1925;Apr;4.3860000
1925;May;4.4150000
1925;Jun;4.4640000
1925;Jul;4.4440000
1925;Aug;4.4590000
1925;Sep;4.5100000
1925;Oct;4.5250000
1925;Nov;4.4990000
1925;Dec;4.4690000
1926;Jan;4.4740000
1926;Feb;4.5150000
1926;Mar;4.3340000
1926;Apr;4.5450000
1926;May;4.4690000
1926;Jun;4.5050000
1926;Jul;4.4840000
1926;Aug;4.5610000
1926;Sep;4.5920000
1926;Oct;4.5870000
1926;Nov;4.6140000
1926;Dec;4.6190000
1927;Jan;4.5050000
1927;Feb;4.5450000
1927;Mar;4.5870000
1927;Apr;4.5560000
1927;May;4.5660000
1927;Jun;4.5980000
1927;Jul;4.5770000
1927;Aug;4.5660000
1927;Sep;4.5980000
1927;Oct;4.5150000
1927;Nov;4.5790000
1927;Dec;4.5050000
1928;Jan;4.5100000
1928;Feb;4.4890000
1928;Mar;4.5100000
1928;Apr;4.4220000
1928;May;4.4050000
1928;Jun;4.4640000
1928;Jul;4.4940000
1928;Aug;4.4540000
1928;Sep;4.4840000
1928;Oct;4.4840000
1928;Nov;4.4250000
1928;Dec;4.4440000
1929;Jan;4.4250000
1929;Feb;4.5250000
1929;Mar;4.5050000
1929;Apr;4.5510000
1929;May;4.5610000
1929;Jun;4.5980000
1929;Jul;4.6350000
1929;Aug;4.6300000
1929;Sep;4.7560000
1929;Oct;4.5840000
1929;Nov;4.7110000
1929;Dec;4.3290000
1930;Jan;4.3290000
1930;Feb;4.6300000
1930;Mar;4.3860000
1930;Apr;4.5670000
1930;May;4.4540000
1930;Jun;4.5250000
1930;Jul;4.5250000
1930;Aug;4.4940000
1930;Sep;4.4840000
1930;Oct;4.3480000
1930;Nov;4.2830000
1930;Dec;4.3480000
1931;Jan;4.3100000
1931;Feb;4.4250000
1931;Mar;4.3860000
1931;Apr;4.2740000
1931;May;4.1580000
1931;Jun;4.1320000
1931;Jul;4.3100000
1931;Aug;4.3480000
1931;Sep;4.7170000
1931;Oct;4.4250000
1931;Nov;4.7390000
1931;Dec;4.5450000
1932;Jan;4.4250000
1932;Feb;4.2920000
1932;Mar;4.1320000
1932;Apr;4.0900000
1932;May;3.9370000
1932;Jun;3.7880000
1932;Jul;3.4250000
1932;Aug;3.4720000
1932;Sep;3.4010000
1932;Oct;3.2410000
1932;Nov;3.4480000
1932;Dec;3.3780000
1933;Jan;3.3670000
1933;Feb;3.3780000
1933;Mar;3.2570000
1933;Apr;3.3280000
1933;May;3.4250000
1933;Jun;3.4480000
1933;Jul;3.4480000
1933;Aug;3.3900000
1933;Sep;3.3780000
1933;Oct;3.3900000
1933;Nov;3.3780000
1933;Dec;3.3730000
1934;Jan;3.3001000
1934;Feb;3.1850000
1934;Mar;3.0960000
1934;Apr;3.1600000
1934;May;3.2050000
1934;Jun;3.1350000
1934;Jul;3.1350000
1934;Aug;3.0960000
1934;Sep;3.0630000
1934;Oct;3.0210000
1934;Nov;2.8090000
1934;Dec;2.7170000
1935;Jan;2.7250000
1935;Feb;2.8250000
1935;Mar;2.9050000
1935;Apr;2.8570000
1935;May;2.8740000
1935;Jun;2.9150000
1935;Jul;2.9240000
1935;Aug;2.9850000
1935;Sep;3.0440000
1935;Oct;2.9940000
1935;Nov;2.9150000
1935;Dec;2.8900000
1936;Jan;2.9150000
1936;Feb;2.9280000
1936;Mar;2.9410000
1936;Apr;2.9460000
1936;May;2.9670000
1936;Jun;2.9240000
1936;Jul;2.9410000
1936;Aug;2.9460000
1936;Sep;2.9410000
1936;Oct;2.9280000
1936;Nov;2.9590000
1936;Dec;2.9590000
1937;Jan;3.0260000
1937;Feb;3.2680000
1937;Mar;3.2790000
1937;Apr;3.2470000
1937;May;3.2840000
1937;Jun;3.3560000
1937;Jul;3.3560000
1937;Aug;3.3560000
1937;Sep;3.3900000
1937;Oct;3.3440000
1937;Nov;3.3110000
1937;Dec;3.3730000
1938;Jan;3.2520000
1938;Feb;3.2210000
1938;Mar;3.4010000
1938;Apr;3.3500000
1938;May;3.3560000
1938;Jun;3.3670000
1938;Jul;3.3060000
1938;Aug;3.3560000
1938;Sep;3.7310000
1938;Oct;3.4780000
1938;Nov;3.4970000
1938;Dec;3.5710000
1939;Jan;3.5710000
1939;Feb;3.5710000
1939;Mar;3.7040000
1939;Apr;3.7810000
1939;May;3.5710000
1939;Jun;3.7310000
1939;Jul;3.7880000
1939;Aug;4.0000000
1939;Sep;4.0320000
1939;Oct;3.6760000
1939;Nov;3.6630000
1939;Dec;3.6630000
1940;Jan;3.3780000
1940;Feb;3.3560000
1940;Mar;3.4540000
1940;Apr;3.4250000
1940;May;3.4010000
1940;Jun;3.4720000
1940;Jul;3.4360000
1940;Aug;3.3900000
1940;Sep;3.3810000
1940;Oct;3.3330000
1940;Nov;3.3420000
1940;Dec;3.2470000
1941;Jan;3.2260000
1941;Feb;3.2360000
1941;Mar;3.2050000
1941;Apr;3.2360000
1941;May;3.1800000
1941;Jun;3.0670000
1941;Jul;3.0580000
1941;Aug;3.0670000
1941;Sep;3.0300000
1941;Oct;3.0300000
1941;Nov;3.0350000
1941;Dec;3.0210000
1942;Jan;3.0170000
1942;Feb;2.9940000
1942;Mar;3.0050000
1942;Apr;3.0210000
1942;May;3.0210000
1942;Jun;3.0300000
1942;Jul;3.0210000
1942;Aug;3.0120000
1942;Sep;3.0300000
1942;Oct;3.0300000
1942;Nov;3.0670000
1942;Dec;3.0300000
1943;Jan;3.0260000
1943;Feb;3.0350000
1943;Mar;3.0400000
1943;Apr;3.0670000
1943;May;3.0860000
1943;Jun;3.1060000
1943;Jul;3.1100000
1943;Aug;3.1550000
1943;Sep;3.1550000
1943;Oct;3.1300000
1943;Nov;3.1250000
1943;Dec;3.1450000
1944;Jan;3.1350000
1944;Feb;3.1450000
1944;Mar;3.1650000
1944;Apr;3.1650000
1944;May;3.1450000
1944;Jun;3.1650000
1944;Jul;3.1450000
1944;Aug;3.1450000
1944;Sep;3.1650000
1944;Oct;3.1250000
1944;Nov;3.0490000
1944;Dec;3.0670000
1945;Jan;3.0300000
1945;Feb;3.0120000
1945;Mar;3.0120000
1945;Apr;2.9760000
1945;May;3.0120000
1945;Jun;3.0030000
1945;Jul;2.8290000
1945;Aug;2.8200000
1945;Sep;2.8200000
1945;Oct;2.6990000
1945;Nov;2.7560000
1945;Dec;2.7320000
1946;Jan;2.7100000
1946;Feb;2.7000000
1946;Mar;2.6700000
1946;Apr;2.6000000
1946;May;2.5000000
1946;Jun;2.5700000
1946;Jul;2.5800000
1946;Aug;2.5900000
1946;Sep;2.5600000
1946;Oct;2.5400000
1946;Nov;2.5300000
1946;Dec;2.5400000
1947;Jan;2.5400000
1947;Feb;2.5800000
1947;Mar;2.6400000
1947;Apr;2.6300000
1947;May;2.6200000
1947;Jun;2.6800000
1947;Jul;2.7800000
1947;Aug;2.9900000
1947;Sep;2.9900000
1947;Oct;2.9000000
1947;Nov;2.8700000
1947;Dec;3.0100000
1948;Jan;3.0800000
1948;Feb;3.1500000
1948;Mar;3.2200000
1948;Apr;3.2800000
1948;May;3.2500000
1948;Jun;3.2700000
1948;Jul;3.2800000
1948;Aug;3.2600000
1948;Sep;3.2200000
1948;Oct;3.1800000
1948;Nov;3.1600000
1948;Dec;3.1400000
1949;Jan;3.1200000
1949;Feb;3.0000000
1949;Mar;3.1100000
1949;Apr;3.1000000
1949;May;3.0800000
1949;Jun;3.2100000
1949;Jul;3.3600000
1949;Aug;3.4800000
1949;Sep;3.4500000
1949;Oct;3.5600000
1949;Nov;3.6200000
1949;Dec;3.5100000
1950;Jan;3.5900000
1950;Feb;3.5600000
1950;Mar;3.6200000
1950;Apr;3.6200000
1950;May;3.6100000
1950;Jun;3.5500000
1950;Jul;3.6100000
1950;Aug;3.5500000
1950;Sep;3.4800000
1950;Oct;3.4000000
1950;Nov;3.4400000
1950;Dec;3.5200000
1951;Jan;3.5300000
1951;Feb;3.6400000
1951;Mar;3.6700000
1951;Apr;3.7300000
1951;May;3.8100000
1951;Jun;3.8400000
1951;Jul;3.8000000
1951;Aug;3.8100000
1951;Sep;3.3300000
1951;Oct;3.8100000
1951;Nov;3.9500000
1951;Dec;4.0500000
1952;Jan;4.0900000
1952;Feb;4.1200000
1952;Mar;4.2100000
1952;Apr;4.1500000
1952;May;4.2700000
1952;Jun;4.4200000
1952;Jul;4.4300000
1952;Aug;4.3000000
1952;Sep;4.1900000
1952;Oct;4.2700000
1952;Nov;4.1600000
1952;Dec;4.2100000
1953;Jan;4.2600000
1953;Feb;4.2500000
1953;Mar;4.1700000
1953;Apr;4.1600000
1953;May;4.1200000
1953;Jun;4.0800000
1953;Jul;4.1300000
1953;Aug;4.1200000
1953;Sep;4.0000000
1953;Oct;3.9300000
1953;Nov;3.8800000
1953;Dec;3.8900000
1954;Jan;3.9000000
1954;Feb;3.9100000
1954;Mar;3.8900000
1954;Apr;3.8000000
1954;May;3.7200000
1954;Jun;3.7800000
1954;Jul;3.6900000
1954;Aug;3.6600000
1954;Sep;3.6600000
1954;Oct;3.6600000
1954;Nov;3.6400000
1954;Dec;3.7600000
1955;Jan;3.8300000
1955;Feb;3.9800000
1955;Mar;3.9900000
1955;Apr;3.9800000
1955;May;4.1100000
1955;Jun;4.1500000
1955;Jul;4.1800000
1955;Aug;4.3400000
1955;Sep;4.4800000
1955;Oct;4.3000000
1955;Nov;4.3800000
1955;Dec;4.3900000
1956;Jan;4.5300000
1956;Feb;4.6100000
1956;Mar;4.6500000
1956;Apr;4.6100000
1956;May;4.6600000
1956;Jun;4.7400000
1956;Jul;4.7900000
1956;Aug;4.8000000
1956;Sep;4.8600000
1956;Oct;4.7900000
1956;Nov;4.9300000
1956;Dec;4.9000000
1957;Jan;4.6000000
1957;Feb;4.5800000
1957;Mar;4.6300000
1957;Apr;4.6800000
1957;May;4.8300000
1957;Jun;4.9400000
1957;Jul;5.0600000
1957;Aug;5.0900000
1957;Sep;5.3200000
1957;Oct;5.4400000
1957;Nov;5.4800000
1957;Dec;5.4100000
1958;Jan;5.2700000
1958;Feb;5.1800000
1958;Mar;5.1300000
1958;Apr;4.9600000
1958;May;5.0300000
1958;Jun;4.9700000
1958;Jul;4.9500000
1958;Aug;4.8900000
1958;Sep;4.8700000
1958;Oct;4.7700000
1958;Nov;4.8900000
1958;Dec;4.8900000
1959;Jan;4.7300000
1959;Feb;4.7200000
1959;Mar;4.8200000
1959;Apr;4.8300000
1959;May;4.8700000
1959;Jun;4.8300000
1959;Jul;4.7400000
1959;Aug;4.7600000
1959;Sep;4.8500000
1959;Oct;4.9300000
1959;Nov;4.8300000
1959;Dec;4.9900000
1960;Jan;5.1880000
1960;Feb;5.2630000
1960;Mar;5.3000000
1960;Apr;5.3710000
1960;May;5.3710000
1960;Jun;5.6750000
1960;Jul;5.6580000
1960;Aug;5.5250000
1960;Sep;5.5170000
1960;Oct;5.4580000
1960;Nov;5.4710000
1960;Dec;5.6960000
1961;Jan;5.8130000
1961;Feb;5.8210000
1961;Mar;5.9500000
1961;Apr;5.9080000
1961;May;6.0790000
1961;Jun;6.4630000
1961;Jul;6.5880000
1961;Aug;6.6210000
1961;Sep;6.5330000
1961;Oct;6.3580000
1961;Nov;6.5330000
1961;Dec;6.5670000
1962;Jan;6.5330000
1962;Feb;6.2580000
1962;Mar;6.2290000
1962;Apr;6.1040000
1962;May;6.1500000
1962;Jun;6.1710000
1962;Jul;5.9580000
1962;Aug;5.7040000
1962;Sep;5.5250000
1962;Oct;5.8420000
1962;Nov;5.6710000
1962;Dec;5.6040000
1963;Jan;5.7400000
1963;Feb;5.9200000
1963;Mar;5.8100000
1963;Apr;5.6300000
1963;May;5.4000000
1963;Jun;5.3900000
1963;Jul;5.4300000
1963;Aug;5.3700000
1963;Sep;5.4300000
1963;Oct;5.4100000
1963;Nov;5.7000000
1963;Dec;5.8300000
1964;Jan;5.8600000
1964;Feb;6.0600000
1964;Mar;5.9000000
1964;Apr;6.0400000
1964;May;6.0500000
1964;Jun;6.0700000
1964;Jul;6.0600000
1964;Aug;6.0800000
1964;Sep;6.0400000
1964;Oct;6.0500000
1964;Nov;6.1900000
1964;Dec;6.3200000
1965;Jan;6.2700000
1965;Feb;6.3000000
1965;Mar;6.4000000
1965;Apr;6.4800000
1965;May;6.6900000
1965;Jun;6.6800000
1965;Jul;6.6600000
1965;Aug;6.4500000
1965;Sep;6.2500000
1965;Oct;6.2600000
1965;Nov;6.3000000
1965;Dec;6.4600000
1966;Jan;6.4300000
1966;Feb;6.5800000
1966;Mar;6.7300000
1966;Apr;6.7400000
1966;May;6.7100000
1966;Jun;6.8900000
1966;Jul;7.1300000
1966;Aug;7.2400000
1966;Sep;7.0300000
1966;Oct;6.8500000
1966;Nov;6.8300000
1966;Dec;6.6500000
1967;Jan;6.5500000
1967;Feb;6.4100000
1967;Mar;6.4100000
1967;Apr;6.3700000
1967;May;6.6000000
1967;Jun;6.8300000
1967;Jul;6.8600000
1967;Aug;6.8000000
1967;Sep;6.8700000
1967;Oct;6.9100000
1967;Nov;7.0900000
1967;Dec;7.0600000
1968;Jan;7.1800000
1968;Feb;7.1900000
1968;Mar;7.1800000
1968;Apr;7.2400000
1968;May;7.3600000
1968;Jun;7.7500000
1968;Jul;7.4700000
1968;Aug;7.4500000
1968;Sep;7.4500000
1968;Oct;7.4300000
1968;Nov;7.7600000
1968;Dec;8.0500000
1969;Jan;8.3900000
1969;Feb;8.4500000
1969;Mar;8.6900000
1969;Apr;8.9400000
1969;May;9.4500000
1969;Jun;9.2500000
1969;Jul;8.9400000
1969;Aug;9.4000000
1969;Sep;9.1200000
1969;Oct;8.6800000
1969;Nov;9.1000000
1969;Dec;8.8800000
1970;Jan;8.8300000
1970;Feb;8.4100000
1970;Mar;8.5400000
1970;Apr;9.1500000
1970;May;9.5300000
1970;Jun;9.4200000
1970;Jul;9.0800000
1970;Aug;9.3100000
1970;Sep;9.3300000
1970;Oct;9.6400000
1970;Nov;9.9100000
1970;Dec;9.6500000
1971;Jan;9.6400000
1971;Feb;9.1800000
1971;Mar;9.0000000
1971;Apr;9.1600000
1971;May;9.4000000
1971;Jun;9.3300000
1971;Jul;9.3300000
1971;Aug;9.1400000
1971;Sep;8.6400000
1971;Oct;8.7200000
1971;Nov;8.4800000
1971;Dec;8.4700000
1972;Jan;8.2800000
1972;Feb;8.3700000
1972;Mar;8.7700000
1972;Apr;8.6800000
1972;May;9.2200000
1972;Jun;9.3900000
1972;Jul;9.5000000
1972;Aug;9.4800000
1972;Sep;9.5200000
1972;Oct;9.6600000
1972;Nov;9.6600000
1972;Dec;9.8500000
1973;Jan;9.7700000
1973;Feb;9.9000000
1973;Mar;10.2500000
1973;Apr;10.2800000
1973;May;10.3600000
1973;Jun;10.4700000
1973;Jul;11.2000000
1973;Aug;11.3800000
1973;Sep;11.4800000
1973;Oct;11.3200000
1973;Nov;12.2500000
1973;Dec;12.2600000
1974;Jan;13.1000000
1974;Feb;13.5900000
1974;Mar;14.8000000
1974;Apr;14.7500000
1974;May;13.8200000
1974;Jun;15.6000000
1974;Jul;15.1900000
1974;Aug;15.7800000
1974;Sep;15.1300000
1974;Oct;16.4400000
1974;Nov;16.8300000
1974;Dec;17.0500000
1975;Jan;15.2300000
1975;Feb;14.7300000
1975;Mar;14.0700000
1975;Apr;15.1900000
1975;May;14.8400000
1975;Jun;14.5800000
1975;Jul;13.9200000
1975;Aug;14.0000000
1975;Sep;14.2600000
1975;Oct;14.8900000
1975;Nov;14.7200000
1975;Dec;14.7800000
1976;Jan;13.1200000
1976;Feb;13.5300000
1976;Mar;13.9500000
1976;Apr;13.8500000
1976;May;14.1000000
1976;Jun;13.9500000
1976;Jul;14.1400000
1976;Aug;14.3000000
1976;Sep;14.5600000
1976;Oct;15.6900000
1976;Nov;15.0500000
1976;Dec;14.4900000
1977;Jan;13.2000000
1977;Feb;13.6100000
1977;Mar;12.6300000
1977;Apr;12.5400000
1977;May;12.5800000
1977;Jun;12.9500000
1977;Jul;13.0300000
1977;Aug;12.6700000
1977;Sep;10.4100000
1977;Oct;10.7800000
1977;Nov;11.4300000
1977;Dec;10.4700000
1978;Jan;10.8900000
1978;Feb;11.2300000
1978;Mar;11.4200000
1978;Apr;12.0100000
1978;May;12.2800000
1978;Jun;12.4200000
1978;Jul;12.1600000
1978;Aug;12.2000000
1978;Sep;12.3400000
1978;Oct;12.3800000
1978;Nov;12.6500000
1978;Dec;12.3400000
1979;Jan;12.5300000
1979;Feb;12.2600000
1979;Mar;10.7500000
1979;Apr;10.7200000
1979;May;11.3000000
1979;Jun;11.4200000
1979;Jul;10.8400000
1979;Aug;10.6000000
1979;Sep;10.7400000
1979;Oct;11.3900000
1979;Nov;11.8500000
1979;Dec;11.7500000
1980;Jan;11.2600000
1980;Feb;12.2900000
1980;Mar;12.7200000
1980;Apr;12.6000000
1980;May;12.1400000
1980;Jun;11.8900000
1980;Jul;11.2600000
1980;Aug;11.9900000
1980;Sep;11.6800000
1980;Oct;11.5400000
1980;Nov;11.6400000
1980;Dec;12.1400000
1981;Jan;12.0200000
1981;Feb;12.0600000
1981;Mar;12.0300000
1981;Apr;12.1400000
1981;May;12.5900000
1981;Jun;13.1300000
1981;Jul;13.4800000
1981;Aug;13.4400000
1981;Sep;14.0500000
1981;Oct;14.1400000
1981;Nov;13.1700000
1981;Dec;13.8900000
1982;Jan;13.0300000
1982;Feb;12.6700000
1982;Mar;12.5500000
1982;Apr;12.7900000
1982;May;12.4400000
1982;Jun;12.7100000
1982;Jul;12.1600000
1982;Aug;11.0000000
1982;Sep;10.9100000
1982;Oct;9.7300000
1982;Nov;10.7000000
1982;Dec;10.2000000
1983;Jan;10.9600000
1983;Feb;10.9300000
1983;Mar;10.2400000
1983;Apr;10.1300000
1983;May;9.9600000
1983;Jun;9.8300000
1983;Jul;10.5600000
1983;Aug;10.4200000
1983;Sep;10.0000000
1983;Oct;10.1300000
1983;Nov;9.9500000
1983;Dec;9.9000000
1984;Jan;9.8700000
1984;Feb;10.0000000
1984;Mar;9.8500000
1984;Apr;10.0200000
1984;May;10.4700000
1984;Jun;10.6300000
1984;Jul;10.8900000
1984;Aug;10.3300000
1984;Sep;10.0400000
1984;Oct;10.1700000
1984;Nov;9.8200000
1984;Dec;9.9900000
1985;Jan;10.4300000
1985;Feb;10.4600000
1985;Mar;10.1400000
1985;Apr;10.1700000
1985;May;10.3300000
1985;Jun;10.2500000
1985;Jul;9.9700000
1985;Aug;9.8600000
1985;Sep;9.8900000
1985;Oct;9.8200000
1985;Nov;9.8700000
1985;Dec;9.8900000
1986;Jan;10.1900000
1986;Feb;9.5700000
1986;Mar;8.7000000
1986;Apr;8.4800000
1986;May;8.7000000
1986;Jun;8.7700000
1986;Jul;9.1700000
1986;Aug;9.1300000
1986;Sep;10.1500000
1986;Oct;10.2300000
1986;Nov;10.3400000
1986;Dec;10.1300000
1987;Jan;9.8300000
1987;Feb;9.4100000
1987;Mar;9.0300000
1987;Apr;8.8300000
1987;May;8.7500000
1987;Jun;8.9900000
1987;Jul;9.5700000
1987;Aug;9.8300000
1987;Sep;9.9500000
1987;Oct;9.1300000
1987;Nov;9.0700000
1987;Dec;9.3900000
1988;Jan;9.0900000
1988;Feb;9.0100000
1988;Mar;8.9700000
1988;Apr;9.1100000
1988;May;9.0500000
1988;Jun;9.3000000
1988;Jul;9.2600000
1988;Aug;9.3000000
1988;Sep;9.1700000
1988;Oct;8.9900000
1988;Nov;9.1000000
1988;Dec;9.1300000
1989;Jan;8.9300000
1989;Feb;8.7500000
1989;Mar;8.7700000
1989;Apr;8.8500000
1989;May;9.1200000
1989;Jun;9.4100000
1989;Jul;9.2200000
1989;Aug;9.2200000
1989;Sep;9.5000000
1989;Oct;9.8000000
1989;Nov;9.9000000
1989;Dec;9.6600000
1990;Jan;10.2000000
1990;Feb;10.5800000
1990;Mar;11.3000000
1990;Apr;11.9100000
1990;May;10.7500000
1990;Jun;10.6500000
1990;Jul;10.7200000
1990;Aug;11.0500000
1990;Sep;11.2000000
1990;Oct;11.0500000
1990;Nov;10.7000000
1990;Dec;10.4400000
1991;Jan;10.1300000
1991;Feb;9.9500000
1991;Mar;10.0200000
1991;Apr;10.1300000
1991;May;10.2800000
1991;Jun;10.2600000
1991;Jul;10.1000000
1991;Aug;9.8000000
1991;Sep;9.6600000
1991;Oct;9.8500000
1991;Nov;9.9300000
1991;Dec;9.7600000
1992;Jan;9.5600000
1992;Feb;9.2600000
1992;Mar;9.9500000
1992;Apr;9.3900000
1992;May;9.2300000
1992;Jun;9.2600000
1992;Jul;9.1700000
1992;Aug;9.3000000
1992;Sep;9.3000000
1992;Oct;8.4400000
1992;Nov;8.5500000
1992;Dec;8.5500000
1993;Jan;8.5000000
1993;Feb;8.2000000
1993;Mar;8.1800000
1993;Apr;8.2800000
1993;May;8.4000000
1993;Jun;8.0000000
1993;Jul;7.6000000
1993;Aug;7.2600000
1993;Sep;7.2300000
1993;Oct;7.1200000
1993;Nov;6.9200000
1993;Dec;6.5600000
1994;Jan;6.6900000
1994;Feb;7.4200000
1994;Mar;8.0300000
1994;Apr;8.0000000
1994;May;8.6200000
1994;Jun;8.3700000
1994;Jul;8.4000000
1994;Aug;8.3700000
1994;Sep;8.6600000
1994;Oct;8.5100000
1994;Nov;8.5200000
1994;Dec;8.5400000
1995;Jan;8.4500000
1995;Feb;8.5200000
1995;Mar;8.4300000
1995;Apr;8.3500000
1995;May;7.9500000
1995;Jun;8.3800000
1995;Jul;8.3600000
1995;Aug;8.2300000
1995;Sep;8.2600000
1995;Oct;8.3500000
1995;Nov;7.8900000
1995;Dec;7.7500000
1996;Jan;7.8100000
1996;Feb;8.1300000
1996;Mar;8.3300000
1996;Apr;8.2300000
1996;May;8.3300000
1996;Jun;8.1800000
1996;Jul;8.1600000
1996;Aug;8.2300000
1996;Sep;7.9500000
1996;Oct;7.8400000
1996;Nov;7.5300000
1996;Dec;7.6700000
1997;Jan;7.6300000
1997;Feb;7.4700000
1997;Mar;7.8100000
1997;Apr;7.8500000
1997;May;7.3600000
1997;Jun;7.1600000
1997;Jul;6.9500000
1997;Aug;7.0900000
1997;Sep;6.6400000
1997;Oct;6.6200000
1997;Nov;6.5300000
1997;Dec;6.4000000
1998;Jan;6.2000000
1998;Feb;6.1500000
1998;Mar;6.0200000
1998;Apr;5.9700000
1998;May;5.8400000
1998;Jun;5.7700000
1998;Jul;5.7100000
1998;Aug;5.3600000
1998;Sep;4.8600000
1998;Oct;5.1400000
1998;Nov;4.7930000
1998;Dec;4.5780000
1999;Jan;4.4390000
1999;Feb;4.7600000
1999;Mar;4.7130000
1999;Apr;4.7710000
1999;May;5.0030000
1999;Jun;5.0300000
1999;Jul;5.0170000
1999;Aug;4.7840000
1999;Sep;5.1940000
1999;Oct;4.8030000
1999;Nov;4.7090000
1999;Dec;4.9300000
2000;Jan;5.2500000
2000;Feb;4.8310000
2000;Mar;4.9140000
2000;Apr;4.7830000
2000;May;4.8470000
2000;Jun;4.8790000
2000;Jul;4.9800000
2000;Aug;5.0090000
2000;Sep;4.9930000
2000;Oct;5.0350000
2000;Nov;4.7200000
2000;Dec;4.7140000
2001;Jan;4.7080000
2001;Feb;4.8770000
2001;Mar;4.9400000
2001;Apr;5.2680000
2001;May;5.3650000
2001;Jun;5.3900000
2001;Jul;5.1570000
2001;Aug;5.0220000
2001;Sep;5.1150000
2001;Oct;4.8950000
2001;Nov;4.7950000
2001;Dec;5.1200000
2002;Jan;5.1600000
2002;Feb;5.0210000
2002;Mar;5.4170000
2002;Apr;5.2620000
2002;May;5.4490000
2002;Jun;5.1740000
2002;Jul;5.0420000
2002;Aug;4.7890000
2002;Sep;4.6880000
2002;Oct;4.8650000
2002;Nov;4.9250000
2002;Dec;4.7690000
2003;Jan;4.5840000
2003;Feb;4.6020000
2003;Mar;4.8030000
2003;Apr;4.8380000
2003;May;4.6110000
2003;Jun;4.8520000
2003;Jul;4.8830000
2003;Aug;4.9870000
2003;Sep;4.9490000
2003;Oct;5.2610000
2003;Nov;5.2290000
2003;Dec;5.0190000
2004;Jan;4.9460000
2004;Feb;4.8260000
2004;Mar;4.7210000
2004;Apr;4.9130000
2004;May;4.9640000
2004;Jun;4.9010000
2004;Jul;4.8640000
2004;Aug;4.7690000
2004;Sep;4.6930000
2004;Oct;4.6770000
2004;Nov;4.4910000
2004;Dec;4.5180000
2005;Jan;4.6030000
2005;Feb;4.6420000
2005;Mar;4.8050000
2005;Apr;4.5540000
2005;May;4.4960000
2005;Jun;4.3550000
2005;Jul;4.4210000
2005;Aug;4.3470000
2005;Sep;4.3550000
2005;Oct;4.3720000
2005;Nov;4.2190000
2005;Dec;4.0960000
2006;Jan;4.0290000
2006;Feb;3.9730000
2006;Mar;4.2190000
2006;Apr;4.4010000
2006;May;4.2190000
2006;Jun;4.4630000
2006;Jul;4.3500000
2006;Aug;4.2780000
2006;Sep;4.2320000
2006;Oct;4.1850000
2006;Nov;4.2040000
2006;Dec;4.3400000
2007;Jan;4.5290000
2007;Feb;4.4860000
2007;Mar;4.5570000
2007;Apr;4.7200000
2007;May;4.7620000
2007;Jun;4.9340000
2007;Jul;4.6620000
2007;Aug;4.5770000
2007;Sep;4.6810000
2007;Oct;4.5980000
2007;Nov;4.5890000
2007;Dec;4.4900000
2008;Jan;4.5300000
2008;Feb;4.5260000
2008;Mar;4.5330000
2008;Apr;4.7130000
2008;May;4.7550000
2008;Jun;4.7800000
2008;Jul;4.7900000
2008;Aug;4.5440000
2008;Sep;4.6990000
2008;Oct;4.7540000
2008;Nov;4.4010000
2008;Dec;4.0720000
2009;Jan;4.6480000
2009;Feb;4.5630000
2009;Mar;4.3970000
2009;Apr;4.5970000
2009;May;4.7810000
2009;Jun;4.5920000
2009;Jul;4.7290000
2009;Aug;4.3470000
2009;Sep;4.3630000
2009;Oct;4.4830000
2009;Nov;4.4630000
2009;Dec;4.5770000
2010;Jan;4.7410000
2010;Feb;4.9270000
2010;Mar;4.9630000
2010;Apr;4.8270000
2010;May;4.6390000
2010;Jun;4.5770000
2010;Jul;4.6380000
2010;Aug;4.2110000
2010;Sep;4.3880000
2010;Oct;4.5000000
2010;Nov;4.6610000
2010;Dec;4.5910000
2011;Jan;4.8570000
2011;Feb;4.7840000
2011;Mar;4.7350000
2011;Apr;4.5910000
2011;May;4.5260000
2011;Jun;4.5660000
2011;Jul;4.5599794
2011;Aug;4.2628389
2011;Sep;4.0509387
2011;Oct;3.9364190
2011;Nov;3.7178239
2011;Dec;3.7522415
2012;Jan;3.7197900
2012;Feb;3.9239721
2012;Mar;3.9765169
2012;Apr;3.9384115
2012;May;3.7600924
2012;Jun;3.6508974
2012;Jul;3.5923529
2012;Aug;3.6070304
2012;Sep;3.6949999
2012;Oct;3.7481748
2012;Nov;3.7317990
2012;Dec;3.9009247
2013;Jan;4.0820871
2013;Feb;4.2119451
2013;Mar;4.0863361
2013;Apr;3.9338219
2013;May;4.0777016
2013;Jun;4.2340946
2013;Jul;4.3000942
2013;Aug;4.3444441
2013;Sep;4.3968047
2013;Oct;4.2730914
2013;Nov;4.3302183
2013;Dec;4.3906251
2014;Jan;4.3578163
2014;Feb;4.3176029
2014;Mar;4.2972555
2014;Apr;4.2630834
2014;May;4.2092148
2014;Jun;4.2431786
2014;Jul;4.1689626
2014;Aug;3.9437153
2014;Sep;3.9641925
2014;Oct;3.8286624
2014;Nov;3.7932238
2014;Dec;3.4165897
2015;Jan;3.0215306
2015;Feb;3.2070812
2015;Mar;2.9314260
2015;Apr;2.4905236
2015;May;2.4942501
2015;Jun;2.4979562
2015;Jul;2.5862819
2015;Aug;2.5997779
2015;Sep;2.5118275
2015;Oct;2.6501746
2015;Nov;2.5946228
2015;Dec;2.7092486
2016;Jan;2.3858127
2016;Feb;2.3061271
2016;Mar;2.3187719
2016;Apr;2.4476078
2016;May;2.2817616
2016;Jun;1.7905193
2016;Jul;1.5669874
2016;Aug;1.2792898
2016;Sep;1.5210804
2016;Oct;1.9204536
2016;Nov;2.1026268
2016;Dec;1.9307502
2017;Jan;2.1078401
2017;Feb;1.8546477
2017;Mar;1.8285130
2017;Apr;1.7913000
2017;May;1.8510000
2017;Jun;1.8104000
2017;Jul;1.9725000
2017;Aug;1.8412000
2017;Sep;1.9149000
2017;Oct;2.0124000
2017;Nov;1.9388000
2017;Dec;1.8665000
2018;Jan;1.9157000
2018;Feb;2.0323000
2018;Mar;1.8895000
2018;Apr;1.8863000
2018;May;1.9071000
2018;Jun;1.8438000
2018;Jul;1.7735000
2018;Aug;1.8050000
2018;Sep;1.9273000
2018;Oct;1.9948000
2018;Nov;1.9993000
2018;Dec;1.8494000
2019;Jan;1.8173000
2019;Feb;1.7459000
2019;Mar;1.6832000
2019;Apr;1.6955000
2019;May;1.6319000
2019;Jun;1.4746000
2019;Jul;1.3707000
2019;Aug;1.0839000
2019;Sep;1.0376000
2019;Oct;1.1131000
2019;Nov;1.2634000
2019;Dec;1.3002000
2020;Jan;1.1778000
2020;Feb;1.0581000
2020;Mar;0.8676000
2020;Apr;0.7304000
2020;May;0.6326000
2020;Jun;0.6859000
2020;Jul;0.6586000
2020;Aug;0.7667000
2020;Sep;0.7694000
2020;Oct;0.8009000
2020;Nov;0.8833000
2020;Dec;0.8043000
2021;Jan;0.8453000
2021;Feb;1.1389000
2021;Mar;1.3246000
2021;Apr;1.3151000
2021;May;1.3810000
2021;Jun;1.3029000
2021;Jul;1.1065000
2021;Aug;1.0051000
2021;Sep;1.1721000
2021;Oct;1.4045000
2021;Nov;1.1506000
2021;Dec;1.0506000
2022;Jan;1.3885000
2022;Feb;1.6304000
2022;Mar;1.7799000
2022;Apr;2.0356000
2022;May;2.2259000
2022;Jun;2.7115000
2022;Jul;2.6763000
2022;Aug;2.7262000
2022;Sep;3.7587000
2022;Oct;4.3262000
2022;Nov;3.6592000
2022;Dec;3.8282000
2023;Jan;3.8758000
2023;Feb;3.9709000
2023;Mar;3.9874000
2023;Apr;4.0315000
2023;May;4.3599000
2023;Jun;4.5058000
2023;Jul;4.5490000
2023;Aug;4.7286000
2023;Sep;4.7639000
2023;Oct;5.0210000
2023;Nov;4.7193000
2023;Dec;4.3449000
2024;Jan;4.5014000
2024;Feb;4.6130000
2024;Mar;4.4728000
2024;Apr;4.6798000
2024;May;4.6744000
2024;Jun;4.6147000
2024;Jul;4.6257000
2024;Aug;4.4591000
2024;Sep;4.4404000
2024;Oct;4.6898000
2024;Nov;4.8874000
