"","country","Sex","Year","ax","rhobar","phibar","H","D","Dc","mort","int","adot"
"1","England and Wales","Females",1842,9.80671373704156,0.0191419757191514,0.00519998731778557,0.523947156852795,0.250957190085691,7.73988495453682,0.0100293837545946,0.00130497420575269,0.0113343579603473
"2","England and Wales","Females",1843,9.75576117654136,-0.0143080901044813,0.00504384298514362,0.525628583385068,0.248085419613829,7.69000489725585,-0.00752074113256444,0.00125130390343563,-0.00626943722912881
"3","England and Wales","Females",1844,9.63802754185558,-0.0283542901348994,0.00269248423638229,0.52972051642649,0.244379916355353,7.59556734010211,-0.0150198492131655,0.00065798907247521,-0.0143618601406902
"4","England and Wales","Females",1845,9.53012628298019,-0.0242283371118457,-0.00139924454069927,0.533636715203277,0.242250825334694,7.51886500946878,-0.012929130231203,-0.000338968144829464,-0.0132680983760325
"5","England and Wales","Females",1846,9.46308044192685,-0.0138640892318369,-0.00351872512949925,0.536614988419588,0.241907051114477,7.48182226178988,-0.00743967808259028,-0.00085120441975957,-0.00829088250234985
"6","England and Wales","Females",1847,9.43229661477794,-0.00582060309452081,-0.0027531737840602,0.538843786697,0.242364566246096,7.47536318712703,-0.00313639581231187,-0.000667271769973874,-0.00380366758228574
"7","England and Wales","Females",1848,9.43276544308351,4.89116974263968e-05,0.0002605227078162,0.540322125019701,0.242766473287017,7.48971037863983,2.64280722917514e-05,6.32461789877228e-05,8.96742512794742e-05
"8","England and Wales","Females",1849,9.45626155112362,0.00403356597838449,0.00309040325423939,0.540683032741617,0.242777016564453,7.51321868915967,0.00218088068595634,0.000750278882045318,0.00293115956800165
"9","England and Wales","Females",1850,9.49348712151139,0.00617994211607288,0.00493020942159402,0.539475101229045,0.242245642094686,7.53382617589576,0.00333392489865805,0.00119432174699532,0.00452824664565337
"10","England and Wales","Females",1851,9.53486547666342,0.00686394659818323,0.00491726775785326,0.536740061845614,0.24142279424036,7.54524657961692,0.00368415512161386,0.00118714052212896,0.00487129564374282
"11","England and Wales","Females",1852,9.57227413645319,0.00674529203369225,0.00280329206007831,0.533113650802164,0.240853289080791,7.5485789323789,0.00359600726180843,0.000675182112923926,0.00427118937473235
"12","England and Wales","Females",1853,9.5997627718267,0.00610325314625415,-0.000739623017749973,0.529263118075757,0.240957236795411,7.54625330876273,0.00323022679059215,-0.000178217518627317,0.00305200927196483
"13","England and Wales","Females",1854,9.61837732424506,0.00526558673059746,-0.00294209452718651,0.526009233502527,0.24159170360647,7.54389588420285,0.00276974724010265,-0.00071078562899426,0.00205896161110839
"14","England and Wales","Females",1855,9.63170123100584,0.00441596397749486,-0.00311515460272493,0.524135873444022,0.242479385963257,7.54806443242324,0.00231456513644161,-0.000755360775249356,0.00155920436119225
"15","England and Wales","Females",1856,9.64231934560646,0.00339996655816228,-0.00180273635279568,0.523985612328986,0.243349942071508,7.56151997805176,0.00178153355887674,-0.00043869578702303,0.00134283777185371
"16","England and Wales","Females",1857,9.64794139211688,0.00200326280967602,-0.00110601005193776,0.525087642966739,0.244186547279547,7.57912826337418,0.00105188854697571,-0.000270072775839154,0.000781815771136553
"17","England and Wales","Females",1858,9.64542248070524,0.000292920443535892,-0.00140210592909369,0.526877131158739,0.245034378222087,7.59478730494934,0.000154333082947936,-0.000343564154536973,-0.000189231071589037
"18","England and Wales","Females",1859,9.6335044673914,-0.0015248026295053,-0.002127150509439,0.528788659010904,0.245826968739055,7.60316318985077,-0.000806298337712407,-0.000522910961787126,-0.00132920929949953
"19","England and Wales","Females",1860,9.61209967489905,-0.00327916209108601,-0.00313735343850087,0.530200808397393,0.246474558777062,7.59931328098657,-0.00173861439155989,-0.000773277804482199,-0.00251189219604209
"20","England and Wales","Females",1861,9.58262119239635,-0.00475418355997137,-0.00426580468223465,0.53068915023675,0.246937937715248,7.58119124152662,-0.00252299363351073,-0.00105338901092708,-0.00357638264443781
"21","England and Wales","Females",1862,9.54971067155015,-0.00543002382704295,-0.00486710711383678,0.530467546419592,0.247263436371678,7.55432696927929,-0.0028804514165314,-0.00120345763015632,-0.00408390904668772
"22","England and Wales","Females",1863,9.51856866125208,-0.00518386544655652,-0.00475179601747498,0.529865431905773,0.247493566386619,7.52551304145845,-0.00274675110378108,-0.00117603894310661,-0.0039227900468877
"23","England and Wales","Females",1864,9.4950071559538,-0.00389240009939639,-0.00378010864260404,0.529189543944321,0.247646464249505,7.50175109322113,-0.00205981743344841,-0.000936130539819884,-0.00299594797326829
"24","England and Wales","Females",1865,9.48536957609616,-0.00143645930754538,-0.00192495752195488,0.528709507740448,0.24774240123768,7.49022498246671,-0.000759469693381503,-0.000476893598769637,-0.00123636329215114
"25","England and Wales","Females",1866,9.49369944119873,0.00173676778270478,0.000493052935950796,0.528638264385104,0.247806032685942,7.49584374764342,0.000918121906289018,0.000122181491962123,0.00104030339825114
"26","England and Wales","Females",1867,9.51328738264528,0.00361254355173211,0.00220051317685802,0.528992548713964,0.247836177806602,7.51327047583958,0.00191100862077097,0.000545366774965556,0.00245637539573652
"27","England and Wales","Females",1868,9.53445963451056,0.00366623656048305,0.00287966181263726,0.529728184414245,0.247815271064424,7.53430171006753,0.00194210883681781,0.000713624172672573,0.00265573300949039
"28","England and Wales","Females",1869,9.54797329021025,0.00196291662122755,0.00270041114677288,0.530774522741435,0.247686336352466,7.55074432960801,0.00104186613281328,0.000668854943589535,0.00171072107640282
"29","England and Wales","Females",1870,9.54627176839258,-0.00141710453817503,0.00236738567648922,0.532089255200881,0.247242080105041,7.55506573046755,-0.000754026098259341,0.000585317359066075,-0.000168708739193266
"30","England and Wales","Females",1871,9.52401728129378,-0.00609987210527143,0.0021490145627511,0.533635818215111,0.246266999448643,7.54145914168636,-0.00325511024190405,0.000529231368140151,-0.0027258788737639
"31","England and Wales","Females",1872,9.48665192157728,-0.0097705873846454,0.00241076238252503,0.535352189281876,0.244775247573482,7.51386941047905,-0.0052307053469398,0.000590094959023401,-0.0046406103879164
"32","England and Wales","Females",1873,9.44391401651662,-0.0114562140398616,0.00324883382088036,0.537155519338195,0.242887473645622,7.48018282346507,-0.00615376860223137,0.000789101039048086,-0.00536466756318329
"33","England and Wales","Females",1874,9.40536182043213,-0.0111323703317699,0.0045973502282236,0.53891558626749,0.240732408184732,7.44797583897181,-0.00599940788389258,0.00110673119170889,-0.00489267669218368
"34","England and Wales","Females",1875,9.38003342830668,-0.00876349138429324,0.00616871274958597,0.540412563488941,0.23849005342667,7.42425717847666,-0.00473590084409916,0.00147117663322254,-0.00326472421087663
"35","England and Wales","Females",1876,9.37637116596117,-0.00446922113172294,0.00789913083329345,0.54139493125418,0.236329752056264,7.41535052368074,-0.00241961366736887,0.00186679963129223,-0.000552814036076636
"36","England and Wales","Females",1877,9.3961219923466,0.000144668597695339,0.00980355777136274,0.541811405974298,0.234243397390648,7.4222960854744,7.83830963176419e-05,0.0022964186788795,0.00237480177519714
"37","England and Wales","Females",1878,9.43665684059323,0.00403112678606249,0.0119056857554007,0.541772809124905,0.23211146788931,7.4428298098232,0.00218395488282372,0.00276344619691489,0.00494740107973862
"38","England and Wales","Females",1879,9.49507814897375,0.00718639245864289,0.0140664291705488,0.541394723464227,0.229847390327679,7.47463585877401,0.00389067495785238,0.00323313203607977,0.00712380699393215
"39","England and Wales","Females",1880,9.56737550087247,0.0096337842241835,0.0156435385131521,0.540728848148076,0.227498824649306,7.51490548047406,0.00520926504684985,0.00355888662509826,0.00876815167194812
"40","England and Wales","Females",1881,9.64903862003417,0.0113465340917384,0.0164401725319716,0.539811447601478,0.225150442064531,7.56061364126009,0.0061249889933208,0.00370151211319057,0.00982650110651137
"41","England and Wales","Females",1882,9.73162937121156,0.0114911515812347,0.0164030353399505,0.538888356757688,0.222838193401419,7.60672328897527,0.0061924477928651,0.0036552227614542,0.00984767055431931
"42","England and Wales","Females",1883,9.80267679946027,0.00926223720407001,0.0154642087627697,0.538397755936373,0.220553999202714,7.64608192186443,0.00498676772562168,0.00341069308713453,0.00839746081275621
"43","England and Wales","Females",1884,9.84974879636131,0.00465017867260125,0.0138147660973965,0.538780640345718,0.218250820733096,7.67148732850368,0.00250542624294611,0.00301508403899252,0.00552051028193863
"44","England and Wales","Females",1885,9.86215155366516,-0.00233007478968815,0.0124284588261786,0.540565668443592,0.215698141292329,7.67657858764549,-0.00125955843621134,0.00268079546793495,0.00142123703172361
"45","England and Wales","Females",1886,9.82982135762497,-0.011643802159123,0.0115813373822362,0.544326263507146,0.212626870775704,7.65542235835795,-0.00633802732229187,0.00246250352698256,-0.00387552379530931
"46","England and Wales","Females",1887,9.75594037567834,-0.0204010197035511,0.0112183333617943,0.55004803291427,0.209013460855171,7.61022198694859,-0.0112215407573836,0.00234478268097564,-0.00887675807640791
"47","England and Wales","Females",1888,9.66357689886104,-0.0241813752674604,0.0110196689732873,0.556720710528517,0.205226090262243,7.55512095628395,-0.0134622724204573,0.00226152357937189,-0.0112007488410854
"48","England and Wales","Females",1889,9.5777920475801,-0.0225513798895223,0.0109063728109584,0.563160033369668,0.20165821517209,7.50518404680434,-0.0127000358511154,0.00219935967505928,-0.0105006761760561
"49","England and Wales","Females",1890,9.52468134661397,-0.015426535439178,0.0111691566631986,0.568083106413451,0.198634030340317,7.47566420748552,-0.00876355417348545,0.00221857460351354,-0.00654497956997191
"50","England and Wales","Females",1891,9.53274793548015,-0.00277391159763204,0.0129866207884995,0.570215919298038,0.196255781365537,7.48270472314666,-0.00158172855169524,0.00254869941014489,0.000966970858449649
"51","England and Wales","Females",1892,9.61625170192929,0.0122658823853265,0.0161775200612619,0.569012109340184,0.194425045895822,7.53380138111055,0.00697943560899324,0.00314531508039142,0.0101247506893847
"52","England and Wales","Females",1893,9.75250912739162,0.0224702336804078,0.0185504840798327,0.565558084109138,0.192909624530562,7.61504063040759,0.0127082223097761,0.00357856691870068,0.0162867892284768
"53","England and Wales","Females",1894,9.91253783975437,0.0268509872381229,0.0194739290656365,0.561185396510797,0.191530552781471,7.70927985249292,0.0150683819199324,0.00372985239876852,0.0187982343187009
"54","England and Wales","Females",1895,10.0655435725745,0.0254817102809102,0.0183031616612464,0.55715186096005,0.190241714001298,7.79884809501295,0.0141971823034539,0.00348202484607837,0.0176792071495323
"55","England and Wales","Females",1896,10.1761014270826,0.0184389379875262,0.012723738086515,0.554466551714669,0.189407943978344,7.86409498243784,0.0102237743632243,0.00240997707068576,0.01263375143391
"56","England and Wales","Females",1897,10.2173654624168,0.00751325851726732,0.0030087713465022,0.553662973577462,0.189467294689579,7.89026350590347,0.00415981305192641,0.000570063767361294,0.00472987681928771
"57","England and Wales","Females",1898,10.2011429658031,-0.000863940820829988,-0.00681438031029238,0.553962982905566,0.190604939901313,7.88373390714772,-0.000478591234160863,-0.00129885454950797,-0.00177744578366884
"58","England and Wales","Females",1899,10.1489416296003,-0.00523709914344403,-0.015509305078609,0.554317335855358,0.192902832021461,7.85598785598143,-0.00290301484480427,-0.00299178887234851,-0.00589480371715278
"59","England and Wales","Females",1900,10.0832482536612,-0.00559799625295077,-0.0224768081060796,0.553733634201653,0.196360645562718,7.81906993119234,-0.00309979880939367,-0.00441356054989913,-0.0075133593592928
"60","England and Wales","Females",1901,10.0290290861715,-0.00193054794774282,-0.0260465747475254,0.551394473183817,0.200703518259332,7.78652617755839,-0.00106449346860175,-0.00522763919043301,-0.00629213265903476
"61","England and Wales","Females",1902,10.0076441307062,0.00506352730225325,-0.026074372425538,0.546765089773972,0.205577434773345,7.77034405527393,0.00276855995998946,-0.00536030259656695,-0.0025917426365775
"62","England and Wales","Females",1903,10.0190875741257,0.0112494571424015,-0.0234445946311279,0.540513180836064,0.210484116723882,7.77145394278997,0.00608047986271841,-0.00493471479288243,0.00114576506983598
"63","England and Wales","Females",1904,10.0524932242125,0.015124396586301,-0.0205285249936878,0.533529434158184,0.215225663701302,7.78505309568398,0.00806931075267315,-0.00441826541657523,0.00365104533609792
"64","England and Wales","Females",1905,10.0961282835815,0.0167161911347887,-0.0181101732190032,0.526587347262505,0.219742278359785,7.80577444809776,0.00880253474600139,-0.00397957072463412,0.00482296402136728
"65","England and Wales","Females",1906,10.1368710149445,0.0160629626630794,-0.0171318326232077,0.520320530819475,0.224161835596882,7.82751284100093,0.00835788925938686,-0.00384030304795677,0.00451758621143009
"66","England and Wales","Females",1907,10.1621765626309,0.0133335712151629,-0.017735922859503,0.515239447618287,0.228661826899642,7.84428149372672,0.00686998186767964,-0.00405552852280509,0.00281445334487455
"67","England and Wales","Females",1908,10.1662137571436,0.00993595401452458,-0.0198640232917869,0.511179532689373,0.233476565351181,7.8519217188205,0.00507905632996777,-0.00463778393222226,0.00044127239774551
"68","England and Wales","Females",1909,10.14644590205,0.00665402692453299,-0.0235917994347112,0.507600454075443,0.238902090213093,7.84705734816418,0.00337758708832317,-0.00563613019684056,-0.00225854310851739
"69","England and Wales","Females",1910,10.1003703744341,0.00349097926589946,-0.0287838241998263,0.503973966444197,0.245228017678386,7.8262967044238,0.0017593626674098,-0.00705860014972657,-0.00529923748231677
"70","England and Wales","Females",1911,10.0259772104137,0.000461212321841047,-0.0351454484214819,0.499797545996746,0.252708491347279,7.78650526781665,0.000230512786639617,-0.00888155324831628,-0.00865104046167666
"71","England and Wales","Females",1912,9.92260599768406,-0.00233535714542831,-0.0421916305533198,0.494624818903833,0.261534207792414,7.72551883246522,-0.00115512560513325,-0.0110345546722327,-0.0121896802773659
"72","England and Wales","Females",1913,9.79656625821805,-0.00366614553601366,-0.0489603587386679,0.488218478340157,0.271901098863153,7.64798281638741,-0.00178987999496615,-0.013312375341778,-0.0151022553367442
"73","England and Wales","Females",1914,9.66352924538721,-0.00250215364462952,-0.0529401465407879,0.480710215530948,0.283606968513203,7.56591094198463,-0.0012028108178014,-0.0150141944730776,-0.016217005290879
"74","England and Wales","Females",1915,9.53897086595703,0.0011548337930087,-0.0539768271792329,0.472270720912676,0.29637785671477,7.49114566680687,0.000545394187958539,-0.0159975363516446,-0.015452142163686
"75","England and Wales","Females",1916,9.43747360902259,0.00726467218372212,-0.0521898023016557,0.463074563897383,0.309910665881589,7.43486811408968,0.00336408490333457,-0.0161741763835346,-0.0128100914802
"76","England and Wales","Females",1917,9.37583435770415,0.0157223267306455,-0.046542829730696,0.453450387001456,0.323551425725411,7.40912240284078,0.00712929514057453,-0.0150589989166617,-0.00792970377608719
"77","England and Wales","Females",1918,9.35997466559207,0.0236319196865443,-0.0376416261254849,0.443996770422652,0.336307064788639,7.41672014091336,0.0104924960197131,-0.0126591447961332,-0.00216664877642005
"78","England and Wales","Females",1919,9.38034912560141,0.0272202116012597,-0.0271076899953822,0.435550995273545,0.34700254694424,7.44793441208379,0.0118557902544852,-0.00940643747017249,0.00244935278431267
"79","England and Wales","Females",1920,9.42776266354851,0.0262567444694058,-0.0151930092208841,0.428954445578389,0.354449216479724,7.49305571200582,0.0112629472665674,-0.00538515021431161,0.0058777970522558
"80","England and Wales","Females",1921,9.49105118568737,0.0207564808760945,-0.00278460599689031,0.424913251748303,0.357730438989361,7.54139167940991,0.00881970378391276,-0.000996138325679976,0.00782356545823278
"81","England and Wales","Females",1922,9.54556913422173,0.0107363633631586,0.00587748735332145,0.423529578058895,0.357232573821349,7.57528915615896,0.00454716744508556,0.00209962993482945,0.00664679737991501
"82","England and Wales","Females",1923,9.57169594366391,-0.000980999727536262,0.00983240829323796,0.424357793814858,0.354081886980555,7.58266787381214,-0.000416294880110265,0.00348147768203295,0.00306518280192269
"83","England and Wales","Females",1924,9.57098241711782,-0.00868740112155809,0.0098203413909282,0.426265528991667,0.349961755452055,7.56839568395635,-0.00370313963464376,0.00343674391230771,-0.000266395722336053
"84","England and Wales","Females",1925,9.55709508890276,-0.0116885275529248,0.00900904445711281,0.428459429507467,0.345717114720487,7.54426093707358,-0.00500805984710848,0.00311458085610164,-0.00189347899100684
"85","England and Wales","Females",1926,9.54784628843644,-0.00996950963666845,0.00870236157071955,0.430326717708293,0.341807271839719,7.52413374783307,-0.00429014635910873,0.00297453046705046,-0.00131561589205826
"86","England and Wales","Females",1927,9.56691559851221,-0.00352188707588938,0.0109234638082615,0.431520004142181,0.338122865710093,7.52477901263291,-0.00151976472557608,0.00369347288632985,0.00217370816075377
"87","England and Wales","Females",1928,9.63380019356513,0.00590115469796317,0.0163038913992178,0.432022970364821,0.334166043879124,7.55896294255004,0.00254943438119637,0.00544820688871147,0.00799764126990784
"88","England and Wales","Females",1929,9.74796569134155,0.0127605638927394,0.0245081699152007,0.432563102110056,0.328867612278366,7.62368190376463,0.00551974910211691,0.00805994332132455,0.0135796924234415
"89","England and Wales","Females",1930,9.89906057104647,0.0159711300992847,0.0334637129938904,0.433736564664164,0.321639638422465,7.70985718057107,0.00692726310306817,0.010763256547628,0.0176905196506962
"90","England and Wales","Females",1931,10.0748682655512,0.0155450856520845,0.04281872818588,0.436068218519401,0.312060929987525,7.80750199206485,0.006778717807036,0.0133620521385688,0.0201407699456048
"91","England and Wales","Females",1932,10.2581986568265,0.0114929360039005,0.0513474887209156,0.439913028123396,0.300117599817129,7.90431248029027,0.00505589227950425,0.0154102850715583,0.0204661773510625
"92","England and Wales","Females",1933,10.4167729098367,0.00472449207862182,0.052696102872683,0.444777606185109,0.287509472999477,7.98197607305663,0.00210134827716992,0.0151506287660513,0.0172519770432213
"93","England and Wales","Females",1934,10.5332931084463,-0.000149906358562349,0.0452006657779118,0.449377329533817,0.276604171054389,8.03428785086905,-6.73645190908874e-05,0.0125026926886058,0.0124353281695149
"94","England and Wales","Females",1935,10.6122759560888,-0.00167093547277607,0.0338785857829606,0.452837488212295,0.268475283025986,8.06689221995266,-0.00075666222245674,0.0090955629066005,0.00833890068414376
"95","England and Wales","Females",1936,10.6636548671157,0.000165913690484084,0.0202853906948157,0.454459956589471,0.263767153447575,8.08783888648177,7.54011285749957e-05,0.00535061976014346,0.00542602088871845
"96","England and Wales","Females",1937,10.7029508159051,0.00536076751460684,0.00672194849608568,0.453757086414122,0.262639460321349,8.10757661358113,0.00243248624837147,0.00176544892531985,0.00419793517369132
"97","England and Wales","Females",1938,10.763001169212,0.0134502780565852,0.00142020979332887,0.451109627405518,0.263439636030961,8.14383546805817,0.00606754992260674,0.000374139551042164,0.00644168947364891
"98","England and Wales","Females",1939,10.861846824377,0.0206937311890561,0.0047672395862408,0.447540771463739,0.264118042821705,8.2038239012724,0.00926128842081341,0.00125911398918007,0.0105204024099935
"99","England and Wales","Females",1940,10.9923765025888,0.0252482910154972,0.00954126499551051,0.443655312253865,0.264086653880171,8.28148904484223,0.0112015384343569,0.00251972074644838,0.0137212591808053
"100","England and Wales","Females",1941,11.1430922729841,0.0271248390950116,0.0139731600602926,0.439884389028399,0.263171485610518,8.36891729898941,0.0119317932728028,0.00367733729174075,0.0156091305645436
"101","England and Wales","Females",1942,11.3010040845728,0.0263509306495507,0.0175603794586747,0.436607940915511,0.26133501947936,8.45774194272698,0.0115050255721078,0.00458914210789771,0.0160941676800055
"102","England and Wales","Females",1943,11.4473130780962,0.0230496526590388,0.0180695228614371,0.433967047544909,0.25907138769157,8.53736335188111,0.0100027897113787,0.00468129636263705,0.0146840860740158
"103","England and Wales","Females",1944,11.5673660746329,0.0187769625989405,0.0147224952560364,0.431747254098723,0.257180856280236,8.60076042488986,0.00810690204240696,0.00378634393652915,0.0118932459789361
"104","England and Wales","Females",1945,11.6503016676631,0.01472098660007,0.00708195515740081,0.429473051888443,0.256642237344353,8.64374605597217,0.00632226704194093,0.00181752881636772,0.00813979585830865
"105","England and Wales","Females",1946,11.6828519234137,0.0109292569467569,-0.00576620996537044,0.426559747246624,0.258641851006445,8.66100786800296,0.00466198108080201,-0.00149138321873522,0.00317059786206679
"106","England and Wales","Females",1947,11.6556370879809,0.00742404753753385,-0.0221537805512412,0.422540581136543,0.264061908053909,8.64876557800727,0.00313696136089487,-0.00584996956296832,-0.00271300820207344
"107","England and Wales","Females",1948,11.5759297895223,0.00423810008984104,-0.0357211029857615,0.417514293626672,0.272448814056293,8.61033031920641,0.00176946736532912,-0.00973217214525345,-0.00796270477992433
"108","England and Wales","Females",1949,11.4582483741235,0.00201417810115057,-0.0449043080474644,0.411696542568302,0.283061268200719,8.55290495227182,0.000829230160360478,-0.012710670383591,-0.0118814402232306
"109","England and Wales","Females",1950,11.320585559812,0.00148489730934419,-0.0497386731342234,0.405292735666432,0.295174580415301,8.48615423888495,0.00060181809268783,-0.0146815919728082,-0.0140797738801204
"110","England and Wales","Females",1951,11.1831048173968,0.00268192752502687,-0.0497452569550657,0.398607514913999,0.307842389204021,8.42085708522307,0.00106903646593041,-0.0153136987526154,-0.014244662286685
"111","England and Wales","Females",1952,11.0619223077948,0.00560544891255899,-0.0464981034416729,0.391824996279069,0.320397596208686,8.36610392533709,0.00219635499930594,-0.0148978805709748,-0.0127015255716689
"112","England and Wales","Females",1953,10.95960476594,0.0102469219609474,-0.0443442217116789,0.384662742447632,0.333274681916836,8.3248780029806,0.00394160910314489,-0.0147788063858094,-0.0108371972826645
"113","England and Wales","Females",1954,10.870553270605,0.0152487593568046,-0.0440113308608502,0.376892402540892,0.347017585248651,8.29493831022529,0.00574714154975401,-0.0152727057589117,-0.00952556420915766
"114","England and Wales","Females",1955,10.7828588037613,0.0182222587929652,-0.0447335803977253,0.368637592403729,0.36174204203716,8.26862156659301,0.00671740960959636,-0.0161820167207066,-0.00946460711111026
"115","England and Wales","Females",1956,10.6911693892216,0.0189264606271114,-0.0445360181308716,0.360285549310693,0.376955014906882,8.24103784426679,0.00681893026354603,-0.0167880753784159,-0.00996914511486985
"116","England and Wales","Females",1957,10.5925240437125,0.017362972938594,-0.0431379795678957,0.352273964676395,0.392017101809674,8.20848124420868,0.00611652331564746,-0.0169108257281314,-0.0107943024124839
"117","England and Wales","Females",1958,10.4841648516272,0.0135342007914854,-0.040871633540181,0.345013848930177,0.406329563964982,8.16743889194894,0.00466948670726422,-0.0166073530349183,-0.011937866327654
"118","England and Wales","Females",1959,10.3651211911142,0.00850043844526066,-0.0383923143287484,0.338705942766025,0.419592061114972,8.11635742276705,0.00287914901752658,-0.0161091103001734,-0.0132299612826468
"119","England and Wales","Females",1960,10.2418349609917,0.00515557497592691,-0.0360342018508975,0.333141790498431,0.431969539797333,8.06004692314997,0.0017175374785292,-0.0155656775904964,-0.0138481401119672
"120","England and Wales","Females",1961,10.118711620529,0.00398666399952227,-0.0344623586457758,0.327956143630165,0.443937145362502,8.00274759003308,0.00130745095123254,-0.0152991211196645,-0.0139916701684319
"121","England and Wales","Females",1962,9.9989288562256,0.00499366946624832,-0.0337399992184145,0.322765204531819,0.456030883292442,7.94801711514918,0.00161178274663794,-0.0153864816458599,-0.0137746988992219
"122","England and Wales","Females",1963,9.88276258581172,0.00817774519921049,-0.0343638311733723,0.317104647759763,0.468994869123221,7.89784503210759,0.00259320101086474,-0.0161164605037282,-0.0135232594928635
"123","England and Wales","Females",1964,9.75893666872715,0.0128879421460494,-0.0384799452250833,0.310256409255658,0.484280574867433,7.84740266885126,0.00399856665292796,-0.0186350899944707,-0.0146365233415427
"124","England and Wales","Females",1965,9.60751087825591,0.0162888775838725,-0.0460809599572246,0.301777386550935,0.503021814323489,7.78400311900824,0.00491561490710914,-0.0231797280834512,-0.018264113176342
"125","England and Wales","Females",1966,9.41105424744112,0.0176143055429637,-0.0559554794590634,0.291462985545067,0.525877678802682,7.694843001454,0.00513391808185523,-0.0294257376542234,-0.0242918195723682
"126","England and Wales","Females",1967,9.16302042986097,0.0168870397164201,-0.0656838249584181,0.27947055663168,0.552641590704349,7.57238121092481,0.00471943038940921,-0.0362996135085662,-0.031580183119157
"127","England and Wales","Females",1968,8.86424053644904,0.0141527432144945,-0.0740410578066557,0.26617745357817,0.582586462798711,7.41299435498636,0.00376714114997988,-0.0431353179694544,-0.0393681768194745
"128","England and Wales","Females",1969,8.52666396953221,0.00981710207387099,-0.0793358633696375,0.252244441976821,0.614288868951818,7.22022611661488,0.00247630943445308,-0.0487351377766506,-0.0462588283421975
"129","England and Wales","Females",1970,8.16805355342975,0.00630769098892951,-0.0817381083912897,0.238137731340964,0.646690426316229,7.00448444151004,0.00150209922210351,-0.0528592521618453,-0.0513571529397418
"130","England and Wales","Females",1971,7.80634590601991,0.00459923351089559,-0.0815427269644433,0.22420615568632,0.67895799292611,6.77811748683757,0.0010311764645816,-0.0553640862375002,-0.0543329097729186
"131","England and Wales","Females",1972,7.4610567396944,0.0046009466455491,-0.0780839924640593,0.210908026848292,0.709963887664701,6.55527625745487,0.000970376578647027,-0.0554368148541647,-0.0544664382755177
"132","England and Wales","Females",1973,7.1515911787432,0.00620781161989343,-0.0709665285339449,0.198745798571011,0.73842976988768,6.35102123993624,0.00123377647777412,-0.0524037973350484,-0.0511700208572743
"133","England and Wales","Females",1974,6.90779454668355,0.00920524982213579,-0.057350080290266,0.188628498744587,0.762003054401014,6.18848377888518,0.00173637245451835,-0.0437009363513261,-0.0419645638968077
"134","England and Wales","Females",1975,6.7550542226753,0.0121073984808739,-0.037540817364953,0.18146411106091,0.778301498525747,6.08795791481983,0.002197058302592,-0.0292180744110243,-0.0270210161084323
"135","England and Wales","Females",1976,6.70649537624423,0.0140205672440176,-0.0141962462833138,0.177777079985201,0.785895627510446,6.0607070990246,0.0024925355043776,-0.0111567678811177,-0.00866423237674011
"136","England and Wales","Females",1977,6.73823077777267,0.0149897489281032,0.00388534814250669,0.176774644975493,0.786720402208638,6.09068615893049,0.00264980754503722,0.00305668265339345,0.00570649019843066
"137","England and Wales","Females",1978,6.82107670471008,0.0150247784585991,0.0152999174072327,0.177506180179711,0.783180220888355,6.15675950234205,0.00266699103223233,0.0119825926945701,0.0146495837268024
"138","England and Wales","Females",1979,6.93136806433761,0.0141296199533867,0.021366501734284,0.179246223038211,0.77714891146418,6.24128587355561,0.0025326810096099,0.0166049535645963,0.0191376345742062
"139","England and Wales","Females",1980,7.06520572367031,0.0129080124969164,0.0264795429045634,0.18188664629086,0.768925067124624,6.34094185554531,0.00234779510334464,0.0203607843053207,0.0227085794086654
"140","England and Wales","Females",1981,7.22310387580205,0.0119970018986314,0.0314937767353611,0.185396462415563,0.758594254777975,6.45590118409245,0.00222420171159906,0.0238909980927051,0.0261151998043042
"141","England and Wales","Females",1982,7.39959501541133,0.0114406623220951,0.0351174962308199,0.189544237861953,0.746750679877702,6.58224868763175,0.00216851162047749,0.0262240141859674,0.0283925258064449
"142","England and Wales","Females",1983,7.58649343454901,0.0112577650584631,0.036826837502263,0.194011475449483,0.734205721468112,6.71444493823219,0.00218413560925607,0.027038474797738,0.029222610406994
"143","England and Wales","Females",1984,7.77309478575844,0.0114587889009547,0.0361655367162884,0.198402203348814,0.721963348453361,6.84563904082516,0.00227344896565835,0.0261101919863046,0.0283836409519629
"144","England and Wales","Females",1985,7.94310142267442,0.0118431212443287,0.0321096367327155,0.202166579197771,0.711387225423086,6.96546229193525,0.00239428330899038,0.0228423853846297,0.02523666869362
"145","England and Wales","Females",1986,8.0808985597675,0.0120794531629564,0.0250006341836036,0.204820458544509,0.70362889997471,7.06391052471225,0.00247411913580364,0.0175911687292791,0.0200652878650828
"146","England and Wales","Females",1987,8.18779638022336,0.0121248672583001,0.0183820695056169,0.206428054803801,0.69843649086139,7.14186561102813,0.0025029127628852,0.0128387081202733,0.0153416208831585
"147","England and Wales","Females",1988,8.27088765245571,0.0119744513164088,0.0133949052775451,0.20723100203217,0.695104000192521,7.20363788412255,0.00248147754508484,0.00931085224062152,0.0117923297857064
"148","England and Wales","Females",1989,8.34097820022363,0.0116245453581897,0.0107330365679486,0.207577294495852,0.692651084573147,7.25567635956841,0.00241299167519733,0.00743424941955283,0.00984724109475017
"149","England and Wales","Females",1990,8.42026688638466,0.011240750636799,0.0125625309760558,0.208129988019768,0.689283284715905,7.31167651337129,0.00233953729537018,0.00865914261552102,0.0109986799108912
"150","England and Wales","Females",1991,8.53590528307843,0.011225473482948,0.0196438606320762,0.20963263565599,0.682990807339642,7.38865350673319,0.00235322559271682,0.0134165762323691,0.015769801825086
"151","England and Wales","Females",1992,8.71060038650026,0.0116136638303149,0.0309506591727127,0.212660730287793,0.672174504347715,7.50022303739542,0.00246977023147168,0.0208042439886532,0.0232740142201249
"152","England and Wales","Females",1993,8.9388317588976,0.012384970528551,0.0408341104756367,0.216928087671208,0.657456183656988,7.64175282331356,0.00268664797262285,0.02684663843634,0.0295332864089628
"153","England and Wales","Females",1994,9.21014339193096,0.0135293557704615,0.0483669148347055,0.222001253279645,0.639837908949547,7.80551609046021,0.00300353393710865,0.0309469856501788,0.0339505195872874
"154","England and Wales","Females",1995,9.52806678845764,0.0149432464757407,0.056355403358307,0.227869483367073,0.619238793424704,7.99216888100298,0.00340510985425387,0.0348974519785606,0.0383025618328144
"155","England and Wales","Females",1996,9.90067235197679,0.016291147045818,0.0658283075835612,0.234703545904676,0.595196211161279,8.20456434305539,0.00382358997850798,0.0391807592608949,0.0430043492394029
"156","England and Wales","Females",1997,10.3311879148663,0.0175292618651124,0.0759598073071864,0.242522876127806,0.567638985373615,8.44221693040409,0.00425124700392452,0.0431177479490265,0.0473689949529511
"157","England and Wales","Females",1998,10.7937276752689,0.0187175448147223,0.0812518213619466,0.250542759235813,0.538650997932564,8.68918370109494,0.00468954532400051,0.0437663746604509,0.0484559199844514
"158","England and Wales","Females",1999,11.2449772257266,0.0199197813637648,0.0783168675952513,0.257581402396516,0.511469490539852,8.92285481229226,0.00513096521911052,0.0400566883696203,0.0451876535887308
"159","England and Wales","Females",2000,11.639632511533,0.0211790335666019,0.0665054071408501,0.262527390658253,0.48928280549057,9.1227753165318,0.00556007641890355,0.0325399521861677,0.0381000286050713
"160","England and Wales","Females",2001,11.9692152537387,0.0224883000185056,0.0528205178345217,0.265331377799254,0.472531849219851,9.28833285103899,0.00596685162827308,0.0249593769690966,0.0309262285973697
"161","England and Wales","Females",2002,12.2391198459352,0.0238718378612704,0.0399999779177869,0.266305553782049,0.460693028015541,9.42518956657801,0.00635720300144088,0.0184277109475,0.0247849139489409
"162","England and Wales","Females",2003,12.457617705327,0.0253644800608344,0.0287028333882865,0.265803679744859,0.453090657611735,9.53957536968879,0.00674197213498489,0.0130049856552188,0.0197469577902037
"163","England and Wales","Females",2004,12.6358405487725,0.0269928391295844,0.0195879648559352,0.264211814074521,0.448902838124146,9.63836197267469,0.00713182699344921,0.00879309301690532,0.0159249200103545
"164","England and Wales","Females",2005,12.7855499309401,0.0287022440150273,0.0128655051441539,0.261896264123878,0.447287142245803,9.72802578759595,0.00751701047950759,0.00575457502947727,0.0132715855089849
"165","England and Wales","Females",2006,12.9117189239847,0.0297704142541791,0.00760321922186089,0.259072601158669,0.447640383601616,9.81001326168341,0.00771269865840129,0.00340350796908099,0.0111162066274823
"166","England and Wales","Females",2007,13.0202965227211,0.0297437732346122,0.00421624797076736,0.255988423395631,0.449167195544637,9.88506339731117,0.00761406161616554,0.00189380027675034,0.00950786189291588
"167","England and Wales","Females",2008,13.130285947966,0.0285880735860598,0.00510795524449622,0.253163218439289,0.450248597822729,9.95960591040557,0.00723744871802612,0.00229984968657567,0.00953729840460179
"168","England and Wales","Females",2009,13.2653320183455,0.02628144173622,0.0109668403752585,0.251186282302719,0.449021910096558,10.0419986002496,0.0066015376432766,0.00492435161302264,0.0115258892562992
"169","England and Wales","Females",2010,13.4481053112213,0.0228266154219049,0.0215074527720703,0.25059558794036,0.443753520475164,10.1399310782599,0.00572024911234074,0.00954400788405955,0.0152642569964003
"170","England and Wales","Females",2011,13.6927425368504,0.0187742174176561,0.0350073845146346,0.251727143858447,0.433489267253017,10.2582919469091,0.00472598012872408,0.0151753254616936,0.0199013055904176
"171","England and Wales","Females",2012,14.0140505588825,0.0146569153906424,0.0517226331686238,0.25490975923181,0.417438415378265,10.4028412912725,0.00373619077330966,0.0215910140291016,0.0253272048024113
"172","England and Wales","Females",2013,14.4266060280614,0.0105388914200016,0.0722943804563416,0.26044936548144,0.39487343981311,10.5782672081031,0.00274484758321721,0.0285471306899533,0.0312919782731705
"173","England and Wales","Females",2014,14.9334603277194,0.00648060529175063,0.0956401885170426,0.26841944226433,0.365820648269374,10.783527030959,0.00173952045794697,0.0349871557639096,0.0367266762218566
"174","England and Wales","Females",2015,15.5315766092953,0.00259144060533171,0.12211468123005,0.278780733334607,0.330711699404988,11.0147820328642,0.000722443712347452,0.0403847537518883,0.0411071974642358
"175","England and Wales","Females",2016,16.210096575919,0.000819735697952998,0.150482267696387,0.290917149418582,0.291009790018853,11.2664622680356,0.000238475172525138,0.0437918131238864,0.0440302882964115
"176","England and Wales","Females",2017,16.9620482483179,0.00365704347675423,0.180574813896837,0.303638437408001,0.248760872954447,11.5367819514761,0.00111041896681478,0.0449199483385639,0.0460303673053787
"177","England and Wales","Females",2018,17.7883513390528,0.011153131398753,0.214807930646588,0.315764422737168,0.205737731249323,11.8278676857354,0.00352176209783902,0.0441940963055908,0.0477158584034298
"178","England and Wales","Females",2019,18.6031558470528,0.00217830379925805,0.268659442213123,0.337516485241596,0.161666504316895,12.1587764098359,0.000735213442113993,0.0434332328743225,0.0441684463164365
"179","England and Wales","Females",2020,19.9184977549884,0.0197968700787042,0.531554711315208,0.356285752129206,0.0984595301581207,12.6002412798456,0.0070533427457953,0.0523366271294308,0.0593899698752261
"180","England and Wales","Females",2021,20.1135236546594,0.0198062463640964,0.0404981382117674,0.356353712481458,0.0952733541002376,12.6964023032649,0.00705802942216813,0.00385839346225008,0.0109164228844182
"181","England and Wales","Females",2022,20.0901753113895,0.0193722730472709,-0.077908722304682,0.353133378722999,0.103248611954299,12.727939842983,0.00684099623472727,-0.00804396743709138,-0.00120297120236411
"182","England and Wales","Females",2023,20.0651321963544,0.0189317586585801,-0.0709926696150671,0.350083180597365,0.111111163217196,12.7585071613565,0.0066276902854974,-0.00788807810082422,-0.00126038781532681
"183","England and Wales","Females",2024,20.0382866852568,0.0184523090509986,-0.0651053989345291,0.347191893958532,0.118859150460001,12.7879189144678,0.00640649212732437,-0.0077383724077176,-0.00133188028039323
"184","England and Wales","Females",2025,20.0098583833023,0.0179837645896826,-0.0600339799317911,0.344427259076545,0.12649130112954,12.8160881447022,0.00619409874550221,-0.00759377623355696,-0.00139967748805475
"185","England and Wales","Females",2026,19.9796119611619,0.0174616351497818,-0.0556204689653206,0.341790714748313,0.134004941857733,12.8428076388752,0.00596822475851816,-0.00745341770979764,-0.00148519295127948
"186","England and Wales","Females",2027,19.9478655160898,0.0169677925435673,-0.0517452307909571,0.339247713827597,0.141398974860637,12.8680504730239,0.00575628482910616,-0.00731672258776839,-0.00156043775866223
"187","England and Wales","Females",2028,19.9146430131703,0.0164632086378213,-0.0483159851521185,0.336785079898502,0.148671584628223,12.8917269810588,0.00554456303647436,-0.00718321407543916,-0.0016386510389648
"188","England and Wales","Females",2029,19.8801658961941,0.0159813161257077,-0.045260409189745,0.334387748795724,0.155822336221218,12.9138725077585,0.00534395632206819,-0.00705258269827435,-0.00170862637620616
"189","England and Wales","Females",2030,19.8443844069628,0.0154795793721555,-0.0425210178003966,0.33204782576672,0.162849193685764,12.9343840614171,0.00513996067430759,-0.00692451346349261,-0.00178455278918502
"190","England and Wales","Females",2031,19.8076651769551,0.0150339935269217,-0.0400515433793112,0.329738629649923,0.169753054107792,12.9533938967559,0.00495728842373298,-0.00679887181036877,-0.00184158338663579
"191","England and Wales","Females",2032,19.7699532069448,0.0145680514335433,-0.0378143263931196,0.327467366377707,0.176532808565335,12.9708624208833,0.0047705614361974,-0.00667546924218366,-0.00190490780598626
"192","England and Wales","Females",2033,19.7314965475611,0.0141416892748497,-0.0357784020941956,0.325219834695339,0.183189247926965,12.9868863285454,0.00459915784827949,-0.00655421857166426,-0.00195506072338477
"193","England and Wales","Females",2034,19.6924792393113,0.013742563616766,-0.0339180759002236,0.322988651292224,0.189723305093993,13.0015553170464,0.00443869208787684,-0.00643504946221932,-0.00199635737434248
"194","England and Wales","Females",2035,19.6531673378345,0.0133901997863758,-0.032211847755372,0.320767310406201,0.196137394242656,13.0150427777605,0.00429513837127744,-0.00631794788247981,-0.00202280951120237
"195","England and Wales","Females",2036,19.6134926766527,0.0130244734450422,-0.030641589636937,0.318554831658001,0.202430393065396,13.0272708825383,0.00414900894571952,-0.00620278903435372,-0.00205378008863421
"196","England and Wales","Females",2037,19.5737792565521,0.0127198718234805,-0.0291919093172323,0.316348988911844,0.208606423409608,13.0384965766514,0.0040239185904463,-0.00608961979516546,-0.00206570120471915
"197","England and Wales","Females",2038,19.5341261145251,0.0124329816702553,-0.0278496529576614,0.314145770233199,0.214666823061999,13.0487772835824,0.00390576860309759,-0.00597839652380037,-0.00207262792070278
"198","England and Wales","Females",2039,19.4945445699006,0.0121488227161942,-0.0266035124284285,0.311942599273756,0.220611874284521,13.0581007565137,0.00378973533620568,-0.00586905073938717,-0.00207931540318148
"199","England and Wales","Females",2040,19.4551641955492,0.0118926793294909,-0.0254437124994042,0.309739525620269,0.226443980549859,13.0665774665191,0.00368363285387049,-0.00576157553833129,-0.00207794268446081
"200","England and Wales","Females",2041,19.4162379993446,0.011692172742858,-0.0243617595685428,0.307544309365409,0.232168646734856,13.0744810291176,0.00359586119118333,-0.0056560367511085,-0.00206017555992517
"201","England and Wales","Females",2042,19.377658980276,0.0114715677130185,-0.0233502382514221,0.305352161283021,0.237784660293106,13.0816897219341,0.00350286799447473,-0.0055523284703775,-0.00204946047590278
"202","England and Wales","Females",2043,19.3395696132815,0.011280173600477,-0.0224026455225685,0.303165797213219,0.243295546845523,13.0883477134869,0.00341976282229211,-0.0054504638931997,-0.0020307010709076
"203","England and Wales","Females",2044,19.3020325663086,0.0111061865851985,-0.0215132545615438,0.300985518437749,0.248703559392499,13.0945198224411,0.00334280132721233,-0.00535042298357286,-0.00200762165636053
"204","England and Wales","Females",2045,19.2651615457727,0.0109617461545155,-0.0206770022765689,0.298817831746456,0.254012620485826,13.1003519502374,0.00327556521804738,-0.00525221953206266,-0.00197665431401528
"205","England and Wales","Females",2046,19.2290185035955,0.0108371109319622,-0.0198893958368418,0.296664640796494,0.259225674764104,13.10592949689,0.00321498762190232,-0.00515584205645567,-0.00194085443455335
"206","England and Wales","Females",2047,19.1936542356425,0.0107239046939797,-0.0191464345680818,0.294526244411286,0.264345295453666,13.1113137038845,0.00315847137494239,-0.00506126990278386,-0.00190279852784146
"207","England and Wales","Females",2048,19.1590347411816,0.0106079399946175,-0.0184445443435731,0.292401132381494,0.26937221145525,13.1164724298765,0.0031017736666611,-0.00496844769911272,-0.00186667403245161
"208","England and Wales","Females",2049,19.1252380564906,0.01051726689758,-0.0177805221988904,0.290292890065625,0.274310130203971,13.1215192717869,0.00305308780329003,-0.00487737735947222,-0.00182428955618219
"209","England and Wales","Females",2050,19.092271199086,0.0104365197148053,-0.0171514893586069,0.288202046097087,0.279161095769144,13.1264827905217,0.00300782633593949,-0.00478802856342149,-0.001780202227482
"210","England and Wales","Females",2051,19.0601434936993,0.0103578244681593,-0.0165548512211566,0.286126579813754,0.283926850913651,13.1313768246095,0.00296364888938564,-0.00470036677456701,-0.00173671788518137
"211","England and Wales","Females",2052,19.028864172193,0.0102819952546476,-0.01598826312827,0.284069522628426,0.288609504896834,13.1362321213803,0.00292080148365548,-0.00461436470561032,-0.00169356322195484
"212","England and Wales","Females",2053,18.9984141769544,0.0102083649754026,-0.015449600966311,0.282033005735843,0.293210502897707,13.1410488746713,0.00287909585766129,-0.00452998526890095,-0.00165088941123966
"213","England and Wales","Females",2054,18.9688570863394,0.0101582000324892,-0.0149369358220354,0.280021032189665,0.297733631842216,13.1459317745059,0.00284450965828671,-0.00444722815088871,-0.00160271849260201
"214","England and Wales","Females",2055,18.9401306361805,0.0101044705927617,-0.0144485120550612,0.278018634318905,0.302178194357262,13.1507854246098,0.00280923111471514,-0.00436602528394753,-0.00155679416923238
"215","England and Wales","Females",2056,18.912325667595,0.0100622775962749,-0.0139827282614524,0.276042578690275,0.306549376342968,13.1557734190789,0.00277761705517311,-0.00428639662812144,-0.00150877957294833
"216","England and Wales","Females",2057,18.885413772967,0.0100202655466761,-0.0135381206932514,0.274090547367701,0.310848208647715,13.1608756578107,0.00274646006845817,-0.00420830056595378,-0.00146184049749561
"217","England and Wales","Females",2058,18.8593731199793,0.00998454608446815,-0.0131133487720603,0.272157014850303,0.315075738994946,13.166075025968,0.00271736425698413,-0.00413169805505537,-0.00141433379807123
"218","England and Wales","Females",2059,18.8342173994944,0.00995933656729603,-0.0127071823944837,0.270242079777838,0.31923434889368,13.17141146854,0.00269143182715355,-0.00405656909797624,-0.00136513727082268
"219","England and Wales","Females",2060,18.8099492064178,0.00993317130755769,-0.0123184907760637,0.268348561743348,0.323326147838921,13.1769129923563,0.0026655522339334,-0.00398289016981396,-0.00131733793588056
"220","England and Wales","Females",2061,18.7865185571921,0.00991161327233269,-0.0119462326204777,0.266464530774646,0.327350942819797,13.1825146740075,0.00264109337983189,-0.00391061051145798,-0.0012695171316261
"221","England and Wales","Females",2062,18.7639505320136,0.00988376621249142,-0.0115894474338914,0.264600987517856,0.331311860034704,13.1882878315075,0.00261525430022085,-0.00383972138609699,-0.00122446708587614
"222","England and Wales","Females",2063,18.7422306621412,0.00987145221601736,-0.0112472478318023,0.262752748570499,0.335210272211225,13.1942325808317,0.0025937512021409,-0.00377019300732554,-0.00117644180518464
"223","England and Wales","Females",2064,18.7213435049127,0.00986006821237205,-0.0109188127085215,0.260918697695554,0.339047517579522,13.2003487534357,0.00257267615716145,-0.00370199634373993,-0.00112932018657848
"224","England and Wales","Females",2065,18.7012726887225,0.00984662179899363,-0.0106033811585281,0.259098946032529,0.342824904214777,13.2066360572774,0.00255124933010018,-0.00363510313002518,-0.001083853799925
"225","England and Wales","Females",2066,18.6820166469352,0.00983469192899663,-0.0103002470548627,0.257296491967482,0.346544414367949,13.2131209168609,0.00253043173291174,-0.0035694930834726,-0.00103906135056086
"226","England and Wales","Females",2067,18.663584148474,0.00982793626412604,-0.0100087542031782,0.255516188996609,0.350208544972495,13.2198491015353,0.00251119681991106,-0.00350515124648238,-0.000993954426571319
"227","England and Wales","Females",2068,18.6459570883318,0.00982766632365877,-0.00972829200137205,0.253756296361587,0.353818534527746,13.226818532907,0.00249383220816915,-0.00344205001938346,-0.000948217811214311
"228","England and Wales","Males",1842,9.38182093239074,0.0232430825316284,0.00519998731778557,0.541566702838226,0.241200173407453,7.43896436101538,0.0125876795704508,0.00125423784276643,0.0138419174132172
"229","England and Wales","Males",1843,9.32098872825304,-0.016801392570917,0.00504384298514362,0.542904002956284,0.237937636788514,7.37544993572511,-0.00912154328199082,0.0012001200802174,-0.00792142320177342
"230","England and Wales","Males",1844,9.18532910673203,-0.0331329553721623,0.00269248423638229,0.547031113989207,0.23369459263054,7.26345700504254,-0.0181247574869886,0.00062921900678551,-0.0174955384802031
"231","England and Wales","Males",1845,9.06625291956036,-0.0276101573346195,-0.00139924454069927,0.551180636373921,0.231240569451638,7.1771339644247,-0.0152181840900797,-0.000323562104393394,-0.015541746194473
"232","England and Wales","Males",1846,8.99746448386267,-0.0148442750059265,-0.00351872512949925,0.554501745062811,0.230859734731909,7.14014533561785,-0.00823117639497852,-0.000812331949990699,-0.00904350834496922
"233","England and Wales","Males",1847,8.9699138033691,-0.0053262728264704,-0.0027531737840602,0.557167478444745,0.23147226521203,7.13940687373389,-0.00296762600023328,-0.000637283372318791,-0.00360490937255207
"234","England and Wales","Males",1848,8.97468454655228,0.00112693066870695,0.0002605227078162,0.559148758544697,0.232129683225013,7.16154942690652,0.000630121884373435,6.0475053638297e-05,0.000690596938011732
"235","England and Wales","Males",1849,9.00035224963709,0.00485149717827151,0.00309040325423939,0.560051658845628,0.232388322278245,7.19171983736705,0.00271708904257584,0.00071817362741592,0.00343526266999176
"236","England and Wales","Males",1850,9.03460348840956,0.00591327540707871,0.00493020942159402,0.559403779026343,0.231985208950837,7.21472726816414,0.00330790860914337,0.00114373566283988,0.00445164427198324
"237","England and Wales","Males",1851,9.06766081272524,0.00533180648478427,0.00491726775785326,0.557217441945382,0.231131423079465,7.22360779941955,0.00297097557039929,0.0011365350945354,0.00410751066493469
"238","England and Wales","Males",1852,9.09435606704806,0.00452239377599674,0.00280329206007831,0.554086752251299,0.23042060977834,7.22160850365316,0.00250579847974352,0.000645936265870021,0.00315173474561354
"239","England and Wales","Males",1853,9.11179313445179,0.00383105175421609,-0.000739623017749973,0.550636304211479,0.230330685106655,7.21345296664186,0.00210951617918445,-0.000170357876399003,0.00193915830278545
"240","England and Wales","Males",1854,9.12367303134845,0.00363788990907959,-0.00294209452718651,0.547626925583537,0.2307995482788,7.20690212596228,0.00199220646652063,-0.000679034087868176,0.00131317237865245
"241","England and Wales","Males",1855,9.13617658028642,0.00415935867049585,-0.00311515460272493,0.545769082060476,0.231639412352343,7.21063030813301,0.0022700493635568,-0.000721592581561901,0.0015484567819949
"242","England and Wales","Males",1856,9.15262561564803,0.00475749689703263,-0.00180273635279568,0.545387696472469,0.232620374590362,7.22812421812717,0.00259468027364754,-0.000419353205674995,0.00217532706797255
"243","England and Wales","Males",1857,9.16842020883584,0.00437929982826219,-0.00110601005193776,0.546104932276949,0.233667716217278,7.25264193278025,0.00239155723613358,-0.000258438842949649,0.00213311839318393
"244","England and Wales","Males",1858,9.17781181835947,0.00301760502854737,-0.00140210592909369,0.547461057617554,0.234757100468056,7.27624531430258,0.00165202124040059,-0.000329154322463103,0.00132286691793749
"245","England and Wales","Males",1859,9.17685167522892,0.000904492518099409,-0.002127150509439,0.548988716287746,0.235757456120264,7.29172401751083,0.000496556186403266,-0.000501491592890262,-4.93540648699648e-06
"246","England and Wales","Males",1860,9.16278976704742,-0.00176599601836568,-0.00313735343850087,0.550157205909743,0.236515740051211,7.29226259071738,-0.000971575435111794,-0.000742033470309246,-0.00171360890542104
"247","England and Wales","Males",1861,9.13526004022316,-0.004569897751715,-0.00426580468223465,0.550605676569517,0.236951889660592,7.27461161771553,-0.00251621164343655,-0.0010107904803785,-0.00352700212381505
"248","England and Wales","Males",1862,9.0993298621601,-0.00644779707673539,-0.00486710711383678,0.550550669962485,0.237134022990072,7.24485581650997,-0.00354983900037882,-0.00115415669022771,-0.00470399569060653
"249","England and Wales","Males",1863,9.06096883706616,-0.00718606686042383,-0.00475179601747498,0.550317756287287,0.237138295669069,7.21064132188003,-0.00395462019115887,-0.00112683280895109,-0.00508145300010996
"250","England and Wales","Males",1864,9.02671961771863,-0.006654267899474,-0.00378010864260404,0.550209802457094,0.237018892339628,7.17981877961104,-0.00366124342646617,-0.000895957163393464,-0.00455720058985964
"251","England and Wales","Males",1865,9.00359337959754,-0.00473384866584822,-0.00192495752195488,0.550491068586535,0.236833024647317,7.1603917174622,-0.00260594141058973,-0.000455893512242178,-0.00306183492283191
"252","England and Wales","Males",1866,8.99631340170417,-0.00188493222582599,0.000493052935950796,0.551357558529528,0.236636258883533,7.15797110502907,-0.00103927163002505,0.000116674202194939,-0.000922597427830109
"253","England and Wales","Males",1867,8.99935300593179,-9.82203578397705e-05,0.00220051317685802,0.552767460913095,0.236437714141076,7.16772068046242,-5.42930178130656e-05,0.000520284305473628,0.000465991287660562
"254","England and Wales","Males",1868,9.00446757574598,0.000132318168843442,0.00287966181263726,0.554615176438341,0.236227537774467,7.1820010694842,7.33856645591036e-05,0.000680255419622459,0.000753641084181563
"255","England and Wales","Males",1869,9.00399117722053,-0.00109336586524526,0.00270041114677288,0.556777665293398,0.235962946509157,7.19335554229443,-0.000608761693762752,0.0006371969709787,2.84352772159479e-05
"256","England and Wales","Males",1870,8.99195428421655,-0.00366623175698242,0.00236738567648922,0.559159973994703,0.235460600583183,7.19505479643891,-0.00205001005389285,0.000557426053198176,-0.00149258400069467
"257","England and Wales","Males",1871,8.96428863480408,-0.00727548496759345,0.0021490145627511,0.56166125371237,0.234522199926364,7.18179696233279,-0.00408635800826404,0.000503991622930181,-0.00358236638533386
"258","England and Wales","Males",1872,8.92550267992975,-0.0100638528813822,0.00241076238252503,0.564155092559338,0.233131048526994,7.15642725939445,-0.00567757385379971,0.000562023561987495,-0.00511555029181221
"259","England and Wales","Males",1873,8.88350624352952,-0.0112389552296272,0.00324883382088036,0.566503539388772,0.23136041579175,7.12518510015956,-0.00636690791661578,0.000751651543637182,-0.00561525637297859
"260","England and Wales","Males",1874,8.84616345790221,-0.0107508680579736,0.0045973502282236,0.568541709903529,0.22930084897837,7.09429692464209,-0.00611231690862753,0.00105417631038258,-0.00505814059824495
"261","England and Wales","Males",1875,8.82102294509601,-0.00853702737950194,0.00616871274958597,0.570041210132706,0.227102767513495,7.06976801647792,-0.00486645741834733,0.00140093173742675,-0.00346552568092058
"262","England and Wales","Males",1876,8.815175822595,-0.00469160521500244,0.00789913083329345,0.570765087845108,0.224914095038202,7.05715991284774,-0.00267780446267543,0.00177662586295856,-0.000901178599716876
"263","England and Wales","Males",1877,8.82982403831755,-0.000634399260823511,0.00980355777136274,0.570744713221063,0.222732982019646,7.05757412574334,-0.00036208002418637,0.00218357565681749,0.00182149563263112
"264","England and Wales","Males",1878,8.86226021268325,0.00270653748503591,0.0119056857554007,0.570206283945836,0.220459902942872,7.06921356542552,0.00154328468170244,0.00262472632610397,0.0041680110078064
"265","England and Wales","Males",1879,8.90952957599613,0.00533505000901072,0.0140664291705488,0.56937589614566,0.218025785354669,7.0901973306117,0.00303764887986239,0.00306684426704472,0.00610449314690711
"266","England and Wales","Males",1880,8.96776779262674,0.00729138836000102,0.0156435385131521,0.568420245909189,0.215492062555847,7.1182894434551,0.00414457276461118,0.00337105837987099,0.00751563114448217
"267","England and Wales","Males",1881,9.03279238562719,0.00857308141434272,0.0164401725319716,0.567496902282018,0.212958990963217,7.15122136710709,0.00486519714565104,0.00350108255366987,0.00836627969932091
"268","England and Wales","Males",1882,9.0973579872276,0.00849482793700412,0.0164030353399505,0.566878370636303,0.210484046837492,7.18500664808527,0.00481553421976464,0.00345257725877117,0.00826811147853581
"269","England and Wales","Males",1883,9.15101407866198,0.00638362755535582,0.0154642087627697,0.566923135572207,0.208081959797537,7.21370601678251,0.00361902615000747,0.00321782286607536,0.00683684901608283
"270","England and Wales","Males",1884,9.1833707494131,0.00222735501266101,0.0138147660973965,0.567978732814633,0.205726243005892,7.2312500867542,0.00126509027761952,0.00284205992722255,0.00410715020484207
"271","England and Wales","Males",1885,9.18554310819746,-0.00396557032696492,0.0124284588261786,0.570471644235235,0.203212720993464,7.23222932459772,-0.00226224542475414,0.00252562093582297,0.000263375511068837
"272","England and Wales","Males",1886,9.14916361430664,-0.0121695662783067,0.0115813373822362,0.574876540982613,0.200299106414673,7.21157326922961,-0.00699599816733159,0.00231973152874876,-0.00467626663858283
"273","England and Wales","Males",1887,9.07753768550872,-0.0197703359477063,0.0112183333617943,0.581131654560693,0.196959348103825,7.17132932655188,-0.0114891680405113,0.00220955562575039,-0.00927961241476095
"274","England and Wales","Males",1888,8.99156129471403,-0.0227541560496756,0.0110196689732873,0.588233627667539,0.193514045308884,7.12395786120673,-0.0133847597576139,0.00213246072098561,-0.0112522990366283
"275","England and Wales","Males",1889,8.91396282222536,-0.0207099705247809,0.0109063728109584,0.594983259236146,0.190306278941437,7.08269508137373,-0.0123220857615186,0.00207555122640155,-0.0102465345351171
"276","England and Wales","Males",1890,8.86848356991544,-0.0135426666720938,0.0111691566631986,0.600053369524318,0.187614009136367,7.06092168859811,-0.00812632276893455,0.00209549026025485,-0.0060308325086797
"277","England and Wales","Males",1891,8.88106337026257,-0.00121604599186686,0.0129866207884995,0.60211399823268,0.185505940023968,7.07284220587479,-0.000732198314197782,0.0024090952971054,0.00167689698290761
"278","England and Wales","Males",1892,8.96418103998885,0.0132186379873561,0.0161775200612619,0.600637101754868,0.183871272081097,7.12485182744089,0.00793960440987237,0.00297458119278169,0.0109141856026541
"279","England and Wales","Males",1893,9.09552970249854,0.0227635848764663,0.0185504840798327,0.596872683264671,0.182493578405204,7.20387081632591,0.0135869619859395,0.00338534422087743,0.016972306206817
"280","England and Wales","Males",1894,9.24688175472292,0.0264745008888172,0.0194739290656365,0.592316403781697,0.181208757565078,7.29381815853495,0.0156812811583796,0.00352884649089446,0.019210127649274
"281","England and Wales","Males",1895,9.38839073825513,0.0244385646630099,0.0183031616612464,0.588347714891508,0.17997596132422,7.37800955216343,0.0143783736747102,0.00329412911525544,0.0176725027899657
"282","England and Wales","Males",1896,9.48610558976622,0.0167331216403021,0.012723738086515,0.58606160627469,0.179140647119535,7.43780347631289,0.00980664014650521,0.00227933867459778,0.012085978821103
"283","England and Wales","Males",1897,9.51443652466098,0.00513510604196054,0.0030087713465022,0.58603340401182,0.179112881118648,7.45905952604194,0.0030093436737318,0.000538909704499245,0.00354825337823105
"284","England and Wales","Males",1898,9.48505650563371,-0.00391222326212749,-0.00681438031029238,0.587411004495188,0.180059215995675,7.44754541605537,-0.00229808299621575,-0.00122699197616761,-0.00352507497238336
"285","England and Wales","Males",1899,9.41907800778296,-0.00892952714005245,-0.015509305078609,0.589048072089328,0.182048363916229,7.41393851578122,-0.00525992074651723,-0.00282344361503843,-0.00808336436155566
"286","England and Wales","Males",1900,9.33865886787699,-0.0098791650290436,-0.0224768081060796,0.58983386300793,0.185070652744367,7.36950304819309,-0.00582706607237363,-0.00415979754780202,-0.00998686362017565
"287","England and Wales","Males",1901,9.26818797891857,-0.00672536722700774,-0.0260465747475254,0.588800137876548,0.188855933099738,7.32688534621616,-0.00395989715053258,-0.00491905017799597,-0.00887894732852855
"288","England and Wales","Males",1902,9.22859239853582,-0.000139505098226159,-0.026074372425538,0.585265136945394,0.193066378434497,7.29745551886938,-8.16474704179133e-05,-0.00503408465415093,-0.00511573212456885
"289","England and Wales","Males",1903,9.22087192374486,0.00596456393162118,-0.0234445946311279,0.579863888590032,0.197265097715447,7.28338387369452,0.00345863523513371,-0.00462480025080849,-0.00116616501567478
"290","England and Wales","Males",1904,9.23613879180645,0.0101834131365334,-0.0205285249936878,0.573504932095767,0.201316069341037,7.28192103990659,0.00584023765937076,-0.00413272196109847,0.00170751569827229
"291","England and Wales","Males",1905,9.2648883148418,0.0125752514624695,-0.0181101732190032,0.56696642994902,0.205215611880106,7.28975230220255,0.00712974542738754,-0.00371649027839244,0.0034132551489951
"292","England and Wales","Males",1906,9.29659299736478,0.0132002537553288,-0.0171318326232077,0.560863146843662,0.209136128824859,7.30282980389986,0.00740353586034857,-0.00358288515449309,0.00382065070585548
"293","England and Wales","Males",1907,9.32085313015079,0.0121075400435575,-0.017735922859503,0.555688461200887,0.213284754718543,7.3167685092755,0.0067280202957326,-0.0037828019567961,0.0029452183389365
"294","England and Wales","Males",1908,9.32904554939156,0.00961613355822424,-0.0198640232917869,0.55144944922058,0.217822707727477,7.32547545868296,0.00530281155431429,-0.00432683533977868,0.000975976214535604
"295","England and Wales","Males",1909,9.31326385272763,0.00592324770057423,-0.0235917994347112,0.547894502668969,0.22291210668322,7.32184504197133,0.00324531485309123,-0.00525889771243947,-0.00201358285934824
"296","England and Wales","Males",1910,9.26598187404778,0.00107616629080164,-0.0287838241998263,0.544784722936237,0.228705735288703,7.2989985374357,0.000586278954567688,-0.00658302567804204,-0.00599674672347435
"297","England and Wales","Males",1911,9.18068949735473,-0.0048577844857949,-0.0351454484214819,0.541894280379707,0.235315088765326,7.25057622123977,-0.00263240562816954,-0.0082702543149982,-0.0109026599431677
"298","England and Wales","Males",1912,9.05321079323123,-0.0116591841450017,-0.0421916305533198,0.53900937434565,0.242784079794926,7.17165450940619,-0.00628440955137808,-0.0102434561989352,-0.0165278657503133
"299","England and Wales","Males",1913,8.89378625746968,-0.0163690121011128,-0.0489603587386679,0.535695860451562,0.251313969221869,7.06891191747013,-0.00876881202224766,-0.0123044220891413,-0.0210732341113889
"300","England and Wales","Males",1914,8.72683388871165,-0.016463417981544,-0.0529401465407879,0.531534533883636,0.26089379228121,6.9599813011096,-0.00875087520295143,-0.0138117555949491,-0.0225626307979006
"301","England and Wales","Males",1915,8.57556057667091,-0.0118867114273984,-0.0539768271792329,0.526152254670086,0.271489405875008,6.86207366821541,-0.00625422001813837,-0.0146541367419079,-0.0209083567600463
"302","England and Wales","Males",1916,8.46116592890123,-0.00265190444333552,-0.0521898023016557,0.519198649650265,0.283088488849384,6.7913944595127,-0.00137686520598134,-0.0147743322669238,-0.0161511974729051
"303","England and Wales","Males",1917,8.4054357175907,0.0111174155486047,-0.046542829730696,0.510498956835673,0.295394187755698,6.76433951500221,0.0056754290402714,-0.0137484813841507,-0.0080730523438793
"304","England and Wales","Males",1918,8.41277002852597,0.0247695483984738,-0.0376416261254849,0.500568583040968,0.307594828572221,6.78351720546268,0.0123988577443887,-0.0115783695352482,0.000820488209140546
"305","England and Wales","Males",1919,8.46500511135934,0.0322032026591388,-0.0271076899953822,0.490710257853078,0.318380431397175,6.83359990299479,0.0158024418805609,-0.00863055803491065,0.00717188384565028
"306","England and Wales","Males",1920,8.54446833015794,0.0330161603456044,-0.0151930092208841,0.482272670658745,0.32635512131896,6.89914659772219,0.015922791824772,-0.00495831636748172,0.0109644754572903
"307","England and Wales","Males",1921,8.63238025569667,0.0272234016931114,-0.00278460599689031,0.476468623120883,0.33034854942103,6.96414822553857,0.0129710967213835,-0.000919890551781814,0.0120512061696017
"308","England and Wales","Males",1922,8.69880561368337,0.0148659044400324,0.00587748735332146,0.473895784889465,0.330420307663844,7.0067221106001,0.00704488945270093,0.00194204117957483,0.00898693063227576
"309","England and Wales","Males",1923,8.7225683857519,-0.000281705190348495,0.00983240829323796,0.474369187940743,0.327489597614542,7.0131936767944,-0.000133632262384308,0.00322001143553439,0.00308637917315008
"310","England and Wales","Males",1924,8.70995630502319,-0.0106452035195077,0.0098203413909282,0.476569229317352,0.323281918353966,6.99140816804621,-0.00507317643721813,0.00317473880375012,-0.00189843763346801
"311","England and Wales","Males",1925,8.67858282973206,-0.0153261134905258,0.00900904445711281,0.479468066029048,0.318758115936696,6.95595994540411,-0.00734838199504413,0.00287170603753922,-0.00447667595750491
"312","England and Wales","Males",1926,8.64944746626242,-0.0143340245282298,0.00870236157071955,0.482225307760411,0.314504141542279,6.92311551031357,-0.00691222938957089,0.00273692875518967,-0.00417530063438122
"313","England and Wales","Males",1927,8.64825543474651,-0.00767449652677911,0.0109234638082615,0.484269397901544,0.310565318993416,6.91149765782772,-0.00371652381222082,0.00339244902212575,-0.000324074790095061
"314","England and Wales","Males",1928,8.69519662351247,0.00263925202952051,0.0163038913992178,0.485416544031688,0.30657499343717,6.93484289308087,0.00128113659899847,0.00499836539871552,0.00627950199771398
"315","England and Wales","Males",1929,8.78764926807771,0.0102289717298452,0.0245081699152007,0.486397690976165,0.301482723632707,6.98885599750358,0.00497534823045718,0.00738878981728789,0.0123641380477451
"316","England and Wales","Males",1930,8.91365695512286,0.0138302152829175,0.0334637129938904,0.487847044881408,0.294659231171754,7.06312381276581,0.006747029655845,0.00986039194293197,0.016607421598777
"317","England and Wales","Males",1931,9.05949491720221,0.013425954433573,0.04281872818588,0.490324934322017,0.28563100114895,7.14624740288716,0.00658308022585206,0.0122303561996577,0.0188134364255097
"318","England and Wales","Males",1932,9.20699375325846,0.00899606711332831,0.0513474887209156,0.494215034879955,0.274307671374835,7.22454648314071,0.00444599162219597,0.01408501006198,0.0185310016841759
"319","England and Wales","Males",1933,9.32627884807166,0.00148762194626724,0.052696102872683,0.499058548685541,0.262216036041363,7.27976752841712,0.000742410449496886,0.0138177632101028,0.0145601736595997
"320","England and Wales","Males",1934,9.40407873081867,-0.00421820850046876,0.0452006657779118,0.503683546956397,0.251597591437772,7.30794284298387,-0.00212464221931773,0.0113723786411063,0.00924773642178861
"321","England and Wales","Males",1935,9.44659018638982,-0.00655942771973817,0.0338785857829606,0.507368086263685,0.243508320907107,7.31670847788674,-0.00332804428914852,0.00824971753871611,0.00492167324956759
"322","England and Wales","Males",1936,9.46458970131784,-0.00553022312325585,0.0202853906948157,0.509590074835273,0.238591348310331,7.31587826467539,-0.0028181468152357,0.00483991871687792,0.00202177190164221
"323","England and Wales","Males",1937,9.47330640035025,-0.00113855883728966,0.00672194849608568,0.510048185081477,0.237037573838563,7.31725646954252,-0.000580719868568067,0.00159335436297993,0.00101263449441186
"324","England and Wales","Males",1938,9.50132507156453,0.0061980025053064,0.00142020979332887,0.509250085804482,0.237382045046188,7.33830469497053,0.00315633330764368,0.000337132305135032,0.00349346561277871
"325","England and Wales","Males",1939,9.56399515478259,0.0131014164723445,0.0047672395862408,0.50804004178278,0.237766183008581,7.38530345841185,0.00665604417202349,0.00113348835990788,0.00778953253193137
"326","England and Wales","Males",1940,9.65619571591895,0.0179044427288725,0.00954126499551051,0.506706593152979,0.237647124653986,7.45237228176341,0.00907229917744961,0.0022674541917448,0.0113397533691944
"327","England and Wales","Males",1941,9.76933351580962,0.0206042924652752,0.0139731600602926,0.505374947305284,0.23685305602967,7.53198483234912,0.0104128932189011,0.00330958566267202,0.0137224788815732
"328","England and Wales","Males",1942,9.89349636856003,0.0211997190232719,0.0175603794586747,0.504143477551841,0.235327327177684,7.61603940147686,0.0106877000715142,0.00413243716223582,0.01482013723375
"329","England and Wales","Males",1943,10.0138289926473,0.0197121222241578,0.0180695228614371,0.502927791630799,0.23348824433608,7.69430386756205,0.00991377409855209,0.00421902116890761,0.0141327952674597
"330","England and Wales","Males",1944,10.1155164888993,0.0166742554873131,0.0147224952560364,0.501640496466661,0.231994299178964,7.75846000374263,0.0083644818008677,0.00341553496908978,0.0117800167699575
"331","England and Wales","Males",1945,10.1842831641823,0.012512054195666,0.00708195515740081,0.500185448708241,0.231645439770475,7.80185045578992,0.00625834744212102,0.0016405026168709,0.00789885005899192
"332","England and Wales","Males",1946,10.2039134613748,0.00725339171805218,-0.00576620996537044,0.498358964669442,0.233434733688847,7.81690997523018,0.00361479278695039,-0.00134603368766023,0.00226875909929016
"333","England and Wales","Males",1947,10.1615095214427,0.000912968738355146,-0.0221537805512412,0.496069750544329,0.238070346178777,7.79746927661726,0.000452896174290608,-0.00527415820500265,-0.00482126203071204
"334","England and Wales","Males",1948,10.0579465761765,-0.00644468859540347,-0.0357211029857615,0.493777996241649,0.24502431443594,7.74362072684458,-0.00318224542103973,-0.00875253876998182,-0.0119347841910216
"335","England and Wales","Males",1949,9.90656799683743,-0.0128854100019348,-0.0449043080474644,0.491724870046833,0.253590386688478,7.66242053511333,-0.00633607655870154,-0.0113873008417351,-0.0177233774004366
"336","England and Wales","Males",1950,9.73046897228221,-0.0161696409412852,-0.0497386731342234,0.489739105256158,0.263202218402391,7.56696128181771,-0.00791890548689833,-0.013091329109319,-0.0210102345962173
"337","England and Wales","Males",1951,9.55399056367823,-0.0161638703981708,-0.0497452569550657,0.487703159918044,0.273125271523629,7.47118966887613,-0.00788317066969365,-0.013586686812865,-0.0214698574825587
"338","England and Wales","Males",1952,9.39741530660431,-0.0128508315367209,-0.0464981034416729,0.48535559415398,0.282913002069258,7.38732002096198,-0.00623722297587789,-0.0131549180352106,-0.0193921410110885
"339","England and Wales","Males",1953,9.27018239402609,-0.00623995573653176,-0.0443442217116789,0.481950764992393,0.293140145808798,7.32235625460185,-0.00300735144074016,-0.0129990716183392,-0.0160064230590794
"340","England and Wales","Males",1954,9.17120714440587,0.0016153037926781,-0.0440113308608502,0.477008021550575,0.304416946728476,7.2766335224496,0.000770512866348521,-0.0133977949621168,-0.0126272820957683
"341","England and Wales","Males",1955,9.0874686383563,0.00710779947099972,-0.0447335803977253,0.47079296996884,0.316826460967298,7.24195090310355,0.00334630202289491,-0.0141727819638074,-0.0108264799409125
"342","England and Wales","Males",1956,9.01014766639416,0.00987468152944576,-0.0445360181308716,0.463892319250242,0.329881587889442,7.21191267503171,0.00458078891655212,-0.0146916123792849,-0.0101108234627328
"343","England and Wales","Males",1957,8.93235447993093,0.00991990278439352,-0.0431379795678957,0.456950847212808,0.342949667501497,7.1810538376981,0.00453290798159731,-0.0147941557494962,-0.0102612477678989
"344","England and Wales","Males",1958,8.84759992925806,0.00724638990014174,-0.040871633540181,0.450588917746485,0.355417270882986,7.14407490499566,0.00326514298267393,-0.0145264844493806,-0.0112613414667067
"345","England and Wales","Males",1959,8.75200375891564,0.00286805679816886,-0.0383923143287484,0.445186220865665,0.366937636562353,7.09783927343993,0.00127681936720487,-0.0140875850819499,-0.0128107657147451
"346","England and Wales","Males",1960,8.6500909199754,-0.000443623667345444,-0.0360342018508975,0.440625241703168,0.377614625808409,7.04584773341068,-0.000195471785649332,-0.0136070416482313,-0.0138025134338807
"347","England and Wales","Males",1961,8.54547886373352,-0.00222466214704494,-0.0344623586457758,0.436605597801518,0.387837833211027,6.99145885284906,-0.000971299946616964,-0.013365806504519,-0.014337106451136
"348","England and Wales","Males",1962,8.44096504938739,-0.00247673853494711,-0.0337399992184145,0.43279654198297,0.398051785402358,6.93751787214993,-0.00107192387332108,-0.0134302669283641,-0.0145021908016851
"349","England and Wales","Males",1963,8.33733587223834,-0.00119989180535852,-0.0343638311733723,0.4287683231702,0.408888612624967,6.88565933342227,-0.000514475597369236,-0.0140509792529588,-0.014565454850328
"350","England and Wales","Males",1964,8.22735742207208,0.00123981363552472,-0.0384799452250833,0.423757572349034,0.421639378042303,6.83234916339087,0.000525380416355186,-0.016224660171806,-0.0156992797554508
"351","England and Wales","Males",1965,8.09836202815496,0.00326642979549556,-0.0460809599572246,0.417076380970798,0.437399477794312,6.76853130908942,0.00136235071780047,-0.0201557878215506,-0.0187934371037502
"352","England and Wales","Males",1966,7.93949193308465,0.00447358552173856,-0.0559554794590634,0.408223001967662,0.456879958985105,6.68524201845852,0.00182622051124319,-0.0255649371602488,-0.0237387166490056
"353","England and Wales","Males",1967,7.74723633736976,0.00490568367936301,-0.0656838249584181,0.397078579953223,0.480038442257023,6.5775615549235,0.00194794190910116,-0.031530761014522,-0.0295828191054208
"354","England and Wales","Males",1968,7.52272395909477,0.00462955403955632,-0.0740410578066557,0.383771277838414,0.506389587848089,6.44344384198084,0.00177668986958252,-0.0374936207465489,-0.0357169308769664
"355","England and Wales","Males",1969,7.27429200233438,0.00387028404116918,-0.0793358633696375,0.36880463972513,0.534814480643401,6.28610036068907,0.00142737871143732,-0.0424299685644285,-0.0410025898529912
"356","England and Wales","Males",1970,7.01323187557294,0.00366135413002567,-0.0817381083912897,0.352750750844015,0.564426669489158,6.11346273878018,0.00129154541847239,-0.0461351682896394,-0.044843622871167
"357","England and Wales","Males",1971,6.75090104255908,0.0043733883430149,-0.0815427269644433,0.336178714043248,0.594480588564475,5.93476962480193,0.00147024006916648,-0.0484755683189746,-0.0470053282498081
"358","England and Wales","Males",1972,6.50046645629137,0.00591705190019069,-0.0780839924640593,0.319801177710826,0.623907060623201,5.76069179351455,0.00189228016625707,-0.0487171542199754,-0.0468248740537183
"359","England and Wales","Males",1973,6.27581837244916,0.00818755677784643,-0.0709665285339449,0.304403454253794,0.651420860989439,5.6026827370608,0.00249232056507552,-0.046229077119014,-0.0437367565539384
"360","England and Wales","Males",1974,6.09964243157808,0.0110106644586963,-0.057350080290266,0.291271111123454,0.674592384366931,5.47859224960171,0.00320708847109199,-0.0386879274066455,-0.0354808389355535
"361","England and Wales","Males",1975,5.9922427854312,0.0135436330015892,-0.037540817364953,0.281622560184485,0.690872150680529,5.40407616563903,0.00381419260010664,-0.0259359052312301,-0.0221217126311234
"362","England and Wales","Males",1976,5.96488361902215,0.0153020528484792,-0.0141962462833138,0.276153008979543,0.698632645140747,5.38774830116812,0.00422570793767151,-0.009917961091981,-0.00569225315430949
"363","England and Wales","Males",1977,5.99988604903126,0.0163319250588862,0.00388534814250669,0.27391957914105,0.699684157287223,5.41686296738758,0.00447363403869327,0.00271851654085727,0.00719215057955054
"364","England and Wales","Males",1978,6.07484928893042,0.0166550572937756,0.0152999174072327,0.273744359906254,0.696407387768196,5.47461834171405,0.00455922799808658,0.0106549755146401,0.0152142035127267
"365","England and Wales","Males",1979,6.17136120246363,0.0162863452999286,0.021366501734284,0.274710953757687,0.690691587331614,5.54694677352732,0.00447403745057041,0.0147576629985763,0.0192317004491467
"366","England and Wales","Males",1980,6.28638258546725,0.0157005723852501,0.0264795429045634,0.276663002648358,0.682860617806937,5.63121122991527,0.00434376749940119,0.0180818370270554,0.0224256045264566
"367","England and Wales","Males",1981,6.42044823315559,0.0154016739526274,0.0314937767353611,0.279549119484287,0.673035812878279,5.72776905958669,0.00430552439204108,0.0211964396256908,0.0255019640177319
"368","England and Wales","Males",1982,6.56951718918688,0.0154338878231883,0.0351174962308199,0.283081172424955,0.661846427906527,5.83385847364071,0.00436904306006337,0.0232423894373891,0.0276114324974525
"369","England and Wales","Males",1983,6.72753613109431,0.0158234079060007,0.036826837502263,0.286877585963979,0.650127252117167,5.94553203488554,0.00453938106179683,0.0239421306695117,0.0284815117313085
"370","England and Wales","Males",1984,6.88662006960257,0.0165897173038494,0.0361655367162884,0.290479798947884,0.63888571244073,6.05789890176426,0.0048189777470244,0.0231056446907873,0.0279246224378117
"371","England and Wales","Males",1985,7.03449317727682,0.0175090572287578,0.0321096367327155,0.29326777921663,0.629445574308443,6.1631404894338,0.0051348423296547,0.0202112687340596,0.0253461110637143
"372","England and Wales","Males",1986,7.15906768574983,0.0182017879604306,0.0250006341836036,0.294712337961655,0.622882207909895,6.25327382696882,0.00536429148490081,0.0155724502194306,0.0209367417043314
"373","England and Wales","Males",1987,7.26104126803431,0.0186126966816866,0.0183820695056169,0.294916387480494,0.618903119880275,6.32859675327039,0.00548918926663318,0.0113767201668824,0.0168659094335156
"374","England and Wales","Males",1988,7.34543474155117,0.018725095845379,0.0133949052775451,0.294179065413217,0.616785855792412,6.39199595448533,0.0055085311955665,0.00826178811486896,0.0137703193104355
"375","England and Wales","Males",1989,7.42011859010647,0.0185245555195512,0.0107330365679486,0.292915098764441,0.615548895564057,6.44801353693819,0.00542612200957672,0.00660670880544938,0.0120328308150261
"376","England and Wales","Males",1990,7.50213140467658,0.0182341629008765,0.0125625309760558,0.291881863303471,0.613438226496297,6.50713860691654,0.00532222144328685,0.00770633672225644,0.0130285581655433
"377","England and Wales","Males",1991,7.61315526895928,0.0184112966101151,0.0196438606320762,0.291893803209904,0.608529451475316,6.5831241317976,0.00537414338955211,0.0119538677352949,0.017328011124847
"378","England and Wales","Males",1992,7.77168995727798,0.0191191061425583,0.0309506591727126,0.293557525603582,0.599317187700599,6.68727026809961,0.00561255749096168,0.0185492620128699,0.0241618195038316
"379","England and Wales","Males",1993,7.97425526341337,0.0203455887245548,0.0408341104756367,0.29650018159753,0.586462463359903,6.81657773788029,0.00603247075153915,0.0239476730186523,0.0299801437701915
"380","England and Wales","Males",1994,8.2135095532578,0.0220840324015227,0.0483669148347055,0.300196664733144,0.570990834593222,6.96563627222365,0.00662955287079581,0.0276170650681677,0.0342466179389636
"381","England and Wales","Males",1995,8.49296578629199,0.0241870712756839,0.056355403358307,0.304616824340882,0.552875760487003,7.13565831944662,0.0073677888421054,0.0311575364892758,0.0385253253313812
"382","England and Wales","Males",1996,8.81921293416491,0.0261604985644363,0.0658283075835612,0.309962575916785,0.531704362254312,7.32935218637785,0.00810877552230003,0.0350011983019981,0.0431099738242982
"383","England and Wales","Males",1997,9.19501802995647,0.0279293158425593,0.0759598073071864,0.316267474675389,0.507428575268195,7.54673695690653,0.00883313419093756,0.0385441767995322,0.0473773109904698
"384","England and Wales","Males",1998,9.60044632074782,0.0295558941370123,0.0812518213619466,0.322691778010348,0.482003020487905,7.77537367530576,0.0095374440297581,0.0391636233166019,0.04870106734636
"385","England and Wales","Males",1999,10.001860265225,0.0310976873916181,0.0783168675952513,0.327984432172981,0.458403322429817,7.99708754318152,0.0101995573410327,0.0359007123079593,0.046100269648992
"386","England and Wales","Males",2000,10.3635741155999,0.032559019274621,0.0665054071408501,0.330990913129389,0.43951283847775,8.19480437319582,0.0107767395203042,0.0292299802665934,0.0400067197868976
"387","England and Wales","Males",2001,10.6777198816291,0.033778756628715,0.0528205178345217,0.331727493905112,0.42564985082816,8.36679580226052,0.0112053422836743,0.0224830455369303,0.0336883878206047
"388","England and Wales","Males",2002,10.9467671731581,0.0347286741946439,0.0399999779177869,0.330600857668142,0.416269296188113,8.51633688536442,0.0114813294744267,0.0166507626553772,0.0281320921298039
"389","England and Wales","Males",2003,11.1753713541345,0.0354528169863948,0.0287028333882865,0.328052279617216,0.410713611576478,8.6473499004439,0.0116303774312388,0.0117886443633811,0.0234190217946198
"390","England and Wales","Males",2004,11.3706251352147,0.0359914220908952,0.0195879648559352,0.324547701734804,0.40820404433454,8.76452096949755,0.0116809333217673,0.00799588647447556,0.0196768197962429
"391","England and Wales","Males",2005,11.5405211677701,0.0363476342487342,0.0128655051441539,0.32051640628933,0.407950043992793,8.87248519616939,0.0116500131065233,0.00524848338954709,0.0168984964960704
"392","England and Wales","Males",2006,11.6886946776637,0.0362505132442218,0.00760321922186089,0.316150450879618,0.409411261548798,8.97222425055072,0.0114606161067783,0.00311284357345413,0.0145734596802324
"393","England and Wales","Males",2007,11.82022551477,0.0354976888630877,0.00421624797076736,0.311639572908602,0.411878071082693,9.0644216340818,0.0110624845965351,0.00173658008140598,0.0127990646779411
"394","England and Wales","Males",2008,11.9511375603696,0.0340487733367856,0.00510795524449622,0.307468962998427,0.413859927907001,9.1546798901647,0.01046894102923,0.00211397798923939,0.0125829190184693
"395","England and Wales","Males",2009,12.1016424443159,0.0318721526644302,0.0109668403752585,0.304206794645276,0.413625704178836,9.25039212785388,0.0096957254004912,0.0045361670728332,0.0142318924733244
"396","England and Wales","Males",2010,12.2914096683368,0.0289340195762595,0.0215074527720703,0.302379316026457,0.409555996948409,9.35850509376927,0.00874904904936546,0.00880850626188609,0.0175575553112516
"397","England and Wales","Males",2011,12.5321289829569,0.0253226715667751,0.0350073845146346,0.302376666179793,0.400739310373029,9.48328171181713,0.0076569850071273,0.0140288351283581,0.0216858201354854
"398","England and Wales","Males",2012,12.8351506009386,0.0211841162517193,0.0517226331686238,0.304634810112799,0.386404149901874,9.62944687799225,0.00645341923174997,0.0199858401002086,0.0264392593319586
"399","England and Wales","Males",2013,13.2114287839779,0.0165904116552496,0.0722943804563416,0.309553827098809,0.365851248089909,9.80079152080912,0.00513562542102721,0.0264489893198393,0.0315846147408665
"400","England and Wales","Males",2014,13.6617423365543,0.0116154114658789,0.0956401885170426,0.317282935772926,0.339106064776334,9.99604432712353,0.00368537185010458,0.0324321679624811,0.0361175398125857
"401","England and Wales","Males",2015,14.1810261503334,0.00637650110519656,0.12211468123005,0.327853580247283,0.306589362457628,10.2113563177277,0.00209055871678945,0.0374390622650376,0.0395296209818271
"402","England and Wales","Males",2016,14.7604285336423,0.0032806346042561,0.150482267696387,0.340613616866196,0.269738064096236,10.4429260651208,0.00111742881817207,0.040590795569235,0.0417082243874071
"403","England and Wales","Males",2017,15.4001094859915,0.00550424929813649,0.180574813896837,0.354195134621454,0.230564604156525,10.6928936704983,0.0019495783211435,0.0416341604867624,0.0435837388079059
"404","England and Wales","Males",2018,16.1096071757435,0.0131915292696768,0.214807930646588,0.367241527661244,0.19077558012337,10.9676932163413,0.00484447736118412,0.0409801075842033,0.0458245849453874
"405","England and Wales","Males",2019,16.853179871264,0.0134576113760544,0.268659442213123,0.388327030008383,0.150397224492878,11.3112251235687,0.00522595425667024,0.0404056344426585,0.0456315886993287
"406","England and Wales","Males",2020,18.0015201704893,0.0239949887083218,0.531554711315208,0.407190425137688,0.0916929040179669,11.7342903467107,0.00977052965331558,0.0487397951249234,0.058510324778239
"407","England and Wales","Males",2021,18.2120189968892,0.0234761993563168,0.0404981382117674,0.406963637381791,0.0889074962091192,11.8480696970042,0.00955395948194675,0.0036005880695391,0.0131545475514859
"408","England and Wales","Males",2022,18.2378775508175,0.0228963696152521,-0.077908722304682,0.403356999191327,0.0965567257960899,11.9029997024271,0.00923541094038355,-0.00752261113669689,0.00171279980368666
"409","England and Wales","Males",2023,18.2602284220784,0.0223102001746805,-0.0709926696150671,0.399938986953625,0.104124479086177,11.9562506019008,0.00892271885659432,-0.00739207474260592,0.0015306441139884
"410","England and Wales","Males",2024,18.2792077061612,0.0217137845382485,-0.0651053989345291,0.396669777436252,0.111606723201794,12.0076386301809,0.00861320208008576,-0.00726620023782836,0.0013470018422574
"411","England and Wales","Males",2025,18.2951635451048,0.0211531314339852,-0.0600339799317911,0.393532456700595,0.119001315401724,12.0572034116568,0.00832444378012676,-0.00714412258068385,0.00118032119944291
"412","England and Wales","Males",2026,18.3082427075082,0.0205970838889734,-0.0556204689653206,0.390514641654648,0.126305146322643,12.1048722198902,0.00804346283403318,-0.00702515147119881,0.00101831136283436
"413","England and Wales","Males",2027,18.3184035605618,0.0200127936037116,-0.0517452307909571,0.387595032531313,0.133513732860583,12.1504519745291,0.00775685938787304,-0.00690869892063307,0.000848160467239974
"414","England and Wales","Males",2028,18.3261181508907,0.0194883810466703,-0.0483159851521185,0.38475330975187,0.140626372399763,12.1941042321432,0.007498219109412,-0.00679450172086326,0.000703717388548744
"415","England and Wales","Males",2029,18.3313853495806,0.0189516940764367,-0.045260409189745,0.381982644994151,0.147639528665276,12.2357172695843,0.00723921823043728,-0.00668222547997149,0.000556992750465798
"416","England and Wales","Males",2030,18.3344622003817,0.0184381937234319,-0.0425210178003966,0.379266769539039,0.154551214818393,12.2753126642863,0.00699299416962099,-0.00657167495636583,0.000421319213255169
"417","England and Wales","Males",2031,18.3354870932803,0.0179466538245732,-0.0400515433793112,0.376587088901837,0.161359280975845,12.3128878968517,0.00675847811932505,-0.00646268824165852,0.000295789877666533
"418","England and Wales","Males",2032,18.334746843926,0.017484343401426,-0.0378143263931196,0.373937578548056,0.16806313989959,12.3485480312429,0.00653805303403193,-0.00635519442681563,0.000182858607216296
"419","England and Wales","Males",2033,18.3324196236342,0.0170487037506912,-0.0357784020941956,0.371308854658489,0.17466191509622,12.3823557493123,0.00633033466308105,-0.0062491242288548,8.12104342262461e-05
"420","England and Wales","Males",2034,18.3286914577282,0.0166353787110712,-0.0339180759002236,0.368691645586226,0.18115481365521,12.4143648537041,0.0061333251519349,-0.00614442271924829,-1.10975673133862e-05
"421","England and Wales","Males",2035,18.3237589673667,0.0162528026112287,-0.032211847755372,0.366077374739934,0.187541862312743,12.4446710941894,0.00594978331208495,-0.006041069916577,-9.1286604492047e-05
"422","England and Wales","Males",2036,18.3178753732291,0.0159075747597253,-0.030641589636937,0.363458539044211,0.193823933979545,12.4734080353983,0.00578174388190634,-0.00593907344681799,-0.000157329564911655
"423","England and Wales","Males",2037,18.3111015009568,0.015573065597941,-0.0291919093172323,0.360831754822188,0.200000443242757,12.5005982650357,0.0056192565876661,-0.00583839480254882,-0.000219138214882723
"424","England and Wales","Males",2038,18.3037817282124,0.0152954857794925,-0.0278496529576614,0.358195291379909,0.206075056002644,12.5265165390911,0.00547877098558257,-0.00573911879290427,-0.000260347807321705
"425","England and Wales","Males",2039,18.2958677220509,0.0150049788342873,-0.0266035124284285,0.355538618074467,0.212045394718235,12.5510475724184,0.00533484943897914,-0.00564115229377759,-0.000306302854798449
"426","England and Wales","Males",2040,18.2875185021336,0.0147454185897923,-0.0254437124994042,0.35285861351393,0.217912907980505,12.5743059549104,0.00520304795927665,-0.00554451338056508,-0.000341465421288429
"427","England and Wales","Males",2041,18.2789945549523,0.0145346757801091,-0.0243617595685428,0.350161911969238,0.223682138893453,12.5965668605322,0.00508948986101597,-0.0054492904874997,-0.000359800626483733
"428","England and Wales","Males",2042,18.270383988609,0.0143405063798917,-0.0233502382514221,0.347443753988898,0.22935428250679,12.6178936709049,0.00498251937073133,-0.00535547714051753,-0.000372957769786199
"429","England and Wales","Males",2043,18.2617886386478,0.0141660436014127,-0.0224026455225685,0.344703608126959,0.234931297798929,12.6383838678538,0.00488308634229078,-0.00526308258674637,-0.000379996244455595
"430","England and Wales","Males",2044,18.2532891692862,0.0140062245614898,-0.0215132545615438,0.341940395129314,0.240414865829226,12.6581108605769,0.00478929396082571,-0.00517210620896354,-0.000382812248137828
"431","England and Wales","Males",2045,18.2449864746373,0.0138681853237975,-0.0206770022765689,0.339161299408891,0.24580800910354,12.6772103893288,0.00470355175486247,-0.00508257276383277,-0.0003790210089703
"432","England and Wales","Males",2046,18.2370985606201,0.0137858370748407,-0.0198893958368418,0.336372948220286,0.251116896715605,12.6959659641256,0.00463718266054869,-0.004994563360096,-0.000357380699547304
"433","England and Wales","Males",2047,18.2296123625445,0.0136932216624664,-0.0191464345680818,0.333579543321049,0.256342422257224,12.7143776402754,0.00456777862875943,-0.00490804341477152,-0.000340264786012089
"434","England and Wales","Males",2048,18.2225246061664,0.0136106551439018,-0.0184445443435731,0.330774140708115,0.261485265046731,12.7324353587755,0.0045020527596986,-0.0048229765663454,-0.0003209238066468
"435","England and Wales","Males",2049,18.2159356639226,0.0135496261725034,-0.0177805221988904,0.327966775348696,0.266549480534014,12.7502915882515,0.00444382720297622,-0.00473938895573774,-0.00029556175276152
"436","England and Wales","Males",2050,18.2099327928375,0.0135197704823121,-0.0171514893586069,0.325169692142675,0.271539764858315,12.7681188545791,0.00439621960557306,-0.00465731138740599,-0.000261091781832938
"437","England and Wales","Males",2051,18.2045091023709,0.0134936065522729,-0.0165548512211566,0.322378719267858,0.276457285416063,12.7859157350742,0.00435005159862611,-0.00457670922906775,-0.000226657630441645
"438","England and Wales","Males",2052,18.1995932710239,0.0134477534585416,-0.01598826312827,0.319588130800226,0.281301064866905,12.8035841557055,0.0042977423912776,-0.00449751544335463,-0.000199773052077036
"439","England and Wales","Males",2053,18.1953376626489,0.0134402764673752,-0.015449600966311,0.316821690381316,0.286078359155693,12.821401902381,0.00425817110958604,-0.00441979649405247,-0.000161625384466426
"440","England and Wales","Males",2054,18.1917811412551,0.0134457073117777,-0.0149369358220354,0.314089014243582,0.290792666311909,12.8394650218383,0.00422314895536399,-0.00434355139421955,-0.000120402438855564
"441","England and Wales","Males",2055,18.1888039898119,0.0134332109555664,-0.0144485120550612,0.311373617840997,0.295441357773419,12.857598510368,0.00418274749445604,-0.0042686880193529,-8.59405248968617e-05
"442","England and Wales","Males",2056,18.1864295382535,0.013436986224576,-0.0139827282614524,0.308676063678571,0.300027051468013,12.8758634442351,0.00414767601550529,-0.00419519673176202,-4.75207162567264e-05
"443","England and Wales","Males",2057,18.1847063709012,0.0134199645584282,-0.0135381206932514,0.306022336407356,0.304553765378828,12.8943777887789,0.00410680890867412,-0.00412308563328275,-1.62767246086265e-05
"444","England and Wales","Males",2058,18.1836297896478,0.0134299718879438,-0.0131133487720603,0.30340485438512,0.309023063147184,12.91315176195,0.00407471866505783,-0.00405232720565943,2.23914593984065e-05
"445","England and Wales","Males",2059,18.1831438607677,0.0134433794773537,-0.0127071823944837,0.30081353027208,0.313434503199042,12.9321134282042,0.00404395043936999,-0.00398286940087461,6.10810384953824e-05
"446","England and Wales","Males",2060,18.1832203757005,0.0134379743690288,-0.0123184907760637,0.298251813921319,0.317788639548838,12.951236023696,0.00400790023099102,-0.00391467642502019,9.3223805970836e-05
"447","England and Wales","Males",2061,18.1838724168412,0.0134514789751658,-0.0119462326204777,0.295717727980347,0.322087608624188,12.9705587233994,0.00397784080051143,-0.00384773349679792,0.000130107303713511
"448","England and Wales","Males",2062,18.1850627334205,0.0134579350575369,-0.0115894474338914,0.293207674090607,0.326331470700996,12.9900371318826,0.00394596983628283,-0.00378200142571367,0.000163968410569161
"449","England and Wales","Males",2063,18.1867639982382,0.0134506411511039,-0.0112472478318023,0.290722300039268,0.330520601104054,13.0096421417994,0.00391040133245176,-0.00371744711413355,0.000192954218318208
"450","England and Wales","Males",2064,18.1889703132487,0.0134571086826,-0.0109188127085215,0.288257775100678,0.334656263846267,13.0293813292893,0.00387911620813429,-0.00365404906667092,0.000225067141463366
"451","England and Wales","Males",2065,18.1916964061517,0.0134471417475613,-0.0106033811585281,0.285826040716741,0.338740730351833,13.0493015196186,0.00384354328466225,-0.00359179707783868,0.000251746206823565
"452","England and Wales","Males",2066,18.1949053980281,0.0134570432672331,-0.0103002470548627,0.283414921561409,0.342773791896443,13.0693538019336,0.00381392686203135,-0.00353065474046547,0.000283272121565878
"453","England and Wales","Males",2067,18.1985858454517,0.0134567626966038,-0.0100087542031782,0.281026894557594,0.346756379676691,13.0895350217128,0.00378171223142504,-0.00347059937256793,0.000311112858857105
"454","England and Wales","Males",2068,18.2027254500372,0.0134569294907722,-0.00972829200137205,0.278661229744215,0.350689349325367,13.1098400233357,0.00374992452047976,-0.00341160839200833,0.000338316128471428
